name,inChampions,num,accuracy,basePower,category,pp,priority,flags,boosts,target,type,zMove,contestType,desc,shortDesc,critRatio,isZ,isNonstandard,drain,secondary,basePowerCallback,condition,volatileStatus,self,multihit,callsMove,sideCondition,hasCrashDamage,stallingMove,selfSwitch,ignoreImmunity,overrideOffensiveStat,maxMove,recoil,weather,ignoreEvasion,ignoreDefensive,forceSwitch,selfBoost,nonGhostTarget,status,smartTarget,damage,terrain,hasSheerForceBoost,selfdestruct,pseudoWeather,onDamagePriority,breaksProtect,secondaries,ohko,willCrit,overrideOffensivePokemon,isMax,ignoreAbility,slotCondition,heal,realMove,thawsTarget,mindBlownRecoil,multiaccuracy,overrideDefensiveStat,noPPBoosts,sleepUsable,tracksTarget,stealsBoosts,struggleRecoil
"10,000,000 Volt Thunderbolt",,719,TRUE,195,Special,1,0,{},,normal,Electric,,Cool,Has a very high chance for a critical hit.,Very high critical hit ratio.,3,pikashuniumz,Past,,,,,,,,,,,,,,,,,,,,,,,,,,,,,,,,,,,,,,,,,,,,,,,,,
Absorb,,71,100,20,Special,25,0,"{'protect': 1, 'mirror': 1, 'heal': 1, 'metronome': 1}",,normal,Grass,,Clever,"The user recovers 1/2 the HP lost by the target, rounded half up. If Big Root is held by the user, the HP recovered is 1.3x normal, rounded half down.",User recovers 50% of the damage dealt.,,,,"[1, 2]",,,,,,,,,,,,,,,,,,,,,,,,,,,,,,,,,,,,,,,,,,,,,,,,
Accelerock,,709,100,40,Physical,20,1,"{'contact': 1, 'protect': 1, 'mirror': 1, 'metronome': 1}",,normal,Rock,,Cool,No additional effect.,Usually goes first.,,,,,,,,,,,,,,,,,,,,,,,,,,,,,,,,,,,,,,,,,,,,,,,,,,,,
Acid,,51,100,40,Special,30,0,"{'protect': 1, 'mirror': 1, 'metronome': 1}",,allAdjacentFoes,Poison,,Clever,Has a 10% chance to lower the target's Special Defense by 1 stage.,10% chance to lower the foe(s) Sp. Def by 1.,,,,,"{'chance': 10, 'boosts': {'spd': -1}}",,,,,,,,,,,,,,,,,,,,,,,,,,,,,,,,,,,,,,,,,,,,,,,
Acid Armor,,151,TRUE,0,Status,20,0,"{'snatch': 1, 'metronome': 1}",{'def': 2},self,Poison,{'effect': 'clearnegativeboost'},Tough,Raises the user's Defense by 2 stages.,Raises the user's Defense by 2.,,,,,,,,,,,,,,,,,,,,,,,,,,,,,,,,,,,,,,,,,,,,,,,,,,,,
Acid Downpour,,628,TRUE,1,Physical,1,0,{},,normal,Poison,,Cool,Power is equal to the base move's Z-Power.,Power is equal to the base move's Z-Power.,,poisoniumz,Past,,,,,,,,,,,,,,,,,,,,,,,,,,,,,,,,,,,,,,,,,,,,,,,,,
Acid Spray,,491,100,40,Special,20,0,"{'protect': 1, 'mirror': 1, 'metronome': 1, 'bullet': 1}",,normal,Poison,,Beautiful,Has a 100% chance to lower the target's Special Defense by 2 stages.,100% chance to lower the target's Sp. Def by 2.,,,,,"{'chance': 100, 'boosts': {'spd': -2}}",,,,,,,,,,,,,,,,,,,,,,,,,,,,,,,,,,,,,,,,,,,,,,,
Acrobatics,,512,100,55,Physical,15,0,"{'contact': 1, 'protect': 1, 'mirror': 1, 'distance': 1, 'metronome': 1}",,any,Flying,,Cool,Power doubles if the user has no held item.,Power doubles if the user has no held item.,,,,,,TRUE,,,,,,,,,,,,,,,,,,,,,,,,,,,,,,,,,,,,,,,,,,,,,,
Acupressure,,367,TRUE,0,Status,30,0,{'metronome': 1},,adjacentAllyOrSelf,Normal,{'effect': 'crit2'},Tough,Raises a random stat by 2 stages as long as the stat is not already at stage 6. The user can choose to use this move on itself or an adjacent ally. Fails if no stat stage can be raised or if used on an ally with a substitute.,Raises a random stat of the user or an ally by 2.,,,,,,,,,,,,,,,,,,,,,,,,,,,,,,,,,,,,,,,,,,,,,,,,,,,,
Aerial Ace,,332,TRUE,60,Physical,20,0,"{'contact': 1, 'protect': 1, 'mirror': 1, 'distance': 1, 'metronome': 1, 'slicing': 1}",,any,Flying,,Cool,This move does not check accuracy.,This move does not check accuracy.,,,,,,,,,,,,,,,,,,,,,,,,,,,,,,,,,,,,,,,,,,,,,,,,,,,,
Aeroblast,,177,95,100,Special,5,0,"{'protect': 1, 'mirror': 1, 'distance': 1, 'metronome': 1, 'wind': 1}",,any,Flying,,Cool,Has a higher chance for a critical hit.,High critical hit ratio.,2,,,,,,,,,,,,,,,,,,,,,,,,,,,,,,,,,,,,,,,,,,,,,,,,,,,
After You,,495,TRUE,0,Status,15,0,"{'bypasssub': 1, 'allyanim': 1}",,normal,Normal,{'boost': {'spe': 1}},Cute,"The target makes its move immediately after the user this turn, no matter the priority of its selected move. Fails if the target would have moved next anyway, or if the target already moved this turn.",The target makes its move right after the user.,,,,,,,,,,,,,,,,,,,,,,,,,,,,,,,,,,,,,,,,,,,,,,,,,,,,
Agility,,97,TRUE,0,Status,30,0,"{'snatch': 1, 'metronome': 1}",{'spe': 2},self,Psychic,{'effect': 'clearnegativeboost'},Cool,Raises the user's Speed by 2 stages.,Raises the user's Speed by 2.,,,,,,,,,,,,,,,,,,,,,,,,,,,,,,,,,,,,,,,,,,,,,,,,,,,,
Air Cutter,,314,95,60,Special,25,0,"{'protect': 1, 'mirror': 1, 'metronome': 1, 'slicing': 1, 'wind': 1}",,allAdjacentFoes,Flying,,Cool,Has a higher chance for a critical hit.,High critical hit ratio. Hits adjacent foes.,2,,,,,,,,,,,,,,,,,,,,,,,,,,,,,,,,,,,,,,,,,,,,,,,,,,,
Air Slash,,403,95,75,Special,15,0,"{'protect': 1, 'mirror': 1, 'distance': 1, 'metronome': 1, 'slicing': 1}",,any,Flying,,Cool,Has a 30% chance to make the target flinch.,30% chance to make the target flinch.,,,,,"{'chance': 30, 'volatileStatus': 'flinch'}",,,,,,,,,,,,,,,,,,,,,,,,,,,,,,,,,,,,,,,,,,,,,,,
All-Out Pummeling,,624,TRUE,1,Physical,1,0,{},,normal,Fighting,,Cool,Power is equal to the base move's Z-Power.,Power is equal to the base move's Z-Power.,,fightiniumz,Past,,,,,,,,,,,,,,,,,,,,,,,,,,,,,,,,,,,,,,,,,,,,,,,,,
Alluring Voice,,914,100,80,Special,10,0,"{'protect': 1, 'mirror': 1, 'sound': 1, 'bypasssub': 1, 'metronome': 1}",,normal,Fairy,,,Has a 100% chance to confuse the target if it had a stat stage raised this turn.,100% confuse target that had a stat rise this turn.,,,,,{'chance': 100},,,,,,,,,,,,,,,,,,,,,,,,,,,,,,,,,,,,,,,,,,,,,,,
Ally Switch,,502,TRUE,0,Status,15,2,{'metronome': 1},,self,Psychic,{'boost': {'spe': 2}},Clever,"The user swaps positions with its ally. Fails if the user is the only Pokemon on its side. This move has a 1/X chance of being successful, where X starts at 1 and triples each time this move is successfully used. X resets to 1 if this move fails or if the user's last move used is not Ally Switch.",User and ally swap positions; using again can fail.,,,,,,,"{'duration': 2, 'counterMax': 729}",,,,,,,,,,,,,,,,,,,,,,,,,,,,,,,,,,,,,,,,,,,,,
Amnesia,,133,TRUE,0,Status,20,0,"{'snatch': 1, 'metronome': 1}",{'spd': 2},self,Psychic,{'effect': 'clearnegativeboost'},Cute,Raises the user's Special Defense by 2 stages.,Raises the user's Sp. Def by 2.,,,,,,,,,,,,,,,,,,,,,,,,,,,,,,,,,,,,,,,,,,,,,,,,,,,,
Anchor Shot,,677,100,80,Physical,20,0,"{'contact': 1, 'protect': 1, 'mirror': 1, 'metronome': 1}",,normal,Steel,,Tough,"Prevents the target from switching out. The target can still switch out if it is holding Shed Shell or uses Baton Pass, Flip Turn, Parting Shot, Teleport, U-turn, or Volt Switch. The effect ends if either the user or the target leaves the field.",Prevents the target from switching out.,,,Past,,{'chance': 100},,,,,,,,,,,,,,,,,,,,,,,,,,,,,,,,,,,,,,,,,,,,,,,
Ancient Power,,246,100,60,Special,5,0,"{'protect': 1, 'mirror': 1, 'metronome': 1}",,normal,Rock,,Tough,"Has a 10% chance to raise the user's Attack, Defense, Special Attack, Special Defense, and Speed by 1 stage.",10% chance to raise all stats by 1 (not acc/eva).,,,,,"{'chance': 10, 'self': {'boosts': {'atk': 1, 'def': 1, 'spa': 1, 'spd': 1, 'spe': 1}}}",,,,,,,,,,,,,,,,,,,,,,,,,,,,,,,,,,,,,,,,,,,,,,,
Apple Acid,,787,100,80,Special,10,0,"{'protect': 1, 'mirror': 1}",,normal,Grass,,,Has a 100% chance to lower the target's Special Defense by 1 stage.,100% chance to lower the target's Sp. Def by 1.,,,,,"{'chance': 100, 'boosts': {'spd': -1}}",,,,,,,,,,,,,,,,,,,,,,,,,,,,,,,,,,,,,,,,,,,,,,,
Aqua Cutter,,895,100,70,Physical,20,0,"{'protect': 1, 'mirror': 1, 'metronome': 1, 'slicing': 1}",,normal,Water,,Cool,Has a higher chance for a critical hit.,High critical hit ratio.,2,,,,,,,,,,,,,,,,,,,,,,,,,,,,,,,,,,,,,,,,,,,,,,,,,,,
Aqua Jet,,453,100,40,Physical,20,1,"{'contact': 1, 'protect': 1, 'mirror': 1, 'metronome': 1}",,normal,Water,,Cool,No additional effect.,Usually goes first.,,,,,,,,,,,,,,,,,,,,,,,,,,,,,,,,,,,,,,,,,,,,,,,,,,,,
Aqua Ring,,392,TRUE,0,Status,20,0,"{'snatch': 1, 'metronome': 1}",,self,Water,{'boost': {'def': 1}},Beautiful,"The user has 1/16 of its maximum HP, rounded down, restored at the end of each turn while it remains active. If Big Root is held by the user, the HP recovered is 1.3x normal, rounded half down. If the user uses Baton Pass, the replacement will receive the healing effect.",User recovers 1/16 max HP per turn.,,,,,,,{'onResidualOrder': 6},aquaring,,,,,,,,,,,,,,,,,,,,,,,,,,,,,,,,,,,,,,,,,,,,
Aqua Step,,872,100,80,Physical,10,0,"{'contact': 1, 'protect': 1, 'mirror': 1, 'dance': 1, 'metronome': 1}",,normal,Water,,Cool,Has a 100% chance to raise the user's Speed by 1 stage.,100% chance to raise the user's Speed by 1.,,,,,"{'chance': 100, 'self': {'boosts': {'spe': 1}}}",,,,,,,,,,,,,,,,,,,,,,,,,,,,,,,,,,,,,,,,,,,,,,,
Aqua Tail,,401,90,90,Physical,10,0,"{'contact': 1, 'protect': 1, 'mirror': 1, 'metronome': 1}",,normal,Water,,Beautiful,No additional effect.,No additional effect.,,,,,,,,,,,,,,,,,,,,,,,,,,,,,,,,,,,,,,,,,,,,,,,,,,,,
Armor Cannon,,890,100,120,Special,5,0,"{'protect': 1, 'mirror': 1}",,normal,Fire,,,Lowers the user's Defense and Special Defense by 1 stage.,Lowers the user's Defense and Sp. Def by 1.,,,,,,,,,"{'boosts': {'def': -1, 'spd': -1}}",,,,,,,,,,,,,,,,,,,,,,,,,,,,,,,,,,,,,,,,,,,
Arm Thrust,,292,100,15,Physical,20,0,"{'contact': 1, 'protect': 1, 'mirror': 1, 'metronome': 1}",,normal,Fighting,,Tough,"Hits two to five times. Has a 35% chance to hit two or three times and a 15% chance to hit four or five times. If one of the hits breaks the target's substitute, it will take damage for the remaining hits. If the user has the Skill Link Ability, this move will always hit five times. If the user is holding Loaded Dice, this move will hit 4-5 times.",Hits 2-5 times in one turn.,,,,,,,,,,"[2, 5]",,,,,,,,,,,,,,,,,,,,,,,,,,,,,,,,,,,,,,,,,,
Aromatherapy,,312,TRUE,0,Status,5,0,"{'snatch': 1, 'distance': 1, 'metronome': 1}",,allyTeam,Grass,{'effect': 'heal'},Clever,"Every Pokemon in the user's party is cured of its non-volatile status condition. Active Pokemon with the Sap Sipper Ability are not cured, unless they are the user.",Cures the user's party of all status conditions.,,,Past,,,,,,,,,,,,,,,,,,,,,,,,,,,,,,,,,,,,,,,,,,,,,,,,,
Aromatic Mist,,597,TRUE,0,Status,20,0,"{'bypasssub': 1, 'metronome': 1}",{'spd': 1},adjacentAlly,Fairy,{'boost': {'spd': 2}},Beautiful,Raises the target's Special Defense by 1 stage. Fails if there is no ally adjacent to the user.,Raises an ally's Sp. Def by 1.,,,,,,,,,,,,,,,,,,,,,,,,,,,,,,,,,,,,,,,,,,,,,,,,,,,,
Assist,,274,TRUE,0,Status,20,0,"{'failencore': 1, 'nosleeptalk': 1, 'noassist': 1, 'failcopycat': 1, 'failmimic': 1, 'failinstruct': 1}",,self,Normal,,Cute,"A random move among those known by the user's party members is selected for use. Does not select Assist, Baneful Bunker, Beak Blast, Belch, Bestow, Blazing Torque, Bounce, Celebrate, Chatter, Circle Throw, Combat Torque, Copycat, Counter, Covet, Destiny Bond, Detect, Dig, Dive, Dragon Tail, Endure, Feint, Fly, Focus Punch, Follow Me, Helping Hand, Hold Hands, King's Shield, Magical Torque, Mat Block, Me First, Metronome, Mimic, Mirror Coat, Mirror Move, Nature Power, Noxious Torque, Phantom Force, Protect, Rage Powder, Roar, Shadow Force, Shell Trap, Sketch, Sky Drop, Sleep Talk, Snatch, Spiky Shield, Spotlight, Struggle, Switcheroo, Tera Starstorm, Thief, Transform, Trick, Whirlwind, or Wicked Torque.",Uses a random move known by a team member.,,,Past,,,,,,,,TRUE,,,,,,,,,,,,,,,,,,,,,,,,,,,,,,,,,,,,,,,,,
Assurance,,372,100,60,Physical,10,0,"{'contact': 1, 'protect': 1, 'mirror': 1, 'metronome': 1}",,normal,Dark,,Clever,"Power doubles if the target has already taken damage this turn, other than direct damage from Belly Drum, confusion, Curse, or Pain Split.",Power doubles if target was damaged this turn.,,,,,,TRUE,,,,,,,,,,,,,,,,,,,,,,,,,,,,,,,,,,,,,,,,,,,,,,
Astonish,,310,100,30,Physical,15,0,"{'contact': 1, 'protect': 1, 'mirror': 1, 'metronome': 1}",,normal,Ghost,,Cute,Has a 30% chance to make the target flinch.,30% chance to make the target flinch.,,,,,"{'chance': 30, 'volatileStatus': 'flinch'}",,,,,,,,,,,,,,,,,,,,,,,,,,,,,,,,,,,,,,,,,,,,,,,
Astral Barrage,,825,100,120,Special,5,0,"{'protect': 1, 'mirror': 1}",,allAdjacentFoes,Ghost,,,No additional effect.,No additional effect. Hits adjacent foes.,,,,,,,,,,,,,,,,,,,,,,,,,,,,,,,,,,,,,,,,,,,,,,,,,,,,
Attack Order,,454,100,90,Physical,15,0,"{'protect': 1, 'mirror': 1, 'metronome': 1}",,normal,Bug,,Clever,Has a higher chance for a critical hit.,High critical hit ratio.,2,,,,,,,,,,,,,,,,,,,,,,,,,,,,,,,,,,,,,,,,,,,,,,,,,,,
Attract,,213,100,0,Status,15,0,"{'protect': 1, 'reflectable': 1, 'mirror': 1, 'bypasssub': 1, 'metronome': 1}",,normal,Normal,{'effect': 'clearnegativeboost'},Cute,"Causes the target to become infatuated, making it unable to attack 50% of the time. Fails if both the user and the target are the same gender, if either is genderless, or if the target is already infatuated. The effect ends when either the user or the target is no longer active. Pokemon with the Oblivious Ability or protected by the Aroma Veil Ability are immune.",A target of the opposite gender gets infatuated.,,,,,,,"{'noCopy': True, 'onBeforeMovePriority': 2}",attract,,,,,,,,,,,,,,,,,,,,,,,,,,,,,,,,,,,,,,,,,,,,
Aura Sphere,,396,TRUE,80,Special,20,0,"{'protect': 1, 'mirror': 1, 'distance': 1, 'metronome': 1, 'bullet': 1, 'pulse': 1}",,any,Fighting,,Beautiful,This move does not check accuracy.,This move does not check accuracy.,,,,,,,,,,,,,,,,,,,,,,,,,,,,,,,,,,,,,,,,,,,,,,,,,,,,
Aura Wheel,,783,100,110,Physical,10,0,"{'protect': 1, 'mirror': 1}",,normal,Electric,,,"Has a 100% chance to raise the user's Speed by 1 stage. If the user is a Morpeko in Full Belly Mode, this move is Electric type. If the user is a Morpeko in Hangry Mode, this move is Dark type. This move cannot be used successfully unless the user's current form, while considering Transform, is Full Belly or Hangry Mode Morpeko.",Morpeko: Electric; Hangry: Dark; 100% +1 Spe.,,,,,"{'chance': 100, 'self': {'boosts': {'spe': 1}}}",,,,,,,,,,,,,,,,,,,,,,,,,,,,,,,,,,,,,,,,,,,,,,,
Aurora Beam,,62,100,65,Special,20,0,"{'protect': 1, 'mirror': 1, 'metronome': 1}",,normal,Ice,,Beautiful,Has a 10% chance to lower the target's Attack by 1 stage.,10% chance to lower the target's Attack by 1.,,,,,"{'chance': 10, 'boosts': {'atk': -1}}",,,,,,,,,,,,,,,,,,,,,,,,,,,,,,,,,,,,,,,,,,,,,,,
Aurora Veil,,694,TRUE,0,Status,20,0,"{'snatch': 1, 'metronome': 1}",,allySide,Ice,{'boost': {'spe': 1}},Beautiful,"For 5 turns, the user and its party members take 0.5x damage from physical and special attacks, or 0.66x damage if in a Double Battle; does not reduce damage further with Reflect or Light Screen. Critical hits ignore this protection. It is removed from the user's side if the user or an ally is successfully hit by Brick Break, Psychic Fangs, or Defog. Brick Break and Psychic Fangs remove the effect before damage is calculated. Lasts for 8 turns if the user is holding Light Clay. Fails unless the weather is Snow.","For 5 turns, damage to allies halved. Snow only.",,,,,,,"{'duration': 5, 'onSideResidualOrder': 26, 'onSideResidualSubOrder': 10}",,,,,auroraveil,,,,,,,,,,,,,,,,,,,,,,,,,,,,,,,,,,,,,,,,
Autotomize,,475,TRUE,0,Status,15,0,"{'snatch': 1, 'metronome': 1}",{'spe': 2},self,Steel,{'effect': 'clearnegativeboost'},Beautiful,"Raises the user's Speed by 2 stages. If the user's Speed was changed, the user's weight is reduced by 100 kg as long as it remains active. This effect is stackable but cannot reduce the user's weight to less than 0.1 kg.",Raises the user's Speed by 2; user loses 100 kg.,,,Past,,,,,,,,,,,,,,,,,,,,,,,,,,,,,,,,,,,,,,,,,,,,,,,,,
Avalanche,,419,100,60,Physical,10,-4,"{'contact': 1, 'protect': 1, 'mirror': 1, 'metronome': 1}",,normal,Ice,,Beautiful,Power doubles if the user was hit by the target this turn.,Power doubles if user is damaged by the target.,,,,,,TRUE,,,,,,,,,,,,,,,,,,,,,,,,,,,,,,,,,,,,,,,,,,,,,,
Axe Kick,,853,90,120,Physical,10,0,"{'contact': 1, 'protect': 1, 'mirror': 1, 'metronome': 1}",,normal,Fighting,,,"Has a 30% chance to confuse the target. If this attack is not successful, the user loses half of its maximum HP, rounded down, as crash damage. Pokemon with the Magic Guard Ability are unaffected by crash damage.",30% confusion. User loses 50% max HP if miss.,,,,,"{'chance': 30, 'volatileStatus': 'confusion'}",,,,,,,,TRUE,,,,,,,,,,,,,,,,,,,,,,,,,,,,,,,,,,,,,,,
Baby-Doll Eyes,,608,100,0,Status,30,1,"{'protect': 1, 'reflectable': 1, 'mirror': 1, 'allyanim': 1, 'metronome': 1}",{'atk': -1},normal,Fairy,{'boost': {'def': 1}},Cute,Lowers the target's Attack by 1 stage.,Lowers the target's Attack by 1.,,,,,,,,,,,,,,,,,,,,,,,,,,,,,,,,,,,,,,,,,,,,,,,,,,,,
Baddy Bad,,737,95,80,Special,15,0,"{'protect': 1, 'mirror': 1}",,normal,Dark,,Clever,This move summons Reflect for 5 turns upon use.,Summons Reflect.,,,LGPE,,,,,,{'sideCondition': 'reflect'},,,,,,,,,,,,,,,,,,,,,,,,,,,,,,,,,,,,,,,,,,,
Baneful Bunker,,661,TRUE,0,Status,10,4,"{'noassist': 1, 'failcopycat': 1}",,self,Poison,{'boost': {'def': 1}},Tough,"The user is protected from most attacks made by other Pokemon during this turn, and Pokemon making contact with the user become poisoned. This move has a 1/X chance of being successful, where X starts at 1 and triples each time this move is successfully used. X resets to 1 if this move fails, if the user's last move used is not Baneful Bunker, Burning Bulwark, Detect, Endure, King's Shield, Max Guard, Obstruct, Protect, Quick Guard, Silk Trap, Spiky Shield, or Wide Guard, or if it was one of those moves and the user's protection was broken. Fails if the user moves last this turn.",Protects from moves. Contact: poison.,,,,,,,"{'duration': 1, 'onTryHitPriority': 3}",banefulbunker,,,,,,TRUE,,,,,,,,,,,,,,,,,,,,,,,,,,,,,,,,,,,,,,
Barb Barrage,,839,100,60,Physical,10,0,"{'protect': 1, 'mirror': 1, 'metronome': 1}",,normal,Poison,,,Has a 50% chance to poison the target. Power doubles if the target is already poisoned.,50% psn. 2x power if target already poisoned.,,,,,"{'chance': 50, 'status': 'psn'}",,,,,,,,,,,,,,,,,,,,,,,,,,,,,,,,,,,,,,,,,,,,,,,
Barrage,,140,85,15,Physical,20,0,"{'protect': 1, 'mirror': 1, 'metronome': 1, 'bullet': 1}",,normal,Normal,,Cute,"Hits two to five times. Has a 35% chance to hit two or three times and a 15% chance to hit four or five times. If one of the hits breaks the target's substitute, it will take damage for the remaining hits. If the user has the Skill Link Ability, this move will always hit five times.",Hits 2-5 times in one turn.,,,Past,,,,,,,"[2, 5]",,,,,,,,,,,,,,,,,,,,,,,,,,,,,,,,,,,,,,,,,,
Barrier,,112,TRUE,0,Status,20,0,"{'snatch': 1, 'metronome': 1}",{'def': 2},self,Psychic,{'effect': 'clearnegativeboost'},Cool,Raises the user's Defense by 2 stages.,Raises the user's Defense by 2.,,,Past,,,,,,,,,,,,,,,,,,,,,,,,,,,,,,,,,,,,,,,,,,,,,,,,,
Baton Pass,,226,TRUE,0,Status,40,0,{'metronome': 1},,self,Normal,{'effect': 'clearnegativeboost'},Cute,"The user is replaced with another Pokemon in its party. The selected Pokemon has the user's stat stage changes transferred to it, as well as the effects of confusion, Aqua Ring, Curse, Dragon Cheer, Embargo, Focus Energy, Gastro Acid, Heal Block, Ingrain, Leech Seed, Lock-On (Mind Reader), Magnet Rise, Perish Song, Power Trick, Telekinesis, and a substitute with its remaining HP. The effect of Gastro Acid is not transferred if the recipient has an Ability that cannot be affected.","User switches, passing stat changes and more.",,,,,,,,,{},,,,,,copyvolatile,,,,,,,,,,,,,,,,,,,,,,,,,,,,,,,,,,,,,
Beak Blast,,690,100,100,Physical,15,-3,"{'protect': 1, 'failmefirst': 1, 'nosleeptalk': 1, 'noassist': 1, 'failcopycat': 1, 'failinstruct': 1, 'bullet': 1}",,normal,Flying,,Tough,"If the user is hit by a contact move this turn before it can execute this move, the attacker is burned.",Burns on contact with the user before it moves.,,,,,,,{'duration': 1},,,,,,,,,,,,,,,,,,,,,,,,,,,,,,,,,,,,,,,,,,,,,
Beat Up,,251,100,0,Physical,10,0,"{'protect': 1, 'mirror': 1, 'allyanim': 1, 'metronome': 1}",,normal,Dark,,Clever,"Hits one time for the user and one time for each unfainted Pokemon without a non-volatile status condition in the user's party. The power of each hit is equal to 5+(X/10), where X is each participating Pokemon's base Attack; each hit is considered to come from the user.",All healthy allies aid in damaging the target.,,,,,,TRUE,,,,,,,,,,,,,,,,,,,,,,,,,,,,,,,,,,,,,,,,,,,,,,
Behemoth Bash,,782,100,100,Physical,5,0,"{'contact': 1, 'protect': 1, 'mirror': 1, 'failcopycat': 1, 'failmimic': 1}",,normal,Steel,,,No additional effect.,No additional effect.,,,,,,,,,,,,,,,,,,,,,,,,,,,,,,,,,,,,,,,,,,,,,,,,,,,,
Behemoth Blade,,781,100,100,Physical,5,0,"{'contact': 1, 'protect': 1, 'mirror': 1, 'failcopycat': 1, 'failmimic': 1, 'slicing': 1}",,normal,Steel,,,No additional effect.,No additional effect.,,,,,,,,,,,,,,,,,,,,,,,,,,,,,,,,,,,,,,,,,,,,,,,,,,,,
Belch,,562,90,120,Special,10,0,"{'protect': 1, 'failmefirst': 1, 'nosleeptalk': 1, 'noassist': 1, 'failcopycat': 1, 'failmimic': 1, 'failinstruct': 1}",,normal,Poison,,Tough,"This move cannot be selected until the user eats a Berry, either by eating one that was held, stealing and eating one off another Pokemon with Bug Bite or Pluck, or eating one that was thrown at it with Fling. Once the condition is met, this move can be selected and used for the rest of the battle even if the user gains or uses another item or switches out. Consuming a Berry with Natural Gift does not count for the purposes of eating one.",Cannot be selected until the user eats a Berry.,,,,,,,,,,,,,,,,,,,,,,,,,,,,,,,,,,,,,,,,,,,,,,,,,,,,
Belly Drum,,187,TRUE,0,Status,10,0,"{'snatch': 1, 'metronome': 1}",,self,Normal,{'effect': 'heal'},Cute,"Raises the user's Attack by 12 stages in exchange for the user losing 1/2 of its maximum HP, rounded down. Fails if the user would faint or if its Attack stat stage is 6.",User loses 50% max HP. Maximizes Attack.,,,,,,,,,,,,,,,,,,,,,,,,,,,,,,,,,,,,,,,,,,,,,,,,,,,,
Bestow,,516,TRUE,0,Status,15,0,"{'mirror': 1, 'bypasssub': 1, 'allyanim': 1, 'noassist': 1, 'failcopycat': 1}",,normal,Normal,{'boost': {'spe': 2}},Cute,"The target receives the user's held item. Fails if the user has no item or is holding a Mail or Z-Crystal, if the target is already holding an item, if the user is a Kyogre holding a Blue Orb, a Groudon holding a Red Orb, a Giratina holding a Griseous Orb, an Arceus holding a Plate, a Genesect holding a Drive, a Silvally holding a Memory, a Pokemon that can Mega Evolve holding the Mega Stone for its species, or if the target is one of those Pokemon and the user is holding the respective item.",User passes its held item to the target.,,,Past,,,,,,,,,,,,,,,,,,,,,,,,,,,,,,,,,,,,,,,,,,,,,,,,,
Bide,,117,TRUE,0,Physical,10,1,"{'contact': 1, 'protect': 1, 'metronome': 1, 'nosleeptalk': 1, 'failinstruct': 1}",,self,Normal,,Tough,"The user spends two turns locked into this move and then, on the second turn after using this move, the user attacks the last Pokemon that hit it, inflicting double the damage in HP it lost to attacks during the two turns. If the last Pokemon that hit it is no longer active, the user attacks a random opposing Pokemon instead. If the user is prevented from moving during this move's use, the effect ends. This move does not check accuracy and does not ignore type immunity.",Waits 2 turns; deals double the damage taken.,,,Past,,,,"{'duration': 3, 'onLockMove': 'bide', 'onDamagePriority': -101}",bide,,,,,,,,TRUE,,,,,,,,,,,,,,,,,,,,,,,,,,,,,,,,,,,,
Bind,,20,85,15,Physical,20,0,"{'contact': 1, 'protect': 1, 'mirror': 1, 'metronome': 1}",,normal,Normal,,Tough,"Prevents the target from switching for four or five turns (seven turns if the user is holding Grip Claw). Causes damage to the target equal to 1/8 of its maximum HP (1/6 if the user is holding Binding Band), rounded down, at the end of each turn during effect. The target can still switch out if it is holding Shed Shell or uses Baton Pass, Flip Turn, Parting Shot, Shed Tail, Teleport, U-turn, or Volt Switch. The effect ends if either the user or the target leaves the field, or if the target uses Mortal Spin, Rapid Spin, or Substitute successfully. This effect is not stackable or reset by using this or another binding move.",Traps and damages the target for 4-5 turns.,,,,,,,,partiallytrapped,,,,,,,,,,,,,,,,,,,,,,,,,,,,,,,,,,,,,,,,,,,,
Bite,,44,100,60,Physical,25,0,"{'contact': 1, 'protect': 1, 'mirror': 1, 'metronome': 1, 'bite': 1}",,normal,Dark,,Tough,Has a 30% chance to make the target flinch.,30% chance to make the target flinch.,,,,,"{'chance': 30, 'volatileStatus': 'flinch'}",,,,,,,,,,,,,,,,,,,,,,,,,,,,,,,,,,,,,,,,,,,,,,,
Bitter Blade,,891,100,90,Physical,10,0,"{'contact': 1, 'protect': 1, 'mirror': 1, 'heal': 1, 'metronome': 1, 'slicing': 1}",,normal,Fire,,,"The user recovers 1/2 the HP lost by the target, rounded half up. If Big Root is held by the user, the HP recovered is 1.3x normal, rounded half down.",User recovers 50% of the damage dealt.,,,,"[1, 2]",,,,,,,,,,,,,,,,,,,,,,,,,,,,,,,,,,,,,,,,,,,,,,,,
Bitter Malice,,841,100,75,Special,10,0,"{'protect': 1, 'mirror': 1, 'metronome': 1}",,normal,Ghost,,,Has a 100% chance to lower the target's Attack by 1 stage.,100% chance to lower the target's Attack by 1.,,,,,"{'chance': 100, 'boosts': {'atk': -1}}",,,,,,,,,,,,,,,,,,,,,,,,,,,,,,,,,,,,,,,,,,,,,,,
Black Hole Eclipse,,654,TRUE,1,Physical,1,0,{},,normal,Dark,,Cool,Power is equal to the base move's Z-Power.,Power is equal to the base move's Z-Power.,,darkiniumz,Past,,,,,,,,,,,,,,,,,,,,,,,,,,,,,,,,,,,,,,,,,,,,,,,,,
Blast Burn,,307,90,150,Special,5,0,"{'recharge': 1, 'protect': 1, 'mirror': 1, 'metronome': 1}",,normal,Fire,,Beautiful,"If this move is successful, the user must recharge on the following turn and cannot select a move.",User cannot move next turn.,,,,,,,,,{'volatileStatus': 'mustrecharge'},,,,,,,,,,,,,,,,,,,,,,,,,,,,,,,,,,,,,,,,,,,
Blaze Kick,,299,90,85,Physical,10,0,"{'contact': 1, 'protect': 1, 'mirror': 1, 'metronome': 1}",,normal,Fire,,Cool,Has a 10% chance to burn the target and a higher chance for a critical hit.,High critical hit ratio. 10% chance to burn.,2,,,,"{'chance': 10, 'status': 'brn'}",,,,,,,,,,,,,,,,,,,,,,,,,,,,,,,,,,,,,,,,,,,,,,,
Blazing Torque,,896,100,80,Physical,10,0,"{'protect': 1, 'failencore': 1, 'failmefirst': 1, 'nosleeptalk': 1, 'noassist': 1, 'failcopycat': 1, 'failmimic': 1, 'failinstruct': 1, 'nosketch': 1}",,normal,Fire,,,Has a 30% chance to burn the target.,30% chance to burn the target.,,,Unobtainable,,"{'chance': 30, 'status': 'brn'}",,,,,,,,,,,,,,,,,,,,,,,,,,,,,,,,,,,,,,,,,,,,,,,
Bleakwind Storm,,846,80,100,Special,10,0,"{'protect': 1, 'mirror': 1, 'metronome': 1, 'wind': 1}",,allAdjacentFoes,Flying,,,"Has a 30% chance to lower the target's Speed by 1 stage. If the weather is Primordial Sea or Rain Dance, this move does not check accuracy. If this move is used against a Pokemon holding Utility Umbrella, this move's accuracy remains at 80%.",30% to lower foe(s) Speed by 1. Rain: can't miss.,,,,,"{'chance': 30, 'boosts': {'spe': -1}}",,,,,,,,,,,,,,,,,,,,,,,,,,,,,,,,,,,,,,,,,,,,,,,
Blizzard,,59,70,110,Special,5,0,"{'protect': 1, 'mirror': 1, 'metronome': 1, 'wind': 1}",,allAdjacentFoes,Ice,,Beautiful,"Has a 10% chance to freeze the target. If the weather is Snow, this move does not check accuracy.",10% chance to freeze foe(s). Can't miss in Snow.,,,,,"{'chance': 10, 'status': 'frz'}",,,,,,,,,,,,,,,,,,,,,,,,,,,,,,,,,,,,,,,,,,,,,,,
Block,,335,TRUE,0,Status,5,0,"{'reflectable': 1, 'mirror': 1, 'metronome': 1}",,normal,Normal,{'boost': {'def': 1}},Cute,"Prevents the target from switching out. The target can still switch out if it is holding Shed Shell or uses Baton Pass, Flip Turn, Parting Shot, Teleport, U-turn, or Volt Switch. The effect ends if either the user or the target leaves the field.",Prevents the target from switching out.,,,,,,,,,,,,,,,,,,,,,,,,,,,,,,,,,,,,,,,,,,,,,,,,,,,,
Blood Moon,,901,100,140,Special,5,0,"{'protect': 1, 'mirror': 1, 'metronome': 1, 'cantusetwice': 1}",,normal,Normal,,,Cannot be selected the turn after it's used.,Cannot be selected the turn after it's used.,,,,,,,,,,,,,,,,,,,,,,,,,,,,,,,,,,,,,,,,,,,,,,,,,,,,
Bloom Doom,,644,TRUE,1,Physical,1,0,{},,normal,Grass,,Cool,Power is equal to the base move's Z-Power.,Power is equal to the base move's Z-Power.,,grassiumz,Past,,,,,,,,,,,,,,,,,,,,,,,,,,,,,,,,,,,,,,,,,,,,,,,,,
Blue Flare,,551,85,130,Special,5,0,"{'protect': 1, 'mirror': 1, 'metronome': 1}",,normal,Fire,,Beautiful,Has a 20% chance to burn the target.,20% chance to burn the target.,,,,,"{'chance': 20, 'status': 'brn'}",,,,,,,,,,,,,,,,,,,,,,,,,,,,,,,,,,,,,,,,,,,,,,,
Body Press,,776,100,80,Physical,10,0,"{'contact': 1, 'protect': 1, 'mirror': 1}",,normal,Fighting,,,"Damage is calculated using the user's Defense stat as its Attack, including stat stage changes. Other effects that modify the Attack stat are used as normal.",Uses user's Def stat as Atk in damage calculation.,,,,,,,,,,,,,,,,,def,,,,,,,,,,,,,,,,,,,,,,,,,,,,,,,,,,,
Body Slam,,34,100,85,Physical,15,0,"{'contact': 1, 'protect': 1, 'mirror': 1, 'nonsky': 1, 'metronome': 1, 'minimize': 1}",,normal,Normal,,Tough,Has a 30% chance to paralyze the target. Damage doubles and no accuracy check is done if the target has used Minimize while active.,30% chance to paralyze the target.,,,,,"{'chance': 30, 'status': 'par'}",,,,,,,,,,,,,,,,,,,,,,,,,,,,,,,,,,,,,,,,,,,,,,,
Bolt Beak,,754,100,85,Physical,10,0,"{'contact': 1, 'protect': 1, 'mirror': 1, 'metronome': 1}",,normal,Electric,,,Power doubles if the user moves before the target.,Power doubles if user moves before the target.,,,Past,,,TRUE,,,,,,,,,,,,,,,,,,,,,,,,,,,,,,,,,,,,,,,,,,,,,,
Bolt Strike,,550,85,130,Physical,5,0,"{'contact': 1, 'protect': 1, 'mirror': 1, 'metronome': 1}",,normal,Electric,,Beautiful,Has a 20% chance to paralyze the target.,20% chance to paralyze the target.,,,,,"{'chance': 20, 'status': 'par'}",,,,,,,,,,,,,,,,,,,,,,,,,,,,,,,,,,,,,,,,,,,,,,,
Bone Club,,125,85,65,Physical,20,0,"{'protect': 1, 'mirror': 1, 'metronome': 1}",,normal,Ground,,Tough,Has a 10% chance to make the target flinch.,10% chance to make the target flinch.,,,Past,,"{'chance': 10, 'volatileStatus': 'flinch'}",,,,,,,,,,,,,,,,,,,,,,,,,,,,,,,,,,,,,,,,,,,,,,,
Bonemerang,,155,90,50,Physical,10,0,"{'protect': 1, 'mirror': 1, 'metronome': 1}",,normal,Ground,,Tough,"Hits twice. If the first hit breaks the target's substitute, it will take damage for the second hit.",Hits 2 times in one turn.,,,Past,,,,,,,2,,,,,,,,{'basePower': 130},,,,,,,,,,,,,,,,,,,,,,,,,,,,,,,,,,
Bone Rush,,198,90,25,Physical,10,0,"{'protect': 1, 'mirror': 1, 'metronome': 1}",,normal,Ground,{'basePower': 140},Tough,"Hits two to five times. Has a 35% chance to hit two or three times and a 15% chance to hit four or five times. If one of the hits breaks the target's substitute, it will take damage for the remaining hits. If the user has the Skill Link Ability, this move will always hit five times. If the user is holding Loaded Dice, this move will hit 4-5 times.",Hits 2-5 times in one turn.,,,,,,,,,,"[2, 5]",,,,,,,,{'basePower': 130},,,,,,,,,,,,,,,,,,,,,,,,,,,,,,,,,,
Boomburst,,586,100,140,Special,10,0,"{'protect': 1, 'mirror': 1, 'sound': 1, 'bypasssub': 1, 'metronome': 1}",,allAdjacent,Normal,,Tough,No additional effect.,No additional effect. Hits adjacent Pokemon.,,,,,,,,,,,,,,,,,,,,,,,,,,,,,,,,,,,,,,,,,,,,,,,,,,,,
Bounce,,340,85,85,Physical,5,0,"{'contact': 1, 'charge': 1, 'protect': 1, 'mirror': 1, 'gravity': 1, 'distance': 1, 'metronome': 1, 'nosleeptalk': 1, 'noassist': 1, 'failinstruct': 1}",,any,Flying,,Cute,"Has a 30% chance to paralyze the target. This attack charges on the first turn and executes on the second. On the first turn, the user avoids all attacks other than Gust, Hurricane, Sky Uppercut, Smack Down, Thousand Arrows, Thunder, and Twister, and Gust and Twister have doubled power when used against it. If the user is holding a Power Herb, the move completes in one turn.",Bounces turn 1. Hits turn 2. 30% paralyze.,,,,,"{'chance': 30, 'status': 'par'}",,{'duration': 2},,,,,,,,,,,,,,,,,,,,,,,,,,,,,,,,,,,,,,,,,,,,,
Bouncy Bubble,,733,100,60,Special,20,0,"{'protect': 1, 'mirror': 1, 'heal': 1}",,normal,Water,,Clever,"The user recovers 1/2 the HP lost by the target, rounded half up. If Big Root is held by the user, the HP recovered is 1.3x normal, rounded half down.",User recovers 50% of the damage dealt.,,,LGPE,"[1, 2]",,,,,,,,,,,,,,,,,,,,,,,,,,,,,,,,,,,,,,,,,,,,,,,,
Branch Poke,,785,100,40,Physical,40,0,"{'contact': 1, 'protect': 1, 'mirror': 1}",,normal,Grass,,,No additional effect.,No additional effect.,,,,,,,,,,,,,,,,,,,,,,,,,,,,,,,,,,,,,,,,,,,,,,,,,,,,
Brave Bird,,413,100,120,Physical,15,0,"{'contact': 1, 'protect': 1, 'mirror': 1, 'distance': 1, 'metronome': 1}",,any,Flying,,Cool,"If the target lost HP, the user takes recoil damage equal to 33% the HP lost by the target, rounded half up, but not less than 1 HP.",Has 33% recoil.,,,,,,,,,,,,,,,,,,,"[33, 100]",,,,,,,,,,,,,,,,,,,,,,,,,,,,,,,,,
Breaking Swipe,,784,100,60,Physical,15,0,"{'contact': 1, 'protect': 1, 'mirror': 1}",,allAdjacentFoes,Dragon,,,Has a 100% chance to lower the target's Attack by 1 stage.,100% chance to lower the foe(s) Attack by 1.,,,,,"{'chance': 100, 'boosts': {'atk': -1}}",,,,,,,,,,,,,,,,,,,,,,,,,,,,,,,,,,,,,,,,,,,,,,,
Breakneck Blitz,,622,TRUE,1,Physical,1,0,{},,normal,Normal,,Cool,Power is equal to the base move's Z-Power.,Power is equal to the base move's Z-Power.,,normaliumz,Past,,,,,,,,,,,,,,,,,,,,,,,,,,,,,,,,,,,,,,,,,,,,,,,,,
Brick Break,,280,100,75,Physical,15,0,"{'contact': 1, 'protect': 1, 'mirror': 1, 'metronome': 1}",,normal,Fighting,,Cool,"If this attack does not miss, the effects of Reflect, Light Screen, and Aurora Veil end for the target's side of the field before damage is calculated.","Destroys screens, unless the target is immune.",,,,,,,,,,,,,,,,,,,,,,,,,,,,,,,,,,,,,,,,,,,,,,,,,,,,
Brine,,362,100,65,Special,10,0,"{'protect': 1, 'mirror': 1, 'metronome': 1}",,normal,Water,,Tough,Power doubles if the target has less than or equal to half of its maximum HP remaining.,Power doubles if the target's HP is 50% or less.,,,,,,,,,,,,,,,,,,,,,,,,,,,,,,,,,,,,,,,,,,,,,,,,,,,,
Brutal Swing,,693,100,60,Physical,20,0,"{'contact': 1, 'protect': 1, 'mirror': 1, 'metronome': 1}",,allAdjacent,Dark,,Tough,No additional effect.,No additional effect. Hits adjacent Pokemon.,,,,,,,,,,,,,,,,,,,,,,,,,,,,,,,,,,,,,,,,,,,,,,,,,,,,
Bubble,,145,100,40,Special,30,0,"{'protect': 1, 'mirror': 1, 'metronome': 1}",,allAdjacentFoes,Water,,Cute,Has a 10% chance to lower the target's Speed by 1 stage.,10% chance to lower the foe(s) Speed by 1.,,,Past,,"{'chance': 10, 'boosts': {'spe': -1}}",,,,,,,,,,,,,,,,,,,,,,,,,,,,,,,,,,,,,,,,,,,,,,,
Bubble Beam,,61,100,65,Special,20,0,"{'protect': 1, 'mirror': 1, 'metronome': 1}",,normal,Water,,Beautiful,Has a 10% chance to lower the target's Speed by 1 stage.,10% chance to lower the target's Speed by 1.,,,,,"{'chance': 10, 'boosts': {'spe': -1}}",,,,,,,,,,,,,,,,,,,,,,,,,,,,,,,,,,,,,,,,,,,,,,,
Bug Bite,,450,100,60,Physical,20,0,"{'contact': 1, 'protect': 1, 'mirror': 1, 'metronome': 1}",,normal,Bug,,Cute,"If this move is successful and the user has not fainted, it steals the target's held Berry if it is holding one and eats it immediately, gaining its effects even if the user's item is being ignored. Items lost to this move cannot be regained with Recycle or the Harvest Ability.",User steals and eats the target's Berry.,,,,,,,,,,,,,,,,,,,,,,,,,,,,,,,,,,,,,,,,,,,,,,,,,,,,
Bug Buzz,,405,100,90,Special,10,0,"{'protect': 1, 'mirror': 1, 'sound': 1, 'bypasssub': 1, 'metronome': 1}",,normal,Bug,,Beautiful,Has a 10% chance to lower the target's Special Defense by 1 stage.,10% chance to lower the target's Sp. Def by 1.,,,,,"{'chance': 10, 'boosts': {'spd': -1}}",,,,,,,,,,,,,,,,,,,,,,,,,,,,,,,,,,,,,,,,,,,,,,,
Bulk Up,,339,TRUE,0,Status,20,0,"{'snatch': 1, 'metronome': 1}","{'atk': 1, 'def': 1}",self,Fighting,{'boost': {'atk': 1}},Cool,Raises the user's Attack and Defense by 1 stage.,Raises the user's Attack and Defense by 1.,,,,,,,,,,,,,,,,,,,,,,,,,,,,,,,,,,,,,,,,,,,,,,,,,,,,
Bulldoze,,523,100,60,Physical,20,0,"{'protect': 1, 'mirror': 1, 'nonsky': 1, 'metronome': 1}",,allAdjacent,Ground,,Tough,Has a 100% chance to lower the target's Speed by 1 stage.,100% chance lower adjacent Pkmn Speed by 1.,,,,,"{'chance': 100, 'boosts': {'spe': -1}}",,,,,,,,,,,,,,,,,,,,,,,,,,,,,,,,,,,,,,,,,,,,,,,
Bullet Punch,,418,100,40,Physical,30,1,"{'contact': 1, 'protect': 1, 'mirror': 1, 'punch': 1, 'metronome': 1}",,normal,Steel,,Tough,No additional effect.,Usually goes first.,,,,,,,,,,,,,,,,,,,,,,,,,,,,,,,,,,,,,,,,,,,,,,,,,,,,
Bullet Seed,,331,100,25,Physical,30,0,"{'protect': 1, 'mirror': 1, 'metronome': 1, 'bullet': 1}",,normal,Grass,{'basePower': 140},Cool,"Hits two to five times. Has a 35% chance to hit two or three times and a 15% chance to hit four or five times. If one of the hits breaks the target's substitute, it will take damage for the remaining hits. If the user has the Skill Link Ability, this move will always hit five times. If the user is holding Loaded Dice, this move will hit 4-5 times.",Hits 2-5 times in one turn.,,,,,,,,,,"[2, 5]",,,,,,,,{'basePower': 130},,,,,,,,,,,,,,,,,,,,,,,,,,,,,,,,,,
Burning Bulwark,,908,TRUE,0,Status,10,4,"{'metronome': 1, 'noassist': 1, 'failcopycat': 1}",,self,Fire,,,"The user is protected from most attacks made by other Pokemon during this turn, and Pokemon trying to make contact with the user become burned. Non-damaging moves go through this protection. This move has a 1/X chance of being successful, where X starts at 1 and triples each time this move is successfully used. X resets to 1 if this move fails, if the user's last move used is not Baneful Bunker, Burning Bulwark, Detect, Endure, King's Shield, Max Guard, Obstruct, Protect, Quick Guard, Silk Trap, Spiky Shield, or Wide Guard, or if it was one of those moves and the user's protection was broken. Fails if the user moves last this turn.",Protects from damaging attacks. Contact: burn.,,,,,,,"{'duration': 1, 'onTryHitPriority': 3}",burningbulwark,,,,,,TRUE,,,,,,,,,,,,,,,,,,,,,,,,,,,,,,,,,,,,,,
Burning Jealousy,,807,100,70,Special,5,0,"{'protect': 1, 'mirror': 1, 'metronome': 1}",,allAdjacentFoes,Fire,,Tough,Has a 100% chance to burn the target if it had a stat stage raised this turn.,100% burns a target that had a stat rise this turn.,,,,,{'chance': 100},,,,,,,,,,,,,,,,,,,,,,,,,,,,,,,,,,,,,,,,,,,,,,,
Burn Up,,682,100,130,Special,5,0,"{'protect': 1, 'mirror': 1, 'defrost': 1, 'metronome': 1}",,normal,Fire,,Clever,"Fails unless the user is a Fire type. If this move is successful and the user is not Terastallized, the user's Fire type becomes typeless as long as it remains active.",User's Fire type becomes typeless; must be Fire.,,,Unobtainable,,,,,,{},,,,,,,,,,,,,,,,,,,,,,,,,,,,,,,,,,,,,,,,,,,
Buzzy Buzz,,734,100,60,Special,20,0,"{'protect': 1, 'mirror': 1}",,normal,Electric,,Clever,Has a 100% chance to paralyze the foe.,100% chance to paralyze the foe.,,,LGPE,,"{'chance': 100, 'status': 'par'}",,,,,,,,,,,,,,,,,,,,,,,,,,,,,,,,,,,,,,,,,,,,,,,
Calm Mind,,347,TRUE,0,Status,20,0,"{'snatch': 1, 'metronome': 1}","{'spa': 1, 'spd': 1}",self,Psychic,{'effect': 'clearnegativeboost'},Clever,Raises the user's Special Attack and Special Defense by 1 stage.,Raises the user's Sp. Atk and Sp. Def by 1.,,,,,,,,,,,,,,,,,,,,,,,,,,,,,,,,,,,,,,,,,,,,,,,,,,,,
Camouflage,,293,TRUE,0,Status,20,0,"{'snatch': 1, 'metronome': 1}",,self,Normal,{'boost': {'evasion': 1}},Clever,"The user's type changes based on the battle terrain. Normal type on the regular Wi-Fi terrain, Electric type during Electric Terrain, Fairy type during Misty Terrain, Grass type during Grassy Terrain, and Psychic type during Psychic Terrain. Fails if the user's type cannot be changed or if the user is already purely that type.",Changes user's type by terrain (default Normal).,,,Past,,,,,,,,,,,,,,,,,,,,,,,,,,,,,,,,,,,,,,,,,,,,,,,,,
Captivate,,445,100,0,Status,20,0,"{'protect': 1, 'reflectable': 1, 'mirror': 1, 'metronome': 1}",{'spa': -2},allAdjacentFoes,Normal,{'boost': {'spd': 2}},Cute,"Lowers the target's Special Attack by 2 stages. The target is unaffected if both the user and the target are the same gender, or if either is genderless. Pokemon with the Oblivious Ability are immune.",Lowers the foe(s) Sp. Atk by 2 if opposite gender.,,,Past,,,,,,,,,,,,,,,,,,,,,,,,,,,,,,,,,,,,,,,,,,,,,,,,,
Catastropika,,658,TRUE,210,Physical,1,0,{'contact': 1},,normal,Electric,,Cool,No additional effect.,No additional effect.,,pikaniumz,Past,,,,,,,,,,,,,,,,,,,,,,,,,,,,,,,,,,,,,,,,,,,,,,,,,
Ceaseless Edge,,845,90,65,Physical,15,0,"{'contact': 1, 'protect': 1, 'mirror': 1, 'metronome': 1, 'slicing': 1}",,normal,Dark,,,"If this move is successful, it sets up a hazard on the opposing side of the field, damaging each opposing Pokemon that switches in, unless it is a Flying-type Pokemon or has the Levitate Ability. A maximum of three layers may be set, and opponents lose 1/8 of their maximum HP with one layer, 1/6 of their maximum HP with two layers, and 1/4 of their maximum HP with three layers, all rounded down. Can be removed from the opposing side if any Pokemon uses Tidy Up, or if any opposing Pokemon uses Mortal Spin, Rapid Spin, or Defog successfully, or is hit by Defog.",Sets a layer of Spikes on the opposing side.,,,,,{},,,,,,,,,,,,,,,,,,,,,,,,,,,,,,,,,,,,,,,,,,,,,,,
Celebrate,,606,TRUE,0,Status,40,0,"{'nosleeptalk': 1, 'noassist': 1, 'failcopycat': 1, 'failmimic': 1, 'failinstruct': 1}",,self,Normal,"{'boost': {'atk': 1, 'def': 1, 'spa': 1, 'spd': 1, 'spe': 1}}",Cute,No competitive use.,No competitive use.,,,,,,,,,,,,,,,,,,,,,,,,,,,,,,,,,,,,,,,,,,,,,,,,,,,,
Charge,,268,TRUE,0,Status,20,0,"{'snatch': 1, 'metronome': 1}",{'spd': 1},self,Electric,{'boost': {'spd': 1}},Clever,"Raises the user's Special Defense by 1 stage. The user's next Electric-type attack will have its power doubled; the effect ends when the user is no longer active, or after the user attempts to use any Electric-type move besides Charge, even if it is not successful.","+1 SpD, user's next Electric move 2x power.",,,,,,,{'onBasePowerPriority': 9},charge,,,,,,,,,,,,,,,,,,,,,,,,,,,,,,,,,,,,,,,,,,,,
Charge Beam,,451,90,50,Special,10,0,"{'protect': 1, 'mirror': 1, 'metronome': 1}",,normal,Electric,,Beautiful,Has a 70% chance to raise the user's Special Attack by 1 stage.,70% chance to raise the user's Sp. Atk by 1.,,,,,"{'chance': 70, 'self': {'boosts': {'spa': 1}}}",,,,,,,,,,,,,,,,,,,,,,,,,,,,,,,,,,,,,,,,,,,,,,,
Charm,,204,100,0,Status,20,0,"{'protect': 1, 'reflectable': 1, 'mirror': 1, 'allyanim': 1, 'metronome': 1}",{'atk': -2},normal,Fairy,{'boost': {'def': 1}},Cute,Lowers the target's Attack by 2 stages.,Lowers the target's Attack by 2.,,,,,,,,,,,,,,,,,,,,,,,,,,,,,,,,,,,,,,,,,,,,,,,,,,,,
Chatter,,448,100,65,Special,20,0,"{'protect': 1, 'mirror': 1, 'sound': 1, 'distance': 1, 'bypasssub': 1, 'nosleeptalk': 1, 'noassist': 1, 'failcopycat': 1, 'failmimic': 1, 'failinstruct': 1}",,any,Flying,,Cute,Has a 100% chance to confuse the target.,100% chance to confuse the target.,,,Past,,"{'chance': 100, 'volatileStatus': 'confusion'}",,,,,,,,,,,,,,,,,,,,,,,,,,,,,,,,,,,,,,,,,,,,,,,
Chilling Water,,886,100,50,Special,20,0,"{'protect': 1, 'mirror': 1}",,normal,Water,,Beautiful,Has a 100% chance to lower the target's Attack by 1 stage.,100% chance to lower the target's Attack by 1.,,,,,"{'chance': 100, 'boosts': {'atk': -1}}",,,,,,,,,,,,,,,,,,,,,,,,,,,,,,,,,,,,,,,,,,,,,,,
Chilly Reception,,881,TRUE,0,Status,10,0,{},,all,Ice,,,"For 5 turns, the weather becomes Snow. The user switches out even if it is trapped and is replaced immediately by a selected party member. The user does not switch out if there are no unfainted party members.",Starts Snow. User switches out.,,,,,,,"{'duration': 1, 'onBeforeMovePriority': 100}",,,,,,,,TRUE,,,,,snowscape,,,,,,,,,,,,,,,,,,,,,,,,,,,,,,,,
Chip Away,,498,100,70,Physical,20,0,"{'contact': 1, 'protect': 1, 'mirror': 1, 'metronome': 1}",,normal,Normal,,Tough,"Ignores the target's stat stage changes, including evasiveness.",Ignores the target's stat stage changes.,,,Past,,,,,,,,,,,,,,,,,,TRUE,TRUE,,,,,,,,,,,,,,,,,,,,,,,,,,,,,,
Chloroblast,,835,95,150,Special,5,0,"{'protect': 1, 'mirror': 1, 'metronome': 1}",,normal,Grass,,,"If this move is successful, the user loses 1/2 of its maximum HP, rounded up, unless the user has the Magic Guard or Rock Head Abilities.",User loses 50% max HP.,,,,,,,,,,,,,,,,,,,,,,,,,,,,,,,,,,,,,,,,,,,,,,,,,,,,
Circle Throw,,509,90,60,Physical,10,-6,"{'contact': 1, 'protect': 1, 'mirror': 1, 'metronome': 1, 'noassist': 1, 'failcopycat': 1}",,normal,Fighting,,Cool,"If both the user and the target have not fainted, the target is forced to switch out and be replaced with a random unfainted ally. This effect fails if the target is under the effect of Ingrain, has the Suction Cups Ability, or this move hit a substitute.",Forces the target to switch to a random ally.,,,,,,,,,,,,,,,,,,,,,,,TRUE,,,,,,,,,,,,,,,,,,,,,,,,,,,,,
Clamp,,128,85,35,Physical,15,0,"{'contact': 1, 'protect': 1, 'mirror': 1, 'metronome': 1}",,normal,Water,,Tough,"Prevents the target from switching for four or five turns (seven turns if the user is holding Grip Claw). Causes damage to the target equal to 1/8 of its maximum HP (1/6 if the user is holding Binding Band), rounded down, at the end of each turn during effect. The target can still switch out if it is holding Shed Shell or uses Baton Pass, Flip Turn, Parting Shot, Shed Tail, Teleport, U-turn, or Volt Switch. The effect ends if either the user or the target leaves the field, or if the target uses Mortal Spin, Rapid Spin, or Substitute successfully. This effect is not stackable or reset by using this or another binding move.",Traps and damages the target for 4-5 turns.,,,Past,,,,,partiallytrapped,,,,,,,,,,,,,,,,,,,,,,,,,,,,,,,,,,,,,,,,,,,,
Clanging Scales,,691,100,110,Special,5,0,"{'protect': 1, 'mirror': 1, 'sound': 1, 'bypasssub': 1, 'metronome': 1}",,allAdjacentFoes,Dragon,,Tough,Lowers the user's Defense by 1 stage.,Lowers the user's Defense by 1.,,,,,,,,,,,,,,,,,,,,,,,,{'boosts': {'def': -1}},,,,,,,,,,,,,,,,,,,,,,,,,,,,
Clangorous Soul,,775,100,0,Status,5,0,"{'snatch': 1, 'sound': 1, 'dance': 1}","{'atk': 1, 'def': 1, 'spa': 1, 'spd': 1, 'spe': 1}",self,Dragon,,,"Raises the user's Attack, Defense, Special Attack, Special Defense, and Speed by 1 stage in exchange for the user losing 33% of its maximum HP, rounded down. Fails if the user would faint or if its Attack, Defense, Special Attack, Special Defense, and Speed stat stages would not change.",User loses 33% of its max HP. +1 to all stats.,,,,,,,,,,,,,,,,,,,,,,,,,,,,,,,,,,,,,,,,,,,,,,,,,,,,
Clangorous Soulblaze,,728,TRUE,185,Special,1,0,"{'sound': 1, 'bypasssub': 1}",,allAdjacentFoes,Dragon,,Cool,"Raises the user's Attack, Defense, Special Attack, Special Defense, and Speed by 1 stage.",Raises the user's Atk/Def/SpAtk/SpDef/Spe by 1.,,kommoniumz,Past,,{},,,,,,,,,,,,,,,,,,,"{'boosts': {'atk': 1, 'def': 1, 'spa': 1, 'spd': 1, 'spe': 1}}",,,,,,,,,,,,,,,,,,,,,,,,,,,,
Clear Smog,,499,TRUE,50,Special,15,0,"{'protect': 1, 'mirror': 1, 'metronome': 1}",,normal,Poison,,Beautiful,Resets all of the target's stat stages to 0.,Resets all of the target's stat stages to 0.,,,,,,,,,,,,,,,,,,,,,,,,,,,,,,,,,,,,,,,,,,,,,,,,,,,,
Close Combat,,370,100,120,Physical,5,0,"{'contact': 1, 'protect': 1, 'mirror': 1, 'metronome': 1}",,normal,Fighting,,Tough,Lowers the user's Defense and Special Defense by 1 stage.,Lowers the user's Defense and Sp. Def by 1.,,,,,,,,,"{'boosts': {'def': -1, 'spd': -1}}",,,,,,,,,,,,,,,,,,,,,,,,,,,,,,,,,,,,,,,,,,,
Coaching,,811,TRUE,0,Status,10,0,"{'bypasssub': 1, 'allyanim': 1, 'metronome': 1}","{'atk': 1, 'def': 1}",adjacentAlly,Fighting,,,Raises the target's Attack and Defense by 1 stage. Fails if there is no ally adjacent to the user.,Raises an ally's Attack and Defense by 1.,,,,,,,,,,,,,,,,,,,,,,,,,,,,,,,,,,,,,,,,,,,,,,,,,,,,
Coil,,489,TRUE,0,Status,20,0,"{'snatch': 1, 'metronome': 1}","{'atk': 1, 'def': 1, 'accuracy': 1}",self,Poison,{'effect': 'clearnegativeboost'},Tough,"Raises the user's Attack, Defense, and accuracy by 1 stage.","Raises user's Attack, Defense, accuracy by 1.",,,,,,,,,,,,,,,,,,,,,,,,,,,,,,,,,,,,,,,,,,,,,,,,,,,,
Collision Course,,878,100,100,Physical,5,0,"{'contact': 1, 'protect': 1, 'mirror': 1}",,normal,Fighting,,Tough,Damage is multiplied by 1.3333 if this move is super effective against the target.,Deals 1.3333x damage with supereffective hits.,,,,,,,,,,,,,,,,,,,,,,,,,,,,,,,,,,,,,,,,,,,,,,,,,,,,
Combat Torque,,899,100,100,Physical,10,0,"{'protect': 1, 'failencore': 1, 'failmefirst': 1, 'nosleeptalk': 1, 'noassist': 1, 'failcopycat': 1, 'failmimic': 1, 'failinstruct': 1, 'nosketch': 1}",,normal,Fighting,,,Has a 30% chance to paralyze the target.,30% chance to paralyze the target.,,,Unobtainable,,"{'chance': 30, 'status': 'par'}",,,,,,,,,,,,,,,,,,,,,,,,,,,,,,,,,,,,,,,,,,,,,,,
Comet Punch,,4,85,18,Physical,15,0,"{'contact': 1, 'protect': 1, 'mirror': 1, 'punch': 1, 'metronome': 1}",,normal,Normal,,Tough,"Hits two to five times. Has a 35% chance to hit two or three times and a 15% chance to hit four or five times. If one of the hits breaks the target's substitute, it will take damage for the remaining hits. If the user has the Skill Link Ability, this move will always hit five times.",Hits 2-5 times in one turn.,,,Past,,,,,,,"[2, 5]",,,,,,,,{'basePower': 100},,,,,,,,,,,,,,,,,,,,,,,,,,,,,,,,,,
Comeuppance,,894,100,0,Physical,10,0,"{'contact': 1, 'protect': 1, 'mirror': 1, 'failmefirst': 1}",,scripted,Dark,,Cool,"Deals damage to the last opposing Pokemon to hit the user with a physical or special attack this turn equal to 1.5 times the HP lost by the user from that attack, rounded down. If the user did not lose HP from that attack, this move deals 1 HP of damage instead. If that opposing Pokemon's position is no longer in use and there is another opposing Pokemon on the field, the damage is done to it instead. Only the last hit of a multi-hit attack is counted. Fails if the user was not hit by an opposing Pokemon's physical or special attack this turn.","If hit by an attack, returns 1.5x damage.",,,,,,,,,,,,,,,,,,,,,,,,,,,,,,,,,,,,,,,,,,,,,,,,,,,,
Confide,,590,TRUE,0,Status,20,0,"{'reflectable': 1, 'mirror': 1, 'sound': 1, 'bypasssub': 1, 'metronome': 1}",{'spa': -1},normal,Normal,{'boost': {'spd': 1}},Cute,Lowers the target's Special Attack by 1 stage.,Lowers the target's Sp. Atk by 1.,,,,,,,,,,,,,,,,,,,,,,,,,,,,,,,,,,,,,,,,,,,,,,,,,,,,
Confuse Ray,,109,100,0,Status,10,0,"{'protect': 1, 'reflectable': 1, 'mirror': 1, 'metronome': 1}",,normal,Ghost,{'boost': {'spa': 1}},Clever,Causes the target to become confused.,Confuses the target.,,,,,,,,confusion,,,,,,,,,,,,,,,,,,,,,,,,,,,,,,,,,,,,,,,,,,,,
Confusion,,93,100,50,Special,25,0,"{'protect': 1, 'mirror': 1, 'metronome': 1}",,normal,Psychic,,Clever,Has a 10% chance to confuse the target.,10% chance to confuse the target.,,,,,"{'chance': 10, 'volatileStatus': 'confusion'}",,,,,,,,,,,,,,,,,,,,,,,,,,,,,,,,,,,,,,,,,,,,,,,
Constrict,,132,100,10,Physical,35,0,"{'contact': 1, 'protect': 1, 'mirror': 1, 'metronome': 1}",,normal,Normal,,Tough,Has a 10% chance to lower the target's Speed by 1 stage.,10% chance to lower the target's Speed by 1.,,,Past,,"{'chance': 10, 'boosts': {'spe': -1}}",,,,,,,,,,,,,,,,,,,,,,,,,,,,,,,,,,,,,,,,,,,,,,,
Continental Crush,,632,TRUE,1,Physical,1,0,{},,normal,Rock,,Cool,Power is equal to the base move's Z-Power.,Power is equal to the base move's Z-Power.,,rockiumz,Past,,,,,,,,,,,,,,,,,,,,,,,,,,,,,,,,,,,,,,,,,,,,,,,,,
Conversion,,160,TRUE,0,Status,30,0,"{'snatch': 1, 'metronome': 1}",,self,Normal,"{'boost': {'atk': 1, 'def': 1, 'spa': 1, 'spd': 1, 'spe': 1}}",Beautiful,"The user's type changes to match the original type of the move in its first move slot. Fails if the user cannot change its type, or if the type is one of the user's current types.",Changes user's type to match its first move.,,,,,,,,,,,,,,,,,,,,,,,,,,,,,,,,,,,,,,,,,,,,,,,,,,,,
Conversion 2,,176,TRUE,0,Status,30,0,"{'bypasssub': 1, 'metronome': 1}",,normal,Normal,{'effect': 'heal'},Beautiful,"The user's type changes to match a type that resists or is immune to the type of the last move used by the target, but not either of its current types. The determined type of the move is used rather than the original type. Fails if the target has not made a move, if the user cannot change its type, or if this move would only be able to select one of the user's current types.",Changes user's type to resist target's last move.,,,,,,,,,,,,,,,,,,,,,,,,,,,,,,,,,,,,,,,,,,,,,,,,,,,,
Copycat,,383,TRUE,0,Status,20,0,"{'failencore': 1, 'nosleeptalk': 1, 'noassist': 1, 'failcopycat': 1, 'failmimic': 1, 'failinstruct': 1}",,self,Normal,{'boost': {'accuracy': 1}},Cute,"The user uses the last move used by any Pokemon, including itself. Fails if no move has been used, or if the last move used was Assist, Baneful Bunker, Beak Blast, Behemoth Bash, Behemoth Blade, Belch, Bestow, Blazing Torque, Celebrate, Chatter, Circle Throw, Combat Torque, Copycat, Counter, Covet, Destiny Bond, Detect, Dragon Tail, Dynamax Cannon, Endure, Feint, Focus Punch, Follow Me, Helping Hand, Hold Hands, King's Shield, Magical Torque, Mat Block, Me First, Metronome, Mimic, Mirror Move, Nature Power, Noxious Torque, Protect, Rage Powder, Roar, Shell Trap, Sketch, Sleep Talk, Snatch, Spiky Shield, Spotlight, Struggle, Switcheroo, Tera Starstorm, Thief, Transform, Trick, Whirlwind, or Wicked Torque.",Uses the last move used in the battle.,,,,,,,,,,,TRUE,,,,,,,,,,,,,,,,,,,,,,,,,,,,,,,,,,,,,,,,,
Core Enforcer,,687,100,100,Special,10,0,"{'protect': 1, 'mirror': 1, 'metronome': 1}",,allAdjacentFoes,Dragon,{'basePower': 140},Tough,"If the user moves after the target, the target's Ability is rendered ineffective as long as it remains active. If the target uses Baton Pass, the replacement will remain under this effect. If the target's Ability is As One, Battle Bond, Comatose, Disguise, Gulp Missile, Ice Face, Multitype, Power Construct, RKS System, Schooling, Shields Down, Stance Change, Tera Shift, Zen Mode, or Zero to Hero, this effect does not happen, and receiving the effect through Baton Pass ends the effect immediately.",Nullifies the foe(s) Ability if the foe(s) move first.,,,Past,,,,,,,,,,,,,,,,,,,,,,,,,,,,,,,,,,,,,,,,,,,,,,,,,
Corkscrew Crash,,638,TRUE,1,Physical,1,0,{},,normal,Steel,,Cool,Power is equal to the base move's Z-Power.,Power is equal to the base move's Z-Power.,,steeliumz,Past,,,,,,,,,,,,,,,,,,,,,,,,,,,,,,,,,,,,,,,,,,,,,,,,,
Corrosive Gas,,810,100,0,Status,40,0,"{'protect': 1, 'reflectable': 1, 'mirror': 1, 'allyanim': 1, 'metronome': 1}",,allAdjacent,Poison,,,"The target loses its held item. This move cannot cause Pokemon with the Sticky Hold Ability to lose their held item or cause a Kyogre, a Groudon, a Giratina, an Arceus, a Genesect, a Silvally, a Zacian, or a Zamazenta to lose their Blue Orb, Red Orb, Griseous Orb, Plate, Drive, Memory, Rusted Sword, or Rusted Shield respectively. Items lost to this move cannot be regained with Recycle or the Harvest Ability.",Removes adjacent Pokemon's held items.,,,Unobtainable,,,,,,,,,,,,,,,,,,,,,,,,,,,,,,,,,,,,,,,,,,,,,,,,,
Cosmic Power,,322,TRUE,0,Status,20,0,"{'snatch': 1, 'metronome': 1}","{'def': 1, 'spd': 1}",self,Psychic,{'boost': {'spd': 1}},Beautiful,Raises the user's Defense and Special Defense by 1 stage.,Raises the user's Defense and Sp. Def by 1.,,,,,,,,,,,,,,,,,,,,,,,,,,,,,,,,,,,,,,,,,,,,,,,,,,,,
Cotton Guard,,538,TRUE,0,Status,10,0,"{'snatch': 1, 'metronome': 1}",{'def': 3},self,Grass,{'effect': 'clearnegativeboost'},Cute,Raises the user's Defense by 3 stages.,Raises the user's Defense by 3.,,,,,,,,,,,,,,,,,,,,,,,,,,,,,,,,,,,,,,,,,,,,,,,,,,,,
Cotton Spore,,178,100,0,Status,40,0,"{'protect': 1, 'reflectable': 1, 'mirror': 1, 'metronome': 1, 'powder': 1}",{'spe': -2},allAdjacentFoes,Grass,{'effect': 'clearnegativeboost'},Beautiful,Lowers the target's Speed by 2 stages.,Lowers the target's Speed by 2.,,,,,,,,,,,,,,,,,,,,,,,,,,,,,,,,,,,,,,,,,,,,,,,,,,,,
Counter,,68,100,0,Physical,20,-5,"{'contact': 1, 'protect': 1, 'failmefirst': 1, 'noassist': 1, 'failcopycat': 1}",,scripted,Fighting,,Tough,"Deals damage to the last opposing Pokemon to hit the user with a physical attack this turn equal to twice the HP lost by the user from that attack. If the user did not lose HP from the attack, this move deals 1 HP of damage instead. If that opposing Pokemon's position is no longer in use and there is another opposing Pokemon on the field, the damage is done to it instead. Only the last hit of a multi-hit attack is counted. Fails if the user was not hit by an opposing Pokemon's physical attack this turn.","If hit by physical attack, returns double damage.",,,,,,,"{'duration': 1, 'noCopy': True, 'onRedirectTargetPriority': -1}",,,,,,,,,,,{'basePower': 75},,,,,,,,,,,,,,,,,,,,,,,,,,,,,,,,,,
Court Change,,756,100,0,Status,10,0,"{'mirror': 1, 'metronome': 1}",,all,Normal,,,"Switches the Mist, Light Screen, Reflect, Spikes, Safeguard, Tailwind, Toxic Spikes, Stealth Rock, Water Pledge, Fire Pledge, Grass Pledge, Sticky Web, Aurora Veil, G-Max Steelsurge, G-Max Cannonade, G-Max Vine Lash, and G-Max Wildfire effects from the user's side to the opposing side and vice versa.",Swaps user's field effects with the opposing side.,,,,,,,,,,,,,,,,,,,,,,,,,,,,,,,,,,,,,,,,,,,,,,,,,,,,
Covet,,343,100,60,Physical,25,0,"{'contact': 1, 'protect': 1, 'mirror': 1, 'failmefirst': 1, 'noassist': 1, 'failcopycat': 1}",,normal,Normal,,Cute,"If this attack was successful and the user has not fainted, it steals the target's held item if the user is not holding one. The target's item is not stolen if it is a Mail or Z-Crystal, or if the target is a Kyogre holding a Blue Orb, a Groudon holding a Red Orb, a Giratina holding a Griseous Orb, an Arceus holding a Plate, a Genesect holding a Drive, a Silvally holding a Memory, or a Pokemon that can Mega Evolve holding the Mega Stone for its species. Items lost to this move cannot be regained with Recycle or the Harvest Ability.","If the user has no item, it steals the target's.",,,,,,,,,,,,,,,,,,,,,,,,,,,,,,,,,,,,,,,,,,,,,,,,,,,,
Crabhammer,,152,90,100,Physical,10,0,"{'contact': 1, 'protect': 1, 'mirror': 1, 'metronome': 1}",,normal,Water,,Tough,Has a higher chance for a critical hit.,High critical hit ratio.,2,,,,,,,,,,,,,,,,,,,,,,,,,,,,,,,,,,,,,,,,,,,,,,,,,,,
Crafty Shield,,578,TRUE,0,Status,10,3,{},,allySide,Fairy,{'boost': {'spd': 1}},Clever,"The user and its party members are protected from non-damaging attacks made by other Pokemon, including allies, during this turn. Fails if the user moves last this turn or if this move is already in effect for the user's side.",Protects allies from Status moves this turn.,,,Past,,,,"{'duration': 1, 'onTryHitPriority': 3}",,,,,craftyshield,,,,,,,,,,,,,,,,,,,,,,,,,,,,,,,,,,,,,,,,
Cross Chop,,238,80,100,Physical,5,0,"{'contact': 1, 'protect': 1, 'mirror': 1, 'metronome': 1}",,normal,Fighting,,Cool,Has a higher chance for a critical hit.,High critical hit ratio.,2,,,,,,,,,,,,,,,,,,,,,,,,,,,,,,,,,,,,,,,,,,,,,,,,,,,
Cross Poison,,440,100,70,Physical,20,0,"{'contact': 1, 'protect': 1, 'mirror': 1, 'metronome': 1, 'slicing': 1}",,normal,Poison,,Cool,Has a 10% chance to poison the target and a higher chance for a critical hit.,High critical hit ratio. 10% chance to poison.,2,,,,"{'chance': 10, 'status': 'psn'}",,,,,,,,,,,,,,,,,,,,,,,,,,,,,,,,,,,,,,,,,,,,,,,
Crunch,,242,100,80,Physical,15,0,"{'contact': 1, 'protect': 1, 'mirror': 1, 'metronome': 1, 'bite': 1}",,normal,Dark,,Tough,Has a 20% chance to lower the target's Defense by 1 stage.,20% chance to lower the target's Defense by 1.,,,,,"{'chance': 20, 'boosts': {'def': -1}}",,,,,,,,,,,,,,,,,,,,,,,,,,,,,,,,,,,,,,,,,,,,,,,
Crush Claw,,306,95,75,Physical,10,0,"{'contact': 1, 'protect': 1, 'mirror': 1, 'metronome': 1}",,normal,Normal,,Cool,Has a 50% chance to lower the target's Defense by 1 stage.,50% chance to lower the target's Defense by 1.,,,,,"{'chance': 50, 'boosts': {'def': -1}}",,,,,,,,,,,,,,,,,,,,,,,,,,,,,,,,,,,,,,,,,,,,,,,
Crush Grip,,462,100,0,Physical,5,0,"{'contact': 1, 'protect': 1, 'mirror': 1, 'metronome': 1}",,normal,Normal,{'basePower': 190},Tough,"Power is equal to 120 * (target's current HP / target's maximum HP), rounded half down, but not less than 1.",More power the more HP the target has left.,,,,,,TRUE,,,,,,,,,,,,{'basePower': 140},,,,,,,,,,,,,,,,,,,,,,,,,,,,,,,,,,
Curse,,174,TRUE,0,Status,10,0,"{'bypasssub': 1, 'metronome': 1}",,normal,Ghost,{'effect': 'curse'},Tough,"If the user is not a Ghost type, lowers the user's Speed by 1 stage and raises the user's Attack and Defense by 1 stage. If the user is a Ghost type, the user loses 1/2 of its maximum HP, rounded down and even if it would cause fainting, in exchange for the target losing 1/4 of its maximum HP, rounded down, at the end of each turn while it is active. If the target uses Baton Pass, the replacement will continue to be affected. Fails if there is no target or if the target is already affected.","Curses if Ghost, else -1 Spe, +1 Atk, +1 Def.",,,,,,,{'onResidualOrder': 12},curse,,,,,,,,,,,,,,,,,self,,,,,,,,,,,,,,,,,,,,,,,,,,,
Cut,,15,95,50,Physical,30,0,"{'contact': 1, 'protect': 1, 'mirror': 1, 'metronome': 1, 'slicing': 1}",,normal,Normal,,Cool,No additional effect.,No additional effect.,,,Unobtainable,,,,,,,,,,,,,,,,,,,,,,,,,,,,,,,,,,,,,,,,,,,,,,,,,
Darkest Lariat,,663,100,85,Physical,10,0,"{'contact': 1, 'protect': 1, 'mirror': 1, 'metronome': 1}",,normal,Dark,,Cool,"Ignores the target's stat stage changes, including evasiveness.",Ignores the target's stat stage changes.,,,,,,,,,,,,,,,,,,,,,TRUE,TRUE,,,,,,,,,,,,,,,,,,,,,,,,,,,,,,
Dark Pulse,,399,100,80,Special,15,0,"{'protect': 1, 'mirror': 1, 'distance': 1, 'metronome': 1, 'pulse': 1}",,any,Dark,,Cool,Has a 20% chance to make the target flinch.,20% chance to make the target flinch.,,,,,"{'chance': 20, 'volatileStatus': 'flinch'}",,,,,,,,,,,,,,,,,,,,,,,,,,,,,,,,,,,,,,,,,,,,,,,
Dark Void,,464,50,0,Status,10,0,"{'protect': 1, 'reflectable': 1, 'mirror': 1, 'metronome': 1, 'nosketch': 1}",,allAdjacentFoes,Dark,{'effect': 'clearnegativeboost'},Clever,"Causes the target to fall asleep. This move cannot be used successfully unless the user's current form, while considering Transform, is Darkrai.",Darkrai: Causes the foe(s) to fall asleep.,,,,,,,,,,,,,,,,,,,,,,,,,,slp,,,,,,,,,,,,,,,,,,,,,,,,,,
Dazzling Gleam,,605,100,80,Special,10,0,"{'protect': 1, 'mirror': 1, 'metronome': 1}",,allAdjacentFoes,Fairy,,Beautiful,No additional effect.,No additional effect. Hits adjacent foes.,,,,,,,,,,,,,,,,,,,,,,,,,,,,,,,,,,,,,,,,,,,,,,,,,,,,
Decorate,,777,TRUE,0,Status,15,0,{'allyanim': 1},"{'atk': 2, 'spa': 2}",normal,Fairy,,,Raises the target's Attack and Special Attack by 2 stages.,Raises the target's Attack and Sp. Atk by 2.,,,,,,,,,,,,,,,,,,,,,,,,,,,,,,,,,,,,,,,,,,,,,,,,,,,,
Defend Order,,455,TRUE,0,Status,10,0,"{'snatch': 1, 'metronome': 1}","{'def': 1, 'spd': 1}",self,Bug,{'boost': {'def': 1}},Clever,Raises the user's Defense and Special Defense by 1 stage.,Raises the user's Defense and Sp. Def by 1.,,,,,,,,,,,,,,,,,,,,,,,,,,,,,,,,,,,,,,,,,,,,,,,,,,,,
Defense Curl,,111,TRUE,0,Status,40,0,"{'snatch': 1, 'metronome': 1}",{'def': 1},self,Normal,{'boost': {'accuracy': 1}},Cute,"Raises the user's Defense by 1 stage. As long as the user remains active, the power of the user's Ice Ball and Rollout will be doubled (this effect is not stackable).",Raises the user's Defense by 1.,,,,,,,{'noCopy': True},defensecurl,,,,,,,,,,,,,,,,,,,,,,,,,,,,,,,,,,,,,,,,,,,,
Defog,,432,TRUE,0,Status,15,0,"{'protect': 1, 'reflectable': 1, 'mirror': 1, 'bypasssub': 1, 'metronome': 1}",,normal,Flying,{'boost': {'accuracy': 1}},Cool,"Lowers the target's evasiveness by 1 stage. If this move is successful and whether or not the target's evasiveness was affected, the effects of Reflect, Light Screen, Aurora Veil, Safeguard, Mist, Spikes, Toxic Spikes, Stealth Rock, and Sticky Web end for the target's side, and the effects of Spikes, Toxic Spikes, Stealth Rock, and Sticky Web end for the user's side. Ignores a target's substitute, although a substitute will still block the lowering of evasiveness. If there is a terrain active and this move is successful, the terrain will be cleared.",-1 evasion; ends user and target hazards/terrain.,,,,,,,,,,,,,,,,,,,,,,,,,,,,,,,,,,,,,,,,,,,,,,,,,,,,
Destiny Bond,,194,TRUE,0,Status,5,0,"{'bypasssub': 1, 'noassist': 1, 'failcopycat': 1}",,self,Ghost,{'effect': 'redirect'},Clever,"Until the user's next move, if an opposing Pokemon's attack knocks the user out, that Pokemon faints as well, unless the attack was Doom Desire or Future Sight. Fails if the user used this move successfully as its last move, disregarding moves used through the Dancer Ability.","If an opponent knocks out the user, it also faints.",,,,,,,"{'noCopy': True, 'onBeforeMovePriority': -1}",destinybond,,,,,,,,,,,,,,,,,,,,,,,,,,,,,,,,,,,,,,,,,,,,
Detect,,197,TRUE,0,Status,5,4,"{'noassist': 1, 'failcopycat': 1}",,self,Fighting,{'boost': {'evasion': 1}},Cool,"The user is protected from most attacks made by other Pokemon during this turn. This move has a 1/X chance of being successful, where X starts at 1 and triples each time this move is successfully used. X resets to 1 if this move fails, if the user's last move used is not Baneful Bunker, Burning Bulwark, Detect, Endure, King's Shield, Max Guard, Obstruct, Protect, Quick Guard, Silk Trap, Spiky Shield, or Wide Guard, or if it was one of those moves and the user's protection was broken. Fails if the user moves last this turn.",Prevents moves from affecting the user this turn.,,,,,,,,protect,,,,,,TRUE,,,,,,,,,,,,,,,,,,,,,,,,,,,,,,,,,,,,,,
Devastating Drake,,652,TRUE,1,Physical,1,0,{},,normal,Dragon,,Cool,Power is equal to the base move's Z-Power.,Power is equal to the base move's Z-Power.,,dragoniumz,Past,,,,,,,,,,,,,,,,,,,,,,,,,,,,,,,,,,,,,,,,,,,,,,,,,
Diamond Storm,,591,95,100,Physical,5,0,"{'protect': 1, 'mirror': 1}",,allAdjacentFoes,Rock,,Beautiful,Has a 50% chance to raise the user's Defense by 2 stages.,50% chance to raise user's Defense by 2.,,,,,{},,,,"{'chance': 50, 'boosts': {'def': 2}}",,,,,,,,,,,,,,,,,,,,,,,,,,,,,,,,,,,,,,,,,,,
Dig,,91,100,80,Physical,10,0,"{'contact': 1, 'charge': 1, 'protect': 1, 'mirror': 1, 'nonsky': 1, 'metronome': 1, 'nosleeptalk': 1, 'noassist': 1, 'failinstruct': 1}",,normal,Ground,,Tough,"This attack charges on the first turn and executes on the second. On the first turn, the user avoids all attacks other than Earthquake and Magnitude but takes double damage from them, and is also unaffected by weather. If the user is holding a Power Herb, the move completes in one turn.","Digs underground turn 1, strikes turn 2.",,,,,,,{'duration': 2},,,,,,,,,,,,,,,,,,,,,,,,,,,,,,,,,,,,,,,,,,,,,
Dire Claw,,827,100,80,Physical,15,0,"{'contact': 1, 'protect': 1, 'mirror': 1, 'metronome': 1}",,normal,Poison,,,"Has a 50% chance to cause the target to either fall asleep, become poisoned, or become paralyzed.","50% chance to sleep, poison, or paralyze target.",,,,,{'chance': 50},,,,,,,,,,,,,,,,,,,,,,,,,,,,,,,,,,,,,,,,,,,,,,,
Disable,,50,100,0,Status,20,0,"{'protect': 1, 'reflectable': 1, 'mirror': 1, 'bypasssub': 1, 'metronome': 1}",,normal,Normal,{'effect': 'clearnegativeboost'},Clever,"For 4 turns, the target's last move used becomes disabled. Fails if one of the target's moves is already disabled, if the target has not made a move, if the target no longer knows the move, or if the move was a Max or G-Max Move.","For 4 turns, disables the target's last move used.",,,,,,,"{'duration': 5, 'noCopy': True, 'onResidualOrder': 17, 'onBeforeMovePriority': 7}",disable,,,,,,,,,,,,,,,,,,,,,,,,,,,,,,,,,,,,,,,,,,,,
Disarming Voice,,574,TRUE,40,Special,15,0,"{'protect': 1, 'mirror': 1, 'sound': 1, 'bypasssub': 1, 'metronome': 1}",,allAdjacentFoes,Fairy,,Cute,This move does not check accuracy.,This move does not check accuracy. Hits foes.,,,,,,,,,,,,,,,,,,,,,,,,,,,,,,,,,,,,,,,,,,,,,,,,,,,,
Discharge,,435,100,80,Special,15,0,"{'protect': 1, 'mirror': 1, 'metronome': 1}",,allAdjacent,Electric,,Beautiful,Has a 30% chance to paralyze the target.,30% chance to paralyze adjacent Pokemon.,,,,,"{'chance': 30, 'status': 'par'}",,,,,,,,,,,,,,,,,,,,,,,,,,,,,,,,,,,,,,,,,,,,,,,
Dive,,291,100,80,Physical,10,0,"{'contact': 1, 'charge': 1, 'protect': 1, 'mirror': 1, 'nonsky': 1, 'allyanim': 1, 'metronome': 1, 'nosleeptalk': 1, 'noassist': 1, 'failinstruct': 1}",,normal,Water,,Beautiful,"This attack charges on the first turn and executes on the second. On the first turn, the user avoids all attacks other than Surf and Whirlpool but takes double damage from them, and is also unaffected by weather. If the user is holding a Power Herb, the move completes in one turn.","Dives underwater turn 1, strikes turn 2.",,,,,,,{'duration': 2},,,,,,,,,,,,,,,,,,,,,,,,,,,,,,,,,,,,,,,,,,,,,
Dizzy Punch,,146,100,70,Physical,10,0,"{'contact': 1, 'protect': 1, 'mirror': 1, 'punch': 1, 'metronome': 1}",,normal,Normal,,Cute,Has a 20% chance to confuse the target.,20% chance to confuse the target.,,,Past,,"{'chance': 20, 'volatileStatus': 'confusion'}",,,,,,,,,,,,,,,,,,,,,,,,,,,,,,,,,,,,,,,,,,,,,,,
Doodle,,867,100,0,Status,10,0,{},,adjacentFoe,Normal,,,"The user and its ally's Abilities change to match the target's Ability. Does not change Ability if the user's or its ally's is As One, Battle Bond, Comatose, Disguise, Gulp Missile, Ice Face, Multitype, Power Construct, RKS System, Schooling, Shields Down, Stance Change, Tera Shift, Zen Mode, Zero to Hero, or already matches the target. Fails if both the user and its ally's Ability already matches the target, or if the target's Ability is As One, Battle Bond, Comatose, Commander, Disguise, Embody Aspect, Flower Gift, Forecast, Hunger Switch, Ice Face, Illusion, Imposter, Multitype, Neutralizing Gas, Poison Puppeteer, Power Construct, Power of Alchemy, Protosynthesis, Quark Drive, Receiver, RKS System, Schooling, Shields Down, Stance Change, Tera Shell, Tera Shift, Teraform Zero, Trace, Wonder Guard, Zen Mode, or Zero to Hero.",User and ally's Abilities become target's Ability.,,,,,,,,,,,,,,,,,,,,,,,,,,,,,,,,,,,,,,,,,,,,,,,,,,,,
Doom Desire,,353,100,140,Special,5,0,"{'metronome': 1, 'futuremove': 1}",,normal,Steel,,Beautiful,"Deals damage two turns after this move is used. At the end of that turn, the damage is calculated at that time and dealt to the Pokemon at the position the target had when the move was used. If the user is no longer active at the time, damage is calculated based on the user's natural Special Attack stat, types, and level, with no boosts from its held item or Ability. Fails if this move or Future Sight is already in effect for the target's position.",Hits two turns after being used.,,,,,,,,,,,,,,,,,,,,,,,,,,,,,,,,,,,,,,,,,,,,,,,,,,,,
Double-Edge,,38,100,120,Physical,15,0,"{'contact': 1, 'protect': 1, 'mirror': 1, 'metronome': 1}",,normal,Normal,,Tough,"If the target lost HP, the user takes recoil damage equal to 33% the HP lost by the target, rounded half up, but not less than 1 HP.",Has 33% recoil.,,,,,,,,,,,,,,,,,,,"[33, 100]",,,,,,,,,,,,,,,,,,,,,,,,,,,,,,,,,
Double Hit,,458,90,35,Physical,10,0,"{'contact': 1, 'protect': 1, 'mirror': 1, 'metronome': 1}",,normal,Normal,{'basePower': 140},Cool,"Hits twice. If the first hit breaks the target's substitute, it will take damage for the second hit.",Hits 2 times in one turn.,,,,,,,,,,2,,,,,,,,{'basePower': 120},,,,,,,,,,,,,,,,,,,,,,,,,,,,,,,,,,
Double Iron Bash,,742,100,60,Physical,5,0,"{'contact': 1, 'protect': 1, 'mirror': 1, 'punch': 1}",,normal,Steel,{'basePower': 180},Clever,"Hits twice. If the first hit breaks the target's substitute, it will take damage for the second hit. Has a 30% chance to make the target flinch.",Hits twice. 30% chance to make the target flinch.,,,Past,,"{'chance': 30, 'volatileStatus': 'flinch'}",,,,,2,,,,,,,,{'basePower': 140},,,,,,,,,,,,,,,,,,,,,,,,,,,,,,,,,,
Double Kick,,24,100,30,Physical,30,0,"{'contact': 1, 'protect': 1, 'mirror': 1, 'metronome': 1}",,normal,Fighting,,Cool,"Hits twice. If the first hit breaks the target's substitute, it will take damage for the second hit.",Hits 2 times in one turn.,,,,,,,,,,2,,,,,,,,{'basePower': 80},,,,,,,,,,,,,,,,,,,,,,,,,,,,,,,,,,
Double Shock,,892,100,120,Physical,5,0,"{'contact': 1, 'protect': 1, 'mirror': 1}",,normal,Electric,,Clever,"Fails unless the user is an Electric type. If this move is successful and the user is not Terastallized, the user's Electric type becomes typeless as long as it remains active.",User's Electric type: typeless; must be Electric.,,,,,,,,,{},,,,,,,,,,,,,,,,,,,,,,,,,,,,,,,,,,,,,,,,,,,
Double Slap,,3,85,15,Physical,10,0,"{'contact': 1, 'protect': 1, 'mirror': 1, 'metronome': 1}",,normal,Normal,,Cute,"Hits two to five times. Has a 35% chance to hit two or three times and a 15% chance to hit four or five times. If one of the hits breaks the target's substitute, it will take damage for the remaining hits. If the user has the Skill Link Ability, this move will always hit five times.",Hits 2-5 times in one turn.,,,Past,,,,,,,"[2, 5]",,,,,,,,,,,,,,,,,,,,,,,,,,,,,,,,,,,,,,,,,,
Double Team,,104,TRUE,0,Status,15,0,"{'snatch': 1, 'metronome': 1}",{'evasion': 1},self,Normal,{'effect': 'clearnegativeboost'},Cool,Raises the user's evasiveness by 1 stage.,Raises the user's evasiveness by 1.,,,,,,,,,,,,,,,,,,,,,,,,,,,,,,,,,,,,,,,,,,,,,,,,,,,,
Draco Meteor,,434,90,130,Special,5,0,"{'protect': 1, 'mirror': 1, 'metronome': 1}",,normal,Dragon,,Beautiful,Lowers the user's Special Attack by 2 stages.,Lowers the user's Sp. Atk by 2.,,,,,,,,,{'boosts': {'spa': -2}},,,,,,,,,,,,,,,,,,,,,,,,,,,,,,,,,,,,,,,,,,,
Dragon Ascent,,620,100,120,Physical,5,0,"{'contact': 1, 'protect': 1, 'mirror': 1, 'distance': 1}",,any,Flying,,Beautiful,Lowers the user's Defense and Special Defense by 1 stage.,Lowers the user's Defense and Sp. Def by 1.,,,,,,,,,"{'boosts': {'def': -1, 'spd': -1}}",,,,,,,,,,,,,,,,,,,,,,,,,,,,,,,,,,,,,,,,,,,
Dragon Breath,,225,100,60,Special,20,0,"{'protect': 1, 'mirror': 1, 'metronome': 1}",,normal,Dragon,,Cool,Has a 30% chance to paralyze the target.,30% chance to paralyze the target.,,,,,"{'chance': 30, 'status': 'par'}",,,,,,,,,,,,,,,,,,,,,,,,,,,,,,,,,,,,,,,,,,,,,,,
Dragon Cheer,,913,TRUE,0,Status,15,0,"{'bypasssub': 1, 'allyanim': 1, 'metronome': 1}",,adjacentAlly,Dragon,,,"Raises the target's chance for a critical hit by 1 stage, or by 2 stages if the target is Dragon type. Fails if there is no ally adjacent to the user, or if the target already has this effect or the Focus Energy effect. Baton Pass can be used to transfer this effect to an ally.","Ally: Crit ratio +1, or +2 if ally is Dragon type.",,,,,,,{},dragoncheer,,,,,,,,,,,,,,,,,,,,,,,,,,,,,,,,,,,,,,,,,,,,
Dragon Claw,,337,100,80,Physical,15,0,"{'contact': 1, 'protect': 1, 'mirror': 1, 'metronome': 1}",,normal,Dragon,,Cool,No additional effect.,No additional effect.,,,,,,,,,,,,,,,,,,,,,,,,,,,,,,,,,,,,,,,,,,,,,,,,,,,,
Dragon Dance,,349,TRUE,0,Status,20,0,"{'snatch': 1, 'dance': 1, 'metronome': 1}","{'atk': 1, 'spe': 1}",self,Dragon,{'effect': 'clearnegativeboost'},Cool,Raises the user's Attack and Speed by 1 stage.,Raises the user's Attack and Speed by 1.,,,,,,,,,,,,,,,,,,,,,,,,,,,,,,,,,,,,,,,,,,,,,,,,,,,,
Dragon Darts,,751,100,50,Physical,10,0,"{'protect': 1, 'mirror': 1, 'metronome': 1, 'noparentalbond': 1}",,normal,Dragon,,,"Hits twice. If the first hit breaks the target's substitute, it will take damage for the second hit. In Double Battles, this move attempts to hit the targeted Pokemon and its ally once each. If hitting one of these Pokemon would be prevented by immunity, protection, semi-invulnerability, an Ability, or accuracy, it attempts to hit the other Pokemon twice instead. If this move is redirected, it hits that target twice.",Hits twice. Doubles: Tries to hit each foe once.,,,,,,,,,,2,,,,,,,,{'basePower': 130},,,,,,,,,TRUE,,,,,,,,,,,,,,,,,,,,,,,,,
Dragon Energy,,820,100,150,Special,5,0,"{'protect': 1, 'mirror': 1}",,allAdjacentFoes,Dragon,,,"Power is equal to (user's current HP * 150 / user's maximum HP), rounded down, but not less than 1.",Less power as user's HP decreases. Hits foe(s).,,,,,,TRUE,,,,,,,,,,,,,,,,,,,,,,,,,,,,,,,,,,,,,,,,,,,,,,
Dragon Hammer,,692,100,90,Physical,15,0,"{'contact': 1, 'protect': 1, 'mirror': 1, 'metronome': 1}",,normal,Dragon,,Tough,No additional effect.,No additional effect.,,,,,,,,,,,,,,,,,,,,,,,,,,,,,,,,,,,,,,,,,,,,,,,,,,,,
Dragon Pulse,,406,100,85,Special,10,0,"{'protect': 1, 'mirror': 1, 'distance': 1, 'metronome': 1, 'pulse': 1}",,any,Dragon,,Beautiful,No additional effect.,No additional effect.,,,,,,,,,,,,,,,,,,,,,,,,,,,,,,,,,,,,,,,,,,,,,,,,,,,,
Dragon Rage,,82,100,0,Special,10,0,"{'protect': 1, 'mirror': 1, 'metronome': 1}",,normal,Dragon,,Cool,Deals 40 HP of damage to the target.,Deals 40 HP of damage to the target.,,,Past,,,,,,,,,,,,,,,,,,,,,,,,,40,,,,,,,,,,,,,,,,,,,,,,,,
Dragon Rush,,407,75,100,Physical,10,0,"{'contact': 1, 'protect': 1, 'mirror': 1, 'metronome': 1, 'minimize': 1}",,normal,Dragon,,Tough,Has a 20% chance to make the target flinch. Damage doubles and no accuracy check is done if the target has used Minimize while active.,20% chance to make the target flinch.,,,,,"{'chance': 20, 'volatileStatus': 'flinch'}",,,,,,,,,,,,,,,,,,,,,,,,,,,,,,,,,,,,,,,,,,,,,,,
Dragon Tail,,525,90,60,Physical,10,-6,"{'contact': 1, 'protect': 1, 'mirror': 1, 'metronome': 1, 'noassist': 1, 'failcopycat': 1}",,normal,Dragon,,Tough,"If both the user and the target have not fainted, the target is forced to switch out and be replaced with a random unfainted ally. This effect fails if the target used Ingrain previously, has the Suction Cups Ability, or this move hit a substitute.",Forces the target to switch to a random ally.,,,,,,,,,,,,,,,,,,,,,,,TRUE,,,,,,,,,,,,,,,,,,,,,,,,,,,,,
Draining Kiss,,577,100,50,Special,10,0,"{'contact': 1, 'protect': 1, 'mirror': 1, 'heal': 1, 'metronome': 1}",,normal,Fairy,,Cute,"The user recovers 3/4 the HP lost by the target, rounded half up. If Big Root is held by the user, the HP recovered is 1.3x normal, rounded half down.",User recovers 75% of the damage dealt.,,,,"[3, 4]",,,,,,,,,,,,,,,,,,,,,,,,,,,,,,,,,,,,,,,,,,,,,,,,
Drain Punch,,409,100,75,Physical,10,0,"{'contact': 1, 'protect': 1, 'mirror': 1, 'punch': 1, 'heal': 1, 'metronome': 1}",,normal,Fighting,,Tough,"The user recovers 1/2 the HP lost by the target, rounded half up. If Big Root is held by the user, the HP recovered is 1.3x normal, rounded half down.",User recovers 50% of the damage dealt.,,,,"[1, 2]",,,,,,,,,,,,,,,,,,,,,,,,,,,,,,,,,,,,,,,,,,,,,,,,
Dream Eater,,138,100,100,Special,15,0,"{'protect': 1, 'mirror': 1, 'heal': 1, 'metronome': 1}",,normal,Psychic,,Clever,"The target is unaffected by this move unless it is asleep. The user recovers 1/2 the HP lost by the target, rounded half up. If Big Root is held by the user, the HP recovered is 1.3x normal, rounded half down.",User gains 1/2 HP inflicted. Sleeping target only.,,,,"[1, 2]",,,,,,,,,,,,,,,,,,,,,,,,,,,,,,,,,,,,,,,,,,,,,,,,
Drill Peck,,65,100,80,Physical,20,0,"{'contact': 1, 'protect': 1, 'mirror': 1, 'distance': 1, 'metronome': 1}",,any,Flying,,Cool,No additional effect.,No additional effect.,,,,,,,,,,,,,,,,,,,,,,,,,,,,,,,,,,,,,,,,,,,,,,,,,,,,
Drill Run,,529,95,80,Physical,10,0,"{'contact': 1, 'protect': 1, 'mirror': 1, 'metronome': 1}",,normal,Ground,,Tough,Has a higher chance for a critical hit.,High critical hit ratio.,2,,,,,,,,,,,,,,,,,,,,,,,,,,,,,,,,,,,,,,,,,,,,,,,,,,,
Drum Beating,,778,100,80,Physical,10,0,"{'protect': 1, 'mirror': 1}",,normal,Grass,,,Has a 100% chance to lower the target's Speed by 1 stage.,100% chance to lower the target's Speed by 1.,,,,,"{'chance': 100, 'boosts': {'spe': -1}}",,,,,,,,,,,,,,,,,,,,,,,,,,,,,,,,,,,,,,,,,,,,,,,
Dual Chop,,530,90,40,Physical,15,0,"{'contact': 1, 'protect': 1, 'mirror': 1, 'metronome': 1}",,normal,Dragon,,Tough,"Hits twice. If the first hit breaks the target's substitute, it will take damage for the second hit.",Hits 2 times in one turn.,,,Past,,,,,,,2,,,,,,,,{'basePower': 130},,,,,,,,,,,,,,,,,,,,,,,,,,,,,,,,,,
Dual Wingbeat,,814,90,40,Physical,10,0,"{'contact': 1, 'protect': 1, 'mirror': 1, 'metronome': 1}",,normal,Flying,,,"Hits twice. If the first hit breaks the target's substitute, it will take damage for the second hit.",Hits 2 times in one turn.,,,,,,,,,,2,,,,,,,,{'basePower': 130},,,,,,,,,,,,,,,,,,,,,,,,,,,,,,,,,,
Dynamax Cannon,,744,100,100,Special,5,0,"{'protect': 1, 'failencore': 1, 'nosleeptalk': 1, 'failcopycat': 1, 'failmimic': 1, 'failinstruct': 1, 'noparentalbond': 1}",,normal,Dragon,,,No additional effect.,No additional effect.,,,,,,,,,,,,,,,,,,,,,,,,,,,,,,,,,,,,,,,,,,,,,,,,,,,,
Dynamic Punch,,223,50,100,Physical,5,0,"{'contact': 1, 'protect': 1, 'mirror': 1, 'punch': 1, 'metronome': 1}",,normal,Fighting,,Cool,Has a 100% chance to confuse the target.,100% chance to confuse the target.,,,,,"{'chance': 100, 'volatileStatus': 'confusion'}",,,,,,,,,,,,,,,,,,,,,,,,,,,,,,,,,,,,,,,,,,,,,,,
Earth Power,,414,100,90,Special,10,0,"{'protect': 1, 'mirror': 1, 'nonsky': 1, 'metronome': 1}",,normal,Ground,,Beautiful,Has a 10% chance to lower the target's Special Defense by 1 stage.,10% chance to lower the target's Sp. Def by 1.,,,,,"{'chance': 10, 'boosts': {'spd': -1}}",,,,,,,,,,,,,,,,,,,,,,,,,,,,,,,,,,,,,,,,,,,,,,,
Earthquake,,89,100,100,Physical,10,0,"{'protect': 1, 'mirror': 1, 'nonsky': 1, 'metronome': 1}",,allAdjacent,Ground,,Tough,Damage doubles if the target is using Dig.,Hits adjacent Pokemon. Double damage on Dig.,,,,,,,,,,,,,,,,,,,,,,,,,,,,,,,,,,,,,,,,,,,,,,,,,,,,
Echoed Voice,,497,100,40,Special,15,0,"{'protect': 1, 'mirror': 1, 'sound': 1, 'bypasssub': 1, 'metronome': 1}",,normal,Normal,,Beautiful,"For every consecutive turn that this move is used by at least one Pokemon, this move's power is multiplied by the number of turns to pass, but not more than 5.",Power increases when used on consecutive turns.,,,,,,TRUE,{'duration': 2},,,,,,,,,,,,,,,,,,,,,,,,,,,,,,,,,,,,,,,,,,,,,
Eerie Impulse,,598,100,0,Status,15,0,"{'protect': 1, 'reflectable': 1, 'mirror': 1, 'metronome': 1}",{'spa': -2},normal,Electric,{'boost': {'spd': 1}},Clever,Lowers the target's Special Attack by 2 stages.,Lowers the target's Sp. Atk by 2.,,,,,,,,,,,,,,,,,,,,,,,,,,,,,,,,,,,,,,,,,,,,,,,,,,,,
Eerie Spell,,826,100,80,Special,5,0,"{'protect': 1, 'mirror': 1, 'sound': 1, 'bypasssub': 1, 'metronome': 1}",,normal,Psychic,,,"If this move is successful and the user has not fainted, the target loses 3 PP from its last move.",Removes 3 PP from the target's last move.,,,,,{'chance': 100},,,,,,,,,,,,,,,,,,,,,,,,,,,,,,,,,,,,,,,,,,,,,,,
Egg Bomb,,121,75,100,Physical,10,0,"{'protect': 1, 'mirror': 1, 'metronome': 1, 'bullet': 1}",,normal,Normal,,Cute,No additional effect.,No additional effect.,,,Past,,,,,,,,,,,,,,,,,,,,,,,,,,,,,,,,,,,,,,,,,,,,,,,,,
Electric Terrain,,604,TRUE,0,Status,10,0,"{'nonsky': 1, 'metronome': 1}",,all,Electric,{'boost': {'spe': 1}},Clever,"For 5 turns, the terrain becomes Electric Terrain. During the effect, the power of Electric-type attacks made by grounded Pokemon is multiplied by 1.3 and grounded Pokemon cannot fall asleep; Pokemon already asleep do not wake up. Grounded Pokemon cannot become affected by Yawn or fall asleep from its effect. Camouflage transforms the user into an Electric type, Nature Power becomes Thunderbolt, and Secret Power has a 30% chance to cause paralysis. Fails if the current terrain is Electric Terrain.","5 turns. Grounded: +Electric power, can't sleep.",,,,,,,"{'effectType': 'Terrain', 'duration': 5, 'onBasePowerPriority': 6, 'onFieldResidualOrder': 27, 'onFieldResidualSubOrder': 7}",,,,,,,,,,,,,,,,,,,,,,electricterrain,,,,,,,,,,,,,,,,,,,,,,,
Electrify,,582,TRUE,0,Status,20,0,"{'protect': 1, 'mirror': 1, 'allyanim': 1, 'metronome': 1}",,normal,Electric,{'boost': {'spa': 1}},Clever,"Causes the target's move to become Electric type this turn. Among effects that can change a move's type, this effect happens last. Fails if the target already moved this turn.",Changes the target's move to Electric this turn.,,,Past,,,,"{'duration': 1, 'onModifyTypePriority': -2}",electrify,,,,,,,,,,,,,,,,,,,,,,,,,,,,,,,,,,,,,,,,,,,,
Electro Ball,,486,100,0,Special,10,0,"{'protect': 1, 'mirror': 1, 'metronome': 1, 'bullet': 1}",,normal,Electric,{'basePower': 160},Cool,"The power of this move depends on (user's current Speed / target's current Speed), rounded down. Power is equal to 150 if the result is 4 or more, 120 if 3, 80 if 2, 60 if 1, 40 if less than 1. If the target's current Speed is 0, this move's power is 40.",More power the faster the user is than the target.,,,,,,TRUE,,,,,,,,,,,,{'basePower': 130},,,,,,,,,,,,,,,,,,,,,,,,,,,,,,,,,,
Electro Drift,,879,100,100,Special,5,0,"{'contact': 1, 'protect': 1, 'mirror': 1}",,normal,Electric,,Cool,Damage is multiplied by 1.3333 if this move is super effective against the target.,Deals 1.3333x damage with supereffective hits.,,,,,,,,,,,,,,,,,,,,,,,,,,,,,,,,,,,,,,,,,,,,,,,,,,,,
Electro Shot,,905,100,130,Special,10,0,"{'charge': 1, 'protect': 1, 'mirror': 1, 'metronome': 1}",,normal,Electric,,,"This attack charges on the first turn and executes on the second. Raises the user's Special Attack by 1 stage on the first turn. If the user is holding a Power Herb or the weather is Primordial Sea or Rain Dance, the move completes in one turn. If the user is holding Utility Umbrella and the weather is Primordial Sea or Rain Dance, the move still requires a turn to charge.","Raises Sp. Atk by 1, hits turn 2. Rain: no charge.",,,,,,,,,,,,,,,,,,,,,,,,,,,,,,TRUE,,,,,,,,,,,,,,,,,,,,,,
Electroweb,,527,95,55,Special,15,0,"{'protect': 1, 'mirror': 1, 'metronome': 1}",,allAdjacentFoes,Electric,,Beautiful,Has a 100% chance to lower the target's Speed by 1 stage.,100% chance to lower the foe(s) Speed by 1.,,,,,"{'chance': 100, 'boosts': {'spe': -1}}",,,,,,,,,,,,,,,,,,,,,,,,,,,,,,,,,,,,,,,,,,,,,,,
Embargo,,373,100,0,Status,15,0,"{'protect': 1, 'reflectable': 1, 'mirror': 1, 'metronome': 1}",,normal,Dark,{'boost': {'spa': 1}},Clever,"For 5 turns, the target's held item has no effect. An item's effect of causing forme changes is unaffected, but any other effects from such items are negated. During the effect, Fling and Natural Gift are prevented from being used by the target. Items thrown at the target with Fling will still activate for it. If the target uses Baton Pass, the replacement will remain unable to use items.","For 5 turns, the target's item has no effect.",,,Past,,,,"{'duration': 5, 'onResidualOrder': 21}",embargo,,,,,,,,,,,,,,,,,,,,,,,,,,,,,,,,,,,,,,,,,,,,
Ember,,52,100,40,Special,25,0,"{'protect': 1, 'mirror': 1, 'metronome': 1}",,normal,Fire,,Cute,Has a 10% chance to burn the target.,10% chance to burn the target.,,,,,"{'chance': 10, 'status': 'brn'}",,,,,,,,,,,,,,,,,,,,,,,,,,,,,,,,,,,,,,,,,,,,,,,
Encore,,227,100,0,Status,5,0,"{'protect': 1, 'reflectable': 1, 'mirror': 1, 'bypasssub': 1, 'metronome': 1, 'failencore': 1}",,normal,Normal,{'boost': {'spe': 1}},Cute,"For its next 3 turns, the target is forced to repeat its last move used. If the affected move runs out of PP, the effect ends. Fails if the target is already under this effect, if it has not made a move, if the move has 0 PP, or if the move is Assist, Blazing Torque, Combat Torque, Copycat, Dynamax Cannon, Encore, Magical Torque, Me First, Metronome, Mimic, Mirror Move, Nature Power, Noxious Torque, Sketch, Sleep Talk, Struggle, Transform, or Wicked Torque.",Target repeats its last move for its next 3 turns.,,,,,,,"{'duration': 3, 'noCopy': True, 'onResidualOrder': 16}",encore,,,,,,,,,,,,,,,,,,,,,,,,,,,,,,,,,,,,,,,,,,,,
Endeavor,,283,100,0,Physical,5,0,"{'contact': 1, 'protect': 1, 'mirror': 1, 'metronome': 1, 'noparentalbond': 1}",,normal,Normal,{'basePower': 160},Tough,Deals damage to the target equal to (target's current HP - user's current HP). The target is unaffected if its current HP is less than or equal to the user's current HP.,Lowers the target's HP to the user's HP.,,,,,,,,,,,,,,,,,,{'basePower': 130},,,,,,,,,,,,,,,,,,,,,,,,,,,,,,,,,,
Endure,,203,TRUE,0,Status,10,4,"{'noassist': 1, 'failcopycat': 1}",,self,Normal,{'effect': 'clearnegativeboost'},Tough,"The user will survive attacks made by other Pokemon during this turn with at least 1 HP. This move has a 1/X chance of being successful, where X starts at 1 and triples each time this move is successfully used. X resets to 1 if this move fails, if the user's last move used is not Baneful Bunker, Burning Bulwark, Detect, Endure, King's Shield, Max Guard, Obstruct, Protect, Quick Guard, Silk Trap, Spiky Shield, or Wide Guard, or if it was one of those moves and the user's protection was broken. Fails if the user moves last this turn.",User survives attacks this turn with at least 1 HP.,,,,,,,"{'duration': 1, 'onDamagePriority': -10}",endure,,,,,,TRUE,,,,,,,,,,,,,,,,,,,,,,,,,,,,,,,,,,,,,,
Energy Ball,,412,100,90,Special,10,0,"{'protect': 1, 'mirror': 1, 'metronome': 1, 'bullet': 1}",,normal,Grass,,Beautiful,Has a 10% chance to lower the target's Special Defense by 1 stage.,10% chance to lower the target's Sp. Def by 1.,,,,,"{'chance': 10, 'boosts': {'spd': -1}}",,,,,,,,,,,,,,,,,,,,,,,,,,,,,,,,,,,,,,,,,,,,,,,
Entrainment,,494,100,0,Status,15,0,"{'protect': 1, 'reflectable': 1, 'mirror': 1, 'allyanim': 1, 'metronome': 1}",,normal,Normal,{'boost': {'spd': 1}},Cute,"Causes the target's Ability to become the same as the user's. Fails if the target's Ability is As One, Battle Bond, Comatose, Disguise, Gulp Missile, Ice Face, Multitype, Power Construct, RKS System, Schooling, Shields Down, Stance Change, Tera Shift, Truant, Zen Mode, or Zero to Hero, or the same Ability as the user, or if the user's Ability is As One, Battle Bond, Comatose, Commander, Disguise, Embody Aspect, Flower Gift, Forecast, Hunger Switch, Ice Face, Illusion, Imposter, Multitype, Neutralizing Gas, Poison Puppeteer, Power Construct, Power of Alchemy, Protosynthesis, Quark Drive, Receiver, RKS System, Schooling, Shields Down, Stance Change, Tera Shell, Tera Shift, Teraform Zero, Trace, Wonder Guard, Zen Mode, or Zero to Hero.",The target's Ability changes to match the user's.,,,,,,,,,,,,,,,,,,,,,,,,,,,,,,,,,,,,,,,,,,,,,,,,,,,,
Eruption,,284,100,150,Special,5,0,"{'protect': 1, 'mirror': 1, 'metronome': 1}",,allAdjacentFoes,Fire,,Beautiful,"Power is equal to (user's current HP * 150 / user's maximum HP), rounded down, but not less than 1.",Less power as user's HP decreases. Hits foe(s).,,,,,,TRUE,,,,,,,,,,,,,,,,,,,,,,,,,,,,,,,,,,,,,,,,,,,,,,
Esper Wing,,840,100,80,Special,10,0,"{'protect': 1, 'mirror': 1, 'metronome': 1}",,normal,Psychic,,,Has a 100% chance to raise the user's Speed by 1 stage and a higher chance for a critical hit.,100% chance to raise user Speed by 1. High crit.,2,,,,"{'chance': 100, 'self': {'boosts': {'spe': 1}}}",,,,,,,,,,,,,,,,,,,,,,,,,,,,,,,,,,,,,,,,,,,,,,,
Eternabeam,,795,90,160,Special,5,0,"{'recharge': 1, 'protect': 1, 'mirror': 1}",,normal,Dragon,,,"If this move is successful, the user must recharge on the following turn and cannot select a move.",User cannot move next turn.,,,Past,,,,,,{'volatileStatus': 'mustrecharge'},,,,,,,,,,,,,,,,,,,,,,,,,,,,,,,,,,,,,,,,,,,
Expanding Force,,797,100,80,Special,10,0,"{'protect': 1, 'mirror': 1, 'metronome': 1}",,normal,Psychic,,,"If the current terrain is Psychic Terrain and the user is grounded, this move hits all opposing Pokemon and has its power multiplied by 1.5.","User on Psychic Terrain: 1.5x power, hits foes.",,,,,,,,,,,,,,,,,,,,,,,,,,,,,,,,,,,,,,,,,,,,,,,,,,,,
Explosion,,153,100,250,Physical,5,0,"{'protect': 1, 'mirror': 1, 'metronome': 1, 'noparentalbond': 1}",,allAdjacent,Normal,,Beautiful,"The user faints after using this move, even if this move fails for having no target. This move is prevented from executing if any active Pokemon has the Damp Ability.",Hits adjacent Pokemon. The user faints.,,,,,,,,,,,,,,,,,,,,,,,,,,,,,,,always,,,,,,,,,,,,,,,,,,,,,
Extrasensory,,326,100,80,Special,20,0,"{'protect': 1, 'mirror': 1, 'metronome': 1}",,normal,Psychic,,Cool,Has a 10% chance to make the target flinch.,10% chance to make the target flinch.,,,,,"{'chance': 10, 'volatileStatus': 'flinch'}",,,,,,,,,,,,,,,,,,,,,,,,,,,,,,,,,,,,,,,,,,,,,,,
Extreme Evoboost,,702,TRUE,0,Status,1,0,{},"{'atk': 2, 'def': 2, 'spa': 2, 'spd': 2, 'spe': 2}",self,Normal,,Beautiful,"Raises the user's Attack, Defense, Special Attack, Special Defense, and Speed by 2 stages.","Raises user's Atk, Def, SpA, SpD, and Spe by 2.",,eeviumz,Past,,,,,,,,,,,,,,,,,,,,,,,,,,,,,,,,,,,,,,,,,,,,,,,,,
Extreme Speed,,245,100,80,Physical,5,2,"{'contact': 1, 'protect': 1, 'mirror': 1, 'metronome': 1}",,normal,Normal,,Cool,No additional effect.,Nearly always goes first.,,,,,,,,,,,,,,,,,,,,,,,,,,,,,,,,,,,,,,,,,,,,,,,,,,,,
Facade,,263,100,70,Physical,20,0,"{'contact': 1, 'protect': 1, 'mirror': 1, 'metronome': 1}",,normal,Normal,,Cute,"Power doubles if the user is burned, paralyzed, or poisoned. The physical damage halving effect from the user's burn is ignored.",Power doubles if user is burn/poison/paralyzed.,,,,,,,,,,,,,,,,,,,,,,,,,,,,,,,,,,,,,,,,,,,,,,,,,,,,
Fairy Lock,,587,TRUE,0,Status,10,0,"{'mirror': 1, 'bypasssub': 1, 'metronome': 1}",,all,Fairy,{'boost': {'def': 1}},Clever,"Prevents all active Pokemon from switching next turn. A Pokemon can still switch out if it is holding Shed Shell or uses Baton Pass, Flip Turn, Parting Shot, Teleport, U-turn, or Volt Switch. Fails if the effect is already active.",Prevents all Pokemon from switching next turn.,,,,,,,{'duration': 2},,,,,,,,,,,,,,,,,,,,,,,,,fairylock,,,,,,,,,,,,,,,,,,,,
Fairy Wind,,584,100,40,Special,30,0,"{'protect': 1, 'mirror': 1, 'metronome': 1, 'wind': 1}",,normal,Fairy,,Beautiful,No additional effect.,No additional effect.,,,,,,,,,,,,,,,,,,,,,,,,,,,,,,,,,,,,,,,,,,,,,,,,,,,,
Fake Out,,252,100,40,Physical,10,3,"{'contact': 1, 'protect': 1, 'mirror': 1, 'metronome': 1}",,normal,Normal,,Cute,Has a 100% chance to make the target flinch. Fails unless it is the user's first turn on the field.,Hits first. First turn out only. 100% flinch chance.,,,,,"{'chance': 100, 'volatileStatus': 'flinch'}",,,,,,,,,,,,,,,,,,,,,,,,,,,,,,,,,,,,,,,,,,,,,,,
Fake Tears,,313,100,0,Status,20,0,"{'protect': 1, 'reflectable': 1, 'mirror': 1, 'allyanim': 1, 'metronome': 1}",{'spd': -2},normal,Dark,{'boost': {'spa': 1}},Cute,Lowers the target's Special Defense by 2 stages.,Lowers the target's Sp. Def by 2.,,,,,,,,,,,,,,,,,,,,,,,,,,,,,,,,,,,,,,,,,,,,,,,,,,,,
False Surrender,,793,TRUE,80,Physical,10,0,"{'contact': 1, 'protect': 1, 'mirror': 1}",,normal,Dark,,,This move does not check accuracy.,This move does not check accuracy.,,,,,,,,,,,,,,,,,,,,,,,,,,,,,,,,,,,,,,,,,,,,,,,,,,,,
False Swipe,,206,100,40,Physical,40,0,"{'contact': 1, 'protect': 1, 'mirror': 1, 'metronome': 1}",,normal,Normal,,Cool,Leaves the target with at least 1 HP.,Always leaves the target with at least 1 HP.,,,,,,,,,,,,,,,,,,,,,,,,,,,,,,,,,-20,,,,,,,,,,,,,,,,,,,
Feather Dance,,297,100,0,Status,15,0,"{'protect': 1, 'reflectable': 1, 'mirror': 1, 'dance': 1, 'allyanim': 1, 'metronome': 1}",{'atk': -2},normal,Flying,{'boost': {'def': 1}},Beautiful,Lowers the target's Attack by 2 stages.,Lowers the target's Attack by 2.,,,,,,,,,,,,,,,,,,,,,,,,,,,,,,,,,,,,,,,,,,,,,,,,,,,,
Feint,,364,100,30,Physical,10,2,"{'mirror': 1, 'noassist': 1, 'failcopycat': 1}",,normal,Normal,,Clever,"If this move is successful, it breaks through the target's Baneful Bunker, Detect, King's Shield, Protect, or Spiky Shield for this turn, allowing other Pokemon to attack the target normally. If the target's side is protected by Crafty Shield, Mat Block, Quick Guard, or Wide Guard, that protection is also broken for this turn and other Pokemon may attack the target's side normally.","Nullifies Detect, Protect, and Quick/Wide Guard.",,,,,,,,,,,,,,,,,,,,,,,,,,,,,,,,,,TRUE,,,,,,,,,,,,,,,,,,
Feint Attack,,185,TRUE,60,Physical,20,0,"{'contact': 1, 'protect': 1, 'mirror': 1, 'metronome': 1}",,normal,Dark,,Clever,This move does not check accuracy.,This move does not check accuracy.,,,Past,,,,,,,,,,,,,,,,,,,,,,,,,,,,,,,,,,,,,,,,,,,,,,,,,
Fell Stinger,,565,100,50,Physical,25,0,"{'contact': 1, 'protect': 1, 'mirror': 1, 'metronome': 1}",,normal,Bug,,Cool,Raises the user's Attack by 3 stages if this move knocks out the target.,Raises user's Attack by 3 if this KOes the target.,,,,,,,,,,,,,,,,,,,,,,,,,,,,,,,,,,,,,,,,,,,,,,,,,,,,
Fickle Beam,,907,100,80,Special,5,0,"{'protect': 1, 'mirror': 1, 'metronome': 1}",,normal,Dragon,,,Has a 30% chance this move's power is doubled.,Has a 30% chance this move's power is doubled.,,,,,,,,,,,,,,,,,,,,,,,,,,,,,,,,,,,,,,,,,,,,,,,,,,,,
Fiery Dance,,552,100,80,Special,10,0,"{'protect': 1, 'mirror': 1, 'dance': 1, 'metronome': 1}",,normal,Fire,,Beautiful,Has a 50% chance to raise the user's Special Attack by 1 stage.,50% chance to raise the user's Sp. Atk by 1.,,,,,"{'chance': 50, 'self': {'boosts': {'spa': 1}}}",,,,,,,,,,,,,,,,,,,,,,,,,,,,,,,,,,,,,,,,,,,,,,,
Fiery Wrath,,822,100,90,Special,10,0,"{'protect': 1, 'mirror': 1}",,allAdjacentFoes,Dark,,,Has a 20% chance to make the target flinch.,20% chance to make the foe(s) flinch.,,,,,"{'chance': 20, 'volatileStatus': 'flinch'}",,,,,,,,,,,,,,,,,,,,,,,,,,,,,,,,,,,,,,,,,,,,,,,
Fillet Away,,868,TRUE,0,Status,10,0,{'snatch': 1},"{'atk': 2, 'spa': 2, 'spe': 2}",self,Normal,,,"Raises the user's Attack, Special Attack, and Speed by 2 stages in exchange for the user losing 1/2 of its maximum HP, rounded down. Fails if the user would faint or if its Attack, Special Attack, and Speed stat stages would not change.","+2 Attack, Sp. Atk, Speed for 1/2 user's max HP.",,,,,,,,,,,,,,,,,,,,,,,,,,,,,,,,,,,,,,,,,,,,,,,,,,,,
Final Gambit,,515,100,0,Special,5,0,"{'protect': 1, 'metronome': 1, 'noparentalbond': 1}",,normal,Fighting,{'basePower': 180},Tough,"Deals damage to the target equal to the user's current HP. If this move is successful, the user faints.",Does damage equal to the user's HP. User faints.,,,,,,,,,,,,,,,,,,,,,,,,,,,,,,,ifHit,,,,,,,,,,,,,,,,,,,,,
Fire Blast,,126,85,110,Special,5,0,"{'protect': 1, 'mirror': 1, 'metronome': 1}",,normal,Fire,,Beautiful,Has a 10% chance to burn the target.,10% chance to burn the target.,,,,,"{'chance': 10, 'status': 'brn'}",,,,,,,,,,,,,,,,,,,,,,,,,,,,,,,,,,,,,,,,,,,,,,,
Fire Fang,,424,95,65,Physical,15,0,"{'contact': 1, 'protect': 1, 'mirror': 1, 'metronome': 1, 'bite': 1}",,normal,Fire,,Cool,Has a 10% chance to burn the target and a 10% chance to make it flinch.,10% chance to burn. 10% chance to flinch.,,,,,,,,,,,,,,,,,,,,,,,,,,,,,,,,,,,"[{'chance': 10, 'status': 'brn'}, {'chance': 10, 'volatileStatus': 'flinch'}]",,,,,,,,,,,,,,,,,
Fire Lash,,680,100,80,Physical,15,0,"{'contact': 1, 'protect': 1, 'mirror': 1, 'metronome': 1}",,normal,Fire,,Cute,Has a 100% chance to lower the target's Defense by 1 stage.,100% chance to lower the target's Defense by 1.,,,,,"{'chance': 100, 'boosts': {'def': -1}}",,,,,,,,,,,,,,,,,,,,,,,,,,,,,,,,,,,,,,,,,,,,,,,
Fire Pledge,,519,100,80,Special,10,0,"{'protect': 1, 'mirror': 1, 'nonsky': 1, 'metronome': 1, 'pledgecombo': 1}",,normal,Fire,,Beautiful,"If one of the user's allies chose to use Grass Pledge or Water Pledge this turn and has not moved yet, it takes its turn immediately after the user and the user's move does nothing. If combined with Grass Pledge, the ally uses Fire Pledge with 150 power and a sea of fire appears on the target's side for 4 turns, which causes damage to non-Fire types equal to 1/8 of their maximum HP, rounded down, at the end of each turn during effect, including the last turn. If combined with Water Pledge, the ally uses Water Pledge with 150 power and a rainbow appears on the user's side for 4 turns, which doubles secondary effect chances and stacks with the Serene Grace Ability, except effects that cause flinching can only have their chance doubled once. When used as a combined move, this move gains STAB no matter what the user's type is. This move does not consume the user's Fire Gem.",Use with Grass or Water Pledge for added effect.,,,,,,TRUE,"{'duration': 4, 'onResidualOrder': 5, 'onResidualSubOrder': 1, 'onSideResidualOrder': 26, 'onSideResidualSubOrder': 8}",,,,,,,,,,,,,,,,,,,,,,,,,,,,,,,,,,,,,,,,,,,,,
Fire Punch,,7,100,75,Physical,15,0,"{'contact': 1, 'protect': 1, 'mirror': 1, 'punch': 1, 'metronome': 1}",,normal,Fire,,Tough,Has a 10% chance to burn the target.,10% chance to burn the target.,,,,,"{'chance': 10, 'status': 'brn'}",,,,,,,,,,,,,,,,,,,,,,,,,,,,,,,,,,,,,,,,,,,,,,,
Fire Spin,,83,85,35,Special,15,0,"{'protect': 1, 'mirror': 1, 'metronome': 1}",,normal,Fire,,Beautiful,"Prevents the target from switching for four or five turns (seven turns if the user is holding Grip Claw). Causes damage to the target equal to 1/8 of its maximum HP (1/6 if the user is holding Binding Band), rounded down, at the end of each turn during effect. The target can still switch out if it is holding Shed Shell or uses Baton Pass, Flip Turn, Parting Shot, Shed Tail, Teleport, U-turn, or Volt Switch. The effect ends if either the user or the target leaves the field, or if the target uses Mortal Spin, Rapid Spin, or Substitute successfully. This effect is not stackable or reset by using this or another binding move.",Traps and damages the target for 4-5 turns.,,,,,,,,partiallytrapped,,,,,,,,,,,,,,,,,,,,,,,,,,,,,,,,,,,,,,,,,,,,
First Impression,,660,100,90,Physical,10,2,"{'contact': 1, 'protect': 1, 'mirror': 1, 'metronome': 1}",,normal,Bug,,Cute,Fails unless it is the user's first turn on the field.,Nearly always goes first. First turn out only.,,,,,,,,,,,,,,,,,,,,,,,,,,,,,,,,,,,,,,,,,,,,,,,,,,,,
Fishious Rend,,755,100,85,Physical,10,0,"{'contact': 1, 'protect': 1, 'mirror': 1, 'metronome': 1, 'bite': 1}",,normal,Water,,,Power doubles if the user moves before the target.,Power doubles if user moves before the target.,,,Past,,,TRUE,,,,,,,,,,,,,,,,,,,,,,,,,,,,,,,,,,,,,,,,,,,,,,
Fissure,,90,30,0,Physical,5,0,"{'protect': 1, 'mirror': 1, 'nonsky': 1, 'metronome': 1}",,normal,Ground,{'basePower': 180},Tough,"Deals damage to the target equal to the target's maximum HP. Ignores accuracy and evasiveness modifiers. This attack's accuracy is equal to (user's level - target's level + 30)%, and fails if the target is at a higher level. Pokemon with the Sturdy Ability are immune.",OHKOs the target. Fails if user is a lower level.,,,,,,,,,,,,,,,,,,{'basePower': 130},,,,,,,,,,,,,,,,,,TRUE,,,,,,,,,,,,,,,,
Flail,,175,100,0,Physical,15,0,"{'contact': 1, 'protect': 1, 'mirror': 1, 'metronome': 1}",,normal,Normal,{'basePower': 160},Cute,"The power of this move is 20 if X is 33 to 48, 40 if X is 17 to 32, 80 if X is 10 to 16, 100 if X is 5 to 9, 150 if X is 2 to 4, and 200 if X is 0 or 1, where X is equal to (user's current HP * 48 / user's maximum HP), rounded down.",More power the less HP the user has left.,,,,,,TRUE,,,,,,,,,,,,{'basePower': 130},,,,,,,,,,,,,,,,,,,,,,,,,,,,,,,,,,
Flame Burst,,481,100,70,Special,15,0,"{'protect': 1, 'mirror': 1, 'metronome': 1}",,normal,Fire,,Beautiful,"If this move is successful, the target's ally loses 1/16 of its maximum HP, rounded down, unless it has the Magic Guard Ability.",Damages Pokemon next to the target as well.,,,Past,,,,,,,,,,,,,,,,,,,,,,,,,,,,,,,,,,,,,,,,,,,,,,,,,
Flame Charge,,488,100,50,Physical,20,0,"{'contact': 1, 'protect': 1, 'mirror': 1, 'metronome': 1}",,normal,Fire,,Cool,Has a 100% chance to raise the user's Speed by 1 stage.,100% chance to raise the user's Speed by 1.,,,,,"{'chance': 100, 'self': {'boosts': {'spe': 1}}}",,,,,,,,,,,,,,,,,,,,,,,,,,,,,,,,,,,,,,,,,,,,,,,
Flamethrower,,53,100,90,Special,15,0,"{'protect': 1, 'mirror': 1, 'metronome': 1}",,normal,Fire,,Beautiful,Has a 10% chance to burn the target.,10% chance to burn the target.,,,,,"{'chance': 10, 'status': 'brn'}",,,,,,,,,,,,,,,,,,,,,,,,,,,,,,,,,,,,,,,,,,,,,,,
Flame Wheel,,172,100,60,Physical,25,0,"{'contact': 1, 'protect': 1, 'mirror': 1, 'defrost': 1, 'metronome': 1}",,normal,Fire,,Beautiful,Has a 10% chance to burn the target.,10% chance to burn the target. Thaws user.,,,,,"{'chance': 10, 'status': 'brn'}",,,,,,,,,,,,,,,,,,,,,,,,,,,,,,,,,,,,,,,,,,,,,,,
Flare Blitz,,394,100,120,Physical,15,0,"{'contact': 1, 'protect': 1, 'mirror': 1, 'defrost': 1, 'metronome': 1}",,normal,Fire,,Cool,"Has a 10% chance to burn the target. If the target lost HP, the user takes recoil damage equal to 33% the HP lost by the target, rounded half up, but not less than 1 HP.",Has 33% recoil. 10% chance to burn. Thaws user.,,,,,"{'chance': 10, 'status': 'brn'}",,,,,,,,,,,,,,"[33, 100]",,,,,,,,,,,,,,,,,,,,,,,,,,,,,,,,,
Flash,,148,100,0,Status,20,0,"{'protect': 1, 'reflectable': 1, 'mirror': 1, 'metronome': 1}",{'accuracy': -1},normal,Normal,{'boost': {'evasion': 1}},Beautiful,Lowers the target's accuracy by 1 stage.,Lowers the target's accuracy by 1.,,,Past,,,,,,,,,,,,,,,,,,,,,,,,,,,,,,,,,,,,,,,,,,,,,,,,,
Flash Cannon,,430,100,80,Special,10,0,"{'protect': 1, 'mirror': 1, 'metronome': 1}",,normal,Steel,,Beautiful,Has a 10% chance to lower the target's Special Defense by 1 stage.,10% chance to lower the target's Sp. Def by 1.,,,,,"{'chance': 10, 'boosts': {'spd': -1}}",,,,,,,,,,,,,,,,,,,,,,,,,,,,,,,,,,,,,,,,,,,,,,,
Flatter,,260,100,0,Status,15,0,"{'protect': 1, 'reflectable': 1, 'mirror': 1, 'allyanim': 1, 'metronome': 1}",{'spa': 1},normal,Dark,{'boost': {'spd': 1}},Clever,Raises the target's Special Attack by 1 stage and confuses it.,Raises the target's Sp. Atk by 1 and confuses it.,,,,,,,,confusion,,,,,,,,,,,,,,,,,,,,,,,,,,,,,,,,,,,,,,,,,,,,
Fleur Cannon,,705,90,130,Special,5,0,"{'protect': 1, 'mirror': 1}",,normal,Fairy,,Beautiful,Lowers the user's Special Attack by 2 stages.,Lowers the user's Sp. Atk by 2.,,,,,,,,,{'boosts': {'spa': -2}},,,,,,,,,,,,,,,,,,,,,,,,,,,,,,,,,,,,,,,,,,,
Fling,,374,100,0,Physical,10,0,"{'protect': 1, 'mirror': 1, 'allyanim': 1, 'metronome': 1, 'noparentalbond': 1}",,normal,Dark,,Cute,"The power of this move is based on the user's held item. The held item is lost and it activates for the target if applicable. If there is no target or the target avoids this move by protecting itself, the user's held item is still lost. The user can regain a thrown item with Recycle or the Harvest Ability. Fails if the user has no held item, if the held item cannot be thrown, if the user is under the effect of Embargo or Magic Room, or if the user has the Klutz Ability.",Flings the user's item at the target. Power varies.,,,,,,,{},,,,,,,,,,,,,,,,,,,,,,,,,,,,,,,,,,,,,,,,,,,,,
Flip Turn,,812,100,60,Physical,20,0,"{'contact': 1, 'protect': 1, 'mirror': 1, 'metronome': 1}",,normal,Water,,,"If this move is successful and the user has not fainted, the user switches out even if it is trapped and is replaced immediately by a selected party member. The user does not switch out if there are no unfainted party members, or if the target switched out using an Eject Button or through the effect of the Emergency Exit or Wimp Out Abilities.",User switches out after damaging the target.,,,,,,,,,,,,,,,TRUE,,,,,,,,,,,,,,,,,,,,,,,,,,,,,,,,,,,,,
Floaty Fall,,731,95,90,Physical,15,0,"{'contact': 1, 'protect': 1, 'mirror': 1, 'gravity': 1}",,normal,Flying,,Cool,Has a 30% chance to make the target flinch.,30% chance to make the target flinch.,,,LGPE,,"{'chance': 30, 'volatileStatus': 'flinch'}",,,,,,,,,,,,,,,,,,,,,,,,,,,,,,,,,,,,,,,,,,,,,,,
Floral Healing,,666,TRUE,0,Status,10,0,"{'protect': 1, 'reflectable': 1, 'heal': 1, 'allyanim': 1, 'metronome': 1}",,normal,Fairy,{'effect': 'clearnegativeboost'},Beautiful,"The target restores 1/2 of its maximum HP, rounded half up. If the terrain is Grassy Terrain, the target instead restores 2/3 of its maximum HP, rounded half down.",Heals the target by 50% of its max HP.,,,,,,,,,,,,,,,,,,,,,,,,,,,,,,,,,,,,,,,,,,,,,,,,,,,,
Flower Shield,,579,TRUE,0,Status,10,0,"{'distance': 1, 'metronome': 1}",,all,Fairy,{'boost': {'def': 1}},Beautiful,Raises the Defense of all active Grass-type Pokemon by 1 stage. Fails if there are no active Grass-type Pokemon.,Raises Defense by 1 of all active Grass types.,,,Past,,,,,,,,,,,,,,,,,,,,,,,,,,,,,,,,,,,,,,,,,,,,,,,,,
Flower Trick,,870,TRUE,70,Physical,10,0,"{'protect': 1, 'mirror': 1, 'metronome': 1}",,normal,Grass,,,This move is always a critical hit unless the target is under the effect of Lucky Chant or has the Battle Armor or Shell Armor Abilities. This move does not check accuracy.,Always results in a critical hit; no accuracy check.,,,,,,,,,,,,,,,,,,,,,,,,,,,,,,,,,,,,,TRUE,,,,,,,,,,,,,,,
Fly,,19,95,90,Physical,15,0,"{'contact': 1, 'charge': 1, 'protect': 1, 'mirror': 1, 'gravity': 1, 'distance': 1, 'metronome': 1, 'nosleeptalk': 1, 'noassist': 1, 'failinstruct': 1}",,any,Flying,,Clever,"This attack charges on the first turn and executes on the second. On the first turn, the user avoids all attacks other than Gust, Hurricane, Sky Uppercut, Smack Down, Thousand Arrows, Thunder, and Twister, and Gust and Twister have doubled power when used against it. If the user is holding a Power Herb, the move completes in one turn.","Flies up on first turn, then strikes the next turn.",,,,,,,{'duration': 2},,,,,,,,,,,,,,,,,,,,,,,,,,,,,,,,,,,,,,,,,,,,,
Flying Press,,560,95,100,Physical,10,0,"{'contact': 1, 'protect': 1, 'mirror': 1, 'gravity': 1, 'distance': 1, 'nonsky': 1, 'metronome': 1, 'minimize': 1}",,any,Fighting,{'basePower': 170},Tough,This move combines Flying in its type effectiveness against the target. Damage doubles and no accuracy check is done if the target has used Minimize while active.,Combines Flying in its type effectiveness.,,,,,,,,,,,,,,,,,,,,,,,,,,,,,,,,,,,,,,,,,,,,,,,,,,,,
Focus Blast,,411,70,120,Special,5,0,"{'protect': 1, 'mirror': 1, 'metronome': 1, 'bullet': 1}",,normal,Fighting,,Cool,Has a 10% chance to lower the target's Special Defense by 1 stage.,10% chance to lower the target's Sp. Def by 1.,,,,,"{'chance': 10, 'boosts': {'spd': -1}}",,,,,,,,,,,,,,,,,,,,,,,,,,,,,,,,,,,,,,,,,,,,,,,
Focus Energy,,116,TRUE,0,Status,30,0,"{'snatch': 1, 'metronome': 1}",,self,Normal,{'boost': {'accuracy': 1}},Cool,Raises the user's chance for a critical hit by 2 stages. Fails if the user already has the effect. Baton Pass can be used to transfer this effect to an ally.,Raises the user's critical hit ratio by 2.,,,,,,,{},focusenergy,,,,,,,,,,,,,,,,,,,,,,,,,,,,,,,,,,,,,,,,,,,,
Focus Punch,,264,100,150,Physical,20,-3,"{'contact': 1, 'protect': 1, 'punch': 1, 'failmefirst': 1, 'nosleeptalk': 1, 'noassist': 1, 'failcopycat': 1, 'failinstruct': 1}",,normal,Fighting,,Tough,The user loses its focus and does nothing if it is hit by a damaging attack this turn before it can execute the move.,Fails if the user takes damage before it hits.,,,,,,,{'duration': 1},,,,,,,,,,,,,,,,,,,,,,,,,,,,,,,,,,,,,,,,,,,,,
Follow Me,,266,TRUE,0,Status,20,2,"{'noassist': 1, 'failcopycat': 1}",,self,Normal,{'effect': 'clearnegativeboost'},Cute,"Until the end of the turn, all single-target attacks from the opposing side are redirected to the user. Such attacks are redirected to the user before they can be reflected by Magic Coat or the Magic Bounce Ability, or drawn in by the Lightning Rod or Storm Drain Abilities. Fails if it is not a Double Battle or Battle Royal. This effect is ignored while the user is under the effect of Sky Drop.",The foes' moves target the user on the turn used.,,,,,,,"{'duration': 1, 'onFoeRedirectTargetPriority': 1}",followme,,,,,,,,,,,,,,,,,,,,,,,,,,,,,,,,,,,,,,,,,,,,
Force Palm,,395,100,60,Physical,10,0,"{'contact': 1, 'protect': 1, 'mirror': 1, 'metronome': 1}",,normal,Fighting,,Cool,Has a 30% chance to paralyze the target.,30% chance to paralyze the target.,,,,,"{'chance': 30, 'status': 'par'}",,,,,,,,,,,,,,,,,,,,,,,,,,,,,,,,,,,,,,,,,,,,,,,
Foresight,,193,TRUE,0,Status,40,0,"{'protect': 1, 'reflectable': 1, 'mirror': 1, 'bypasssub': 1, 'metronome': 1}",,normal,Normal,{'effect': 'crit2'},Clever,"As long as the target remains active, its evasiveness stat stage is ignored during accuracy checks against it if it is greater than 0, and Normal- and Fighting-type attacks can hit the target if it is a Ghost type. Fails if the target is already affected, or affected by Miracle Eye or Odor Sleuth.","Fighting, Normal hit Ghost. Evasiveness ignored.",,,Past,,,,{'noCopy': True},foresight,,,,,,,,,,,,,,,,,,,,,,,,,,,,,,,,,,,,,,,,,,,,
Forest's Curse,,571,100,0,Status,20,0,"{'protect': 1, 'reflectable': 1, 'mirror': 1, 'allyanim': 1, 'metronome': 1}",,normal,Grass,"{'boost': {'atk': 1, 'def': 1, 'spa': 1, 'spd': 1, 'spe': 1}}",Clever,"Causes the Grass type to be added to the target, effectively making it have two or three types. Fails if the target is already a Grass type. If Trick-or-Treat adds a type to the target, it replaces the type added by this move and vice versa.",Adds Grass to the target's type(s).,,,,,,,,,,,,,,,,,,,,,,,,,,,,,,,,,,,,,,,,,,,,,,,,,,,,
Foul Play,,492,100,95,Physical,15,0,"{'contact': 1, 'protect': 1, 'mirror': 1, 'metronome': 1}",,normal,Dark,,Clever,"Damage is calculated using the target's Attack stat, including stat stage changes. The user's Ability, item, and burn are used as normal.",Uses target's Attack stat in damage calculation.,,,,,,,,,,,,,,,,,,,,,,,,,,,,,,,,,,,,,,target,,,,,,,,,,,,,,
Freeze-Dry,,573,100,70,Special,20,0,"{'protect': 1, 'mirror': 1, 'metronome': 1}",,normal,Ice,,Beautiful,Has a 10% chance to freeze the target. This move's type effectiveness against Water is changed to be super effective no matter what this move's type is.,10% chance to freeze. Super effective on Water.,,,,,"{'chance': 10, 'status': 'frz'}",,,,,,,,,,,,,,,,,,,,,,,,,,,,,,,,,,,,,,,,,,,,,,,
Freeze Shock,,553,90,140,Physical,5,0,"{'charge': 1, 'protect': 1, 'mirror': 1, 'nosleeptalk': 1, 'failinstruct': 1}",,normal,Ice,,Beautiful,"Has a 30% chance to paralyze the target. This attack charges on the first turn and executes on the second. If the user is holding a Power Herb, the move completes in one turn.",Charges turn 1. Hits turn 2. 30% paralyze.,,,,,"{'chance': 30, 'status': 'par'}",,,,,,,,,,,,,,,,,,,,,,,,,,,,,,,,,,,,,,,,,,,,,,,
Freezing Glare,,821,100,90,Special,10,0,"{'protect': 1, 'mirror': 1}",,normal,Psychic,,,Has a 10% chance to freeze the target.,10% chance to freeze the target.,,,,,"{'chance': 10, 'status': 'frz'}",,,,,,,,,,,,,,,,,,,,,,,,,,,,,,,,,,,,,,,,,,,,,,,
Freezy Frost,,739,90,100,Special,10,0,"{'protect': 1, 'mirror': 1}",,normal,Ice,,Clever,Resets the stat stages of all active Pokemon to 0.,Eliminates all stat changes.,,,LGPE,,,,,,,,,,,,,,,,,,,,,,,,,,,,,,,,,,,,,,,,,,,,,,,,,
Frenzy Plant,,338,90,150,Special,5,0,"{'recharge': 1, 'protect': 1, 'mirror': 1, 'nonsky': 1, 'metronome': 1}",,normal,Grass,,Cool,"If this move is successful, the user must recharge on the following turn and cannot select a move.",User cannot move next turn.,,,,,,,,,{'volatileStatus': 'mustrecharge'},,,,,,,,,,,,,,,,,,,,,,,,,,,,,,,,,,,,,,,,,,,
Frost Breath,,524,90,60,Special,10,0,"{'protect': 1, 'mirror': 1, 'metronome': 1}",,normal,Ice,,Beautiful,This move is always a critical hit unless the target is under the effect of Lucky Chant or has the Battle Armor or Shell Armor Abilities.,Always results in a critical hit.,,,,,,,,,,,,,,,,,,,,,,,,,,,,,,,,,,,,,TRUE,,,,,,,,,,,,,,,
Frustration,,218,100,0,Physical,20,0,"{'contact': 1, 'protect': 1, 'mirror': 1, 'metronome': 1}",,normal,Normal,{'basePower': 160},Cute,"Power is equal to the greater of ((255 - user's Happiness) * 2/5), rounded down, or 1.",Max 102 power at minimum Happiness.,,,Past,,,TRUE,,,,,,,,,,,,{'basePower': 130},,,,,,,,,,,,,,,,,,,,,,,,,,,,,,,,,,
Fury Attack,,31,85,15,Physical,20,0,"{'contact': 1, 'protect': 1, 'mirror': 1, 'metronome': 1}",,normal,Normal,,Cool,"Hits two to five times. Has a 35% chance to hit two or three times and a 15% chance to hit four or five times. If one of the hits breaks the target's substitute, it will take damage for the remaining hits. If the user has the Skill Link Ability, this move will always hit five times. If the user is holding Loaded Dice, this move will hit 4-5 times.",Hits 2-5 times in one turn.,,,,,,,,,,"[2, 5]",,,,,,,,,,,,,,,,,,,,,,,,,,,,,,,,,,,,,,,,,,
Fury Cutter,,210,95,40,Physical,20,0,"{'contact': 1, 'protect': 1, 'mirror': 1, 'metronome': 1, 'slicing': 1}",,normal,Bug,,Cool,"Power doubles with each successful hit, up to a maximum of 160 power. The power is reset if this move misses or another move is used.","Power doubles with each hit, up to 160.",,,,,,TRUE,{'duration': 2},,,,,,,,,,,,,,,,,,,,,,,,,,,,,,,,,,,,,,,,,,,,,
Fury Swipes,,154,80,18,Physical,15,0,"{'contact': 1, 'protect': 1, 'mirror': 1, 'metronome': 1}",,normal,Normal,,Tough,"Hits two to five times. Has a 35% chance to hit two or three times and a 15% chance to hit four or five times. If one of the hits breaks the target's substitute, it will take damage for the remaining hits. If the user has the Skill Link Ability, this move will always hit five times. If the user is holding Loaded Dice, this move will hit 4-5 times.",Hits 2-5 times in one turn.,,,,,,,,,,"[2, 5]",,,,,,,,{'basePower': 100},,,,,,,,,,,,,,,,,,,,,,,,,,,,,,,,,,
Fusion Bolt,,559,100,100,Physical,5,0,"{'protect': 1, 'mirror': 1, 'metronome': 1}",,normal,Electric,,Cool,Power doubles if the last move used by any Pokemon this turn was Fusion Flare.,Power doubles if used after Fusion Flare this turn.,,,,,,,,,,,,,,,,,,,,,,,,,,,,,,,,,,,,,,,,,,,,,,,,,,,,
Fusion Flare,,558,100,100,Special,5,0,"{'protect': 1, 'mirror': 1, 'defrost': 1, 'metronome': 1}",,normal,Fire,,Beautiful,Power doubles if the last move used by any Pokemon this turn was Fusion Bolt.,Power doubles if used after Fusion Bolt this turn.,,,,,,,,,,,,,,,,,,,,,,,,,,,,,,,,,,,,,,,,,,,,,,,,,,,,
Future Sight,,248,100,120,Special,10,0,"{'allyanim': 1, 'metronome': 1, 'futuremove': 1}",,normal,Psychic,,Clever,"Deals damage two turns after this move is used. At the end of that turn, the damage is calculated at that time and dealt to the Pokemon at the position the target had when the move was used. If the user is no longer active at the time, damage is calculated based on the user's natural Special Attack stat, types, and level, with no boosts from its held item or Ability. Fails if this move or Doom Desire is already in effect for the target's position.",Hits two turns after being used.,,,,,,,,,,,,,,,,TRUE,,,,,,,,,,,,,,,,,,,,,,,,,,,,,,,,,,,,
Gastro Acid,,380,100,0,Status,10,0,"{'protect': 1, 'reflectable': 1, 'mirror': 1, 'allyanim': 1, 'metronome': 1}",,normal,Poison,{'boost': {'spe': 1}},Tough,"Causes the target's Ability to be rendered ineffective as long as it remains active. If the target uses Baton Pass, the replacement will remain under this effect. If the target's Ability is As One, Battle Bond, Comatose, Disguise, Gulp Missile, Ice Face, Multitype, Power Construct, RKS System, Schooling, Shields Down, Stance Change, Tera Shift, Zen Mode, or Zero to Hero, this move fails, and receiving the effect through Baton Pass ends the effect immediately.",Nullifies the target's Ability.,,,,,,,{},gastroacid,,,,,,,,,,,,,,,,,,,,,,,,,,,,,,,,,,,,,,,,,,,,
Gear Grind,,544,85,50,Physical,15,0,"{'contact': 1, 'protect': 1, 'mirror': 1, 'metronome': 1}",,normal,Steel,{'basePower': 180},Clever,"Hits twice. If the first hit breaks the target's substitute, it will take damage for the second hit.",Hits 2 times in one turn.,,,Past,,,,,,,2,,,,,,,,{'basePower': 130},,,,,,,,,,,,,,,,,,,,,,,,,,,,,,,,,,
Gear Up,,674,TRUE,0,Status,20,0,"{'snatch': 1, 'bypasssub': 1, 'metronome': 1}",,allySide,Steel,{'boost': {'spa': 1}},Clever,Raises the Attack and Special Attack of Pokemon on the user's side with the Plus or Minus Abilities by 1 stage.,"Raises Atk, Sp. Atk of allies with Plus/Minus by 1.",,,Past,,,,,,,,,,,,,,,,,,,,,,,,,,,,,,,,,,,,,,,,,,,,,,,,,
Genesis Supernova,,703,TRUE,185,Special,1,0,{},,normal,Psychic,,Cool,"If this move is successful, the terrain becomes Psychic Terrain.",Summons Psychic Terrain.,,mewniumz,Past,,"{'chance': 100, 'self': {}}",,,,,,,,,,,,,,,,,,,,,,,,,,,,,,,,,,,,,,,,,,,,,,,
Geomancy,,601,TRUE,0,Status,10,0,"{'charge': 1, 'nonsky': 1, 'metronome': 1, 'nosleeptalk': 1, 'failinstruct': 1}","{'spa': 2, 'spd': 2, 'spe': 2}",self,Fairy,"{'boost': {'atk': 1, 'def': 1, 'spa': 1, 'spd': 1, 'spe': 1}}",Beautiful,"Raises the user's Special Attack, Special Defense, and Speed by 2 stages. This attack charges on the first turn and executes on the second. If the user is holding a Power Herb, the move completes in one turn.","Charges, then raises SpA, SpD, Spe by 2 turn 2.",,,Past,,,,,,,,,,,,,,,,,,,,,,,,,,,,,,,,,,,,,,,,,,,,,,,,,
Giga Drain,,202,100,75,Special,10,0,"{'protect': 1, 'mirror': 1, 'heal': 1, 'metronome': 1}",,normal,Grass,,Clever,"The user recovers 1/2 the HP lost by the target, rounded half up. If Big Root is held by the user, the HP recovered is 1.3x normal, rounded half down.",User recovers 50% of the damage dealt.,,,,"[1, 2]",,,,,,,,,,,,,,,,,,,,,,,,,,,,,,,,,,,,,,,,,,,,,,,,
Giga Impact,,416,90,150,Physical,5,0,"{'contact': 1, 'recharge': 1, 'protect': 1, 'mirror': 1, 'metronome': 1}",,normal,Normal,,Tough,"If this move is successful, the user must recharge on the following turn and cannot select a move.",User cannot move next turn.,,,,,,,,,{'volatileStatus': 'mustrecharge'},,,,,,,,,,,,,,,,,,,,,,,,,,,,,,,,,,,,,,,,,,,
Gigaton Hammer,,893,100,160,Physical,5,0,"{'protect': 1, 'mirror': 1, 'metronome': 1, 'cantusetwice': 1}",,normal,Steel,,,Cannot be selected the turn after it's used.,Cannot be selected the turn after it's used.,,,,,,,,,,,,,,,,,,,,,,,,,,,,,,,,,,,,,,,,,,,,,,,,,,,,
Gigavolt Havoc,,646,TRUE,1,Physical,1,0,{},,normal,Electric,,Cool,Power is equal to the base move's Z-Power.,Power is equal to the base move's Z-Power.,,electriumz,Past,,,,,,,,,,,,,,,,,,,,,,,,,,,,,,,,,,,,,,,,,,,,,,,,,
Glacial Lance,,824,100,120,Physical,5,0,"{'protect': 1, 'mirror': 1}",,allAdjacentFoes,Ice,,,No additional effect.,No additional effect. Hits adjacent foes.,,,,,,,,,,,,,,,,,,,,,,,,,,,,,,,,,,,,,,,,,,,,,,,,,,,,
Glaciate,,549,95,65,Special,10,0,"{'protect': 1, 'mirror': 1, 'metronome': 1}",,allAdjacentFoes,Ice,,Beautiful,Has a 100% chance to lower the target's Speed by 1 stage.,100% chance to lower the foe(s) Speed by 1.,,,,,"{'chance': 100, 'boosts': {'spe': -1}}",,,,,,,,,,,,,,,,,,,,,,,,,,,,,,,,,,,,,,,,,,,,,,,
Glaive Rush,,862,100,120,Physical,5,0,"{'contact': 1, 'protect': 1, 'mirror': 1, 'metronome': 1}",,normal,Dragon,,,"If this move is successful, moves targeted at the user deal double damage and do not check accuracy until the user's next turn.",User takes sure-hit 2x damage until its next turn.,,,,,,,"{'noCopy': True, 'onBeforeMovePriority': 100}",,{'volatileStatus': 'glaiverush'},,,,,,,,,,,,,,,,,,,,,,,,,,,,,,,,,,,,,,,,,,,
Glare,,137,100,0,Status,30,0,"{'protect': 1, 'reflectable': 1, 'mirror': 1, 'metronome': 1}",,normal,Normal,{'boost': {'spd': 1}},Tough,Paralyzes the target.,Paralyzes the target.,,,,,,,,,,,,,,,,,,,,,,,,,,par,,,,,,,,,,,,,,,,,,,,,,,,,,
Glitzy Glow,,736,95,80,Special,15,0,"{'protect': 1, 'mirror': 1}",,normal,Psychic,,Clever,This move summons Light Screen for 5 turns upon use.,Summons Light Screen.,,,LGPE,,,,,,{'sideCondition': 'lightscreen'},,,,,,,,,,,,,,,,,,,,,,,,,,,,,,,,,,,,,,,,,,,
G-Max Befuddle,,1000,TRUE,10,Physical,5,0,{},,adjacentFoe,Bug,,Cool,"Power is equal to the base move's Max Move power. If this move is successful, each Pokemon on the opposing side either falls asleep, becomes poisoned, or becomes paralyzed, even if they have a substitute.",Base move affects power. Foes: slp or psn or par.,,,Gigantamax,,,,,,{},,,,,,,,,,,,,,,,,,,,,,,,,,,,,,Butterfree,,,,,,,,,,,,,
G-Max Cannonade,,1000,TRUE,10,Physical,10,0,{},,adjacentFoe,Water,,Cool,"Power is equal to the base move's Max Move power. If this move is successful, for 4 turns each non-Water-type Pokemon on the opposing side takes damage equal to 1/6 of its maximum HP, rounded down, at the end of each turn during effect, including the last turn.","Base move affects power. Foes: -1/6 HP, 4 turns.",,,Gigantamax,,,,"{'duration': 4, 'onResidualOrder': 5, 'onResidualSubOrder': 1, 'onSideResidualOrder': 26, 'onSideResidualSubOrder': 11}",,{},,,,,,,,,,,,,,,,,,,,,,,,,,,,,,Blastoise,,,,,,,,,,,,,
G-Max Centiferno,,1000,TRUE,10,Physical,5,0,{},,adjacentFoe,Fire,,Cool,"Power is equal to the base move's Max Move power. If this move is successful, each Pokemon on the opposing side is prevented from switching for four or five turns (seven turns if the user is holding Grip Claw), even if they have a substitute. Causes damage equal to 1/8 of their maximum HP (1/6 if the user is holding Binding Band), rounded down, at the end of each turn during effect. They can still switch out if they are holding Shed Shell or use Baton Pass, Flip Turn, Parting Shot, Teleport, U-turn, or Volt Switch. The effect ends for a target if it leaves the field, or if it uses Rapid Spin or Substitute successfully. This effect is not stackable or reset by using this or another binding move.",Base move affects power. Foes: bound 4-5 turns.,,,Gigantamax,,,,,,{},,,,,,,,,,,,,,,,,,,,,,,,,,,,,,Centiskorch,,,,,,,,,,,,,
G-Max Chi Strike,,1000,TRUE,10,Physical,5,0,{},,adjacentFoe,Fighting,,Cool,"Power is equal to the base move's Max Move power. If this move is successful, each Pokemon on the user's side has their critical hit ratio raised by 1 stage, even if they have a substitute.",Base move affects power. Allies: Crit Ratio +1.,,,Gigantamax,,,,{'noCopy': True},,{},,,,,,,,,,,,,,,,,,,,,,,,,,,,,,Machamp,,,,,,,,,,,,,
G-Max Cuddle,,1000,TRUE,10,Physical,5,0,{},,adjacentFoe,Normal,,Cool,"Power is equal to the base move's Max Move power. If this move is successful, each Pokemon on the opposing side becomes infatuated, even if they have a substitute. This effect does not happen for a target if both it and the user are the same gender, if either is genderless, or if the target is already infatuated.",Base move affects power. Foes: infatuated.,,,Gigantamax,,,,,,{},,,,,,,,,,,,,,,,,,,,,,,,,,,,,,Eevee,,,,,,,,,,,,,
G-Max Depletion,,1000,TRUE,10,Physical,5,0,{},,adjacentFoe,Dragon,,Cool,"Power is equal to the base move's Max Move power. If this move is successful, each Pokemon on the opposing side loses 2 PP from its last move used, even if they have a substitute.",Base move affects power. Foes: last move -2 PP.,,,Gigantamax,,,,,,{},,,,,,,,,,,,,,,,,,,,,,,,,,,,,,Duraludon,,,,,,,,,,,,,
G-Max Drum Solo,,1000,TRUE,160,Physical,5,0,{},,adjacentFoe,Grass,,Cool,Power is 160 regardless of the base move's Max Move power. This move and its effects ignore the Abilities of other Pokemon.,Always 160 power. Ignores Abilities.,,,Gigantamax,,,,,,,,,,,,,,,,,,,,,,,,,,,,,,,,,,,,Rillaboom,TRUE,,,,,,,,,,,,
G-Max Finale,,1000,TRUE,10,Physical,5,0,{},,adjacentFoe,Fairy,,Cool,"Power is equal to the base move's Max Move power. If this move is successful, each Pokemon on the user's side restores 1/6 of its current maximum HP, even if they have a substitute.",Base move affects power. Allies: +1/6 max HP.,,,Gigantamax,,,,,,{},,,,,,,,,,,,,,,,,,,,,,,,,,,,,,Alcremie,,,,,,,,,,,,,
G-Max Fireball,,1000,TRUE,160,Physical,5,0,{},,adjacentFoe,Fire,,Cool,Power is 160 regardless of the base move's Max Move power. This move and its effects ignore the Abilities of other Pokemon.,Always 160 power. Ignores Abilities.,,,Gigantamax,,,,,,,,,,,,,,,,,,,,,,,,,,,,,,,,,,,,Cinderace,TRUE,,,,,,,,,,,,
G-Max Foam Burst,,1000,TRUE,10,Physical,5,0,{},,adjacentFoe,Water,,Cool,"Power is equal to the base move's Max Move power. If this move is successful, the Speed of each Pokemon on the opposing side is lowered by 2 stages, even if they have a substitute.",Base move affects power. Foes: -2 Speed.,,,Gigantamax,,,,,,{},,,,,,,,,,,,,,,,,,,,,,,,,,,,,,Kingler,,,,,,,,,,,,,
G-Max Gold Rush,,1000,TRUE,10,Physical,5,0,{},,adjacentFoe,Normal,,Cool,"Power is equal to the base move's Max Move power. If this move is successful, each Pokemon on the opposing side becomes confused, even if they have a substitute.",Base move affects power. Foes: confused.,,,Gigantamax,,,,,,{},,,,,,,,,,,,,,,,,,,,,,,,,,,,,,Meowth,,,,,,,,,,,,,
G-Max Gravitas,,1000,TRUE,10,Physical,5,0,{},,adjacentFoe,Psychic,,Cool,"Power is equal to the base move's Max Move power. If this move is successful, the effect of Gravity begins.",Base move affects power. Starts Gravity.,,,Gigantamax,,,,,,{'pseudoWeather': 'gravity'},,,,,,,,,,,,,,,,,,,,,,,,,,,,,,Orbeetle,,,,,,,,,,,,,
G-Max Hydrosnipe,,1000,TRUE,160,Physical,5,0,{},,adjacentFoe,Water,,Cool,Power is 160 regardless of the base move's Max Move power. This move and its effects ignore the Abilities of other Pokemon.,Always 160 power. Ignores Abilities.,,,Gigantamax,,,,,,,,,,,,,,,,,,,,,,,,,,,,,,,,,,,,Inteleon,TRUE,,,,,,,,,,,,
G-Max Malodor,,1000,TRUE,10,Physical,5,0,{},,adjacentFoe,Poison,,Cool,"Power is equal to the base move's Max Move power. If this move is successful, each Pokemon on the opposing side becomes poisoned, even if they have a substitute.",Base move affects power. Foes: poisoned.,,,Gigantamax,,,,,,{},,,,,,,,,,,,,,,,,,,,,,,,,,,,,,Garbodor,,,,,,,,,,,,,
G-Max Meltdown,,1000,TRUE,10,Physical,5,0,{},,adjacentFoe,Steel,,Cool,"Power is equal to the base move's Max Move power. If this move is successful, the effect of Torment begins for each Pokemon on the opposing side, even if they have a substitute.",Base move affects power. Foes: Tormented.,,,Gigantamax,,,,,,{},,,,,,,,,,,,,,,,,,,,,,,,,,,,,,Melmetal,,,,,,,,,,,,,
G-Max One Blow,,1000,TRUE,10,Physical,5,0,{},,adjacentFoe,Dark,,Cool,"Power is equal to the base move's Max Move power. This move bypasses all protection effects, including Max Guard.",Base move affects power. Bypasses Max Guard.,,,Gigantamax,,,,,,,,,,,,,,,,,,,,,,,,,,,,,,,,,,,,Urshifu,,,,,,,,,,,,,
G-Max Rapid Flow,,1000,TRUE,10,Physical,5,0,{},,adjacentFoe,Water,,Cool,"Power is equal to the base move's Max Move power. This move bypasses all protection effects, including Max Guard.",Base move affects power. Bypasses Max Guard.,,,Gigantamax,,,,,,,,,,,,,,,,,,,,,,,,,,,,,,,,,,,,Urshifu-Rapid-Strike,,,,,,,,,,,,,
G-Max Replenish,,1000,TRUE,10,Physical,5,0,{},,adjacentFoe,Normal,,Cool,"Power is equal to the base move's Max Move power. If this move is successful, there is a 50% chance every Pokemon on the user's side has its Berry restored, even if they have a substitute.",Base move affects power. 50% restores Berries.,,,Gigantamax,,,,,,{},,,,,,,,,,,,,,,,,,,,,,,,,,,,,,Snorlax,,,,,,,,,,,,,
G-Max Resonance,,1000,TRUE,10,Physical,5,0,{},,adjacentFoe,Ice,,Cool,"Power is equal to the base move's Max Move power. If this move is successful, the effect of Aurora Veil begins on the user's side.",Base move affects power. Allies: Aurora Veil.,,,Gigantamax,,,,,,{'sideCondition': 'auroraveil'},,,,,,,,,,,,,,,,,,,,,,,,,,,,,,Lapras,,,,,,,,,,,,,
G-Max Sandblast,,1000,TRUE,10,Physical,5,0,{},,adjacentFoe,Ground,,Cool,"Power is equal to the base move's Max Move power. If this move is successful, each Pokemon on the opposing side is prevented from switching for four or five turns (seven turns if the user is holding Grip Claw), even if they have a substitute. Causes damage equal to 1/8 of their maximum HP (1/6 if the user is holding Binding Band), rounded down, at the end of each turn during effect. They can still switch out if they are holding Shed Shell or use Baton Pass, Flip Turn, Parting Shot, Teleport, U-turn, or Volt Switch. The effect ends for a target if it leaves the field, or if it uses Rapid Spin or Substitute successfully. This effect is not stackable or reset by using this or another binding move.",Base move affects power. Foes: bound 4-5 turns.,,,Gigantamax,,,,,,{},,,,,,,,,,,,,,,,,,,,,,,,,,,,,,Sandaconda,,,,,,,,,,,,,
G-Max Smite,,1000,TRUE,10,Physical,5,0,{},,adjacentFoe,Fairy,,Cool,"Power is equal to the base move's Max Move power. If this move is successful, each Pokemon on the opposing side becomes confused, even if they have a substitute.",Base move affects power. Foes: confused.,,,Gigantamax,,,,,,{},,,,,,,,,,,,,,,,,,,,,,,,,,,,,,Hatterene,,,,,,,,,,,,,
G-Max Snooze,,1000,TRUE,10,Physical,5,0,{},,adjacentFoe,Dark,,Cool,"Power is equal to the base move's Max Move power. If this move is successful, there is a 50% chance the effect of Yawn begins on the target, even if it has a substitute.",Base move affects power. Target: 50% Yawn.,,,Gigantamax,,,,,,,,,,,,,,,,,,,,,,,,,,,,,,,,,,,,Grimmsnarl,,,,,,,,,,,,,
G-Max Steelsurge,,1000,TRUE,10,Physical,5,0,{},,adjacentFoe,Steel,,Cool,"Power is equal to the base move's Max Move power. If this move is successful, it sets up a hazard on the opposing side of the field, damaging each opposing Pokemon that switches in. Foes lose 1/32, 1/16, 1/8, 1/4, or 1/2 of their maximum HP, rounded down, based on their weakness to the Steel type; 0.25x, 0.5x, neutral, 2x, or 4x, respectively. Can be removed from the opposing side if any opposing Pokemon uses Rapid Spin or Defog successfully, or is hit by Defog.",Base move affects power. Foes: Steel hazard.,,,Gigantamax,,,,{},,{},,,,,,,,,,,,,,,,,,,,,,,,,,,,,,Copperajah,,,,,,,,,,,,,
G-Max Stonesurge,,1000,TRUE,10,Physical,5,0,{},,adjacentFoe,Water,,Cool,"Power is equal to the base move's Max Move power. If this move is successful, it sets up a hazard on the opposing side of the field, damaging each opposing Pokemon that switches in. Foes lose 1/32, 1/16, 1/8, 1/4, or 1/2 of their maximum HP, rounded down, based on their weakness to the Rock type; 0.25x, 0.5x, neutral, 2x, or 4x, respectively. Can be removed from the opposing side if any opposing Pokemon uses Rapid Spin or Defog successfully, or is hit by Defog.",Base move affects power. Foes: Stealth Rock.,,,Gigantamax,,,,,,{},,,,,,,,,,,,,,,,,,,,,,,,,,,,,,Drednaw,,,,,,,,,,,,,
G-Max Stun Shock,,1000,TRUE,10,Physical,10,0,{},,adjacentFoe,Electric,,Cool,"Power is equal to the base move's Max Move power. If this move is successful, each Pokemon on the opposing side either becomes poisoned or paralyzed, even if they have a substitute.",Base move affects power. Foes: psn or par.,,,Gigantamax,,,,,,{},,,,,,,,,,,,,,,,,,,,,,,,,,,,,,Toxtricity,,,,,,,,,,,,,
G-Max Sweetness,,1000,TRUE,10,Physical,10,0,{},,adjacentFoe,Grass,,Cool,"Power is equal to the base move's Max Move power. If this move is successful, each Pokemon on the user's side has its status condition cured, even if they have a substitute.",Base move affects power. Allies: status cured.,,,Gigantamax,,,,,,{},,,,,,,,,,,,,,,,,,,,,,,,,,,,,,Appletun,,,,,,,,,,,,,
G-Max Tartness,,1000,TRUE,10,Physical,10,0,{},,adjacentFoe,Grass,,Cool,"Power is equal to the base move's Max Move power. If this move is successful, the evasiveness of each Pokemon on the opposing side is lowered by 1 stage, even if they have a substitute.",Base move affects power. Foes: -1 evasiveness.,,,Gigantamax,,,,,,{},,,,,,,,,,,,,,,,,,,,,,,,,,,,,,Flapple,,,,,,,,,,,,,
G-Max Terror,,1000,TRUE,10,Physical,10,0,{},,adjacentFoe,Ghost,,Cool,"Power is equal to the base move's Max Move power. If this move is successful, each Pokemon on the opposing side is prevented from switching out, even if they have a substitute. They can still switch out if they are holding Shed Shell or use Baton Pass, Flip Turn, Parting Shot, Teleport, U-turn, or Volt Switch. The effect ends if either the user or the target leaves the field.",Base move affects power. Foes: trapped.,,,Gigantamax,,,,,,{},,,,,,,,,,,,,,,,,,,,,,,,,,,,,,Gengar,,,,,,,,,,,,,
G-Max Vine Lash,,1000,TRUE,10,Physical,10,0,{},,adjacentFoe,Grass,,Cool,"Power is equal to the base move's Max Move power. If this move is successful, for 4 turns each non-Grass-type Pokemon on the opposing side takes damage equal to 1/6 of its maximum HP, rounded down, at the end of each turn during effect, including the last turn.","Base move affects power. Foes: -1/6 HP, 4 turns.",,,Gigantamax,,,,"{'duration': 4, 'onResidualOrder': 5, 'onResidualSubOrder': 1, 'onSideResidualOrder': 26, 'onSideResidualSubOrder': 11}",,{},,,,,,,,,,,,,,,,,,,,,,,,,,,,,,Venusaur,,,,,,,,,,,,,
G-Max Volcalith,,1000,TRUE,10,Physical,10,0,{},,adjacentFoe,Rock,,Cool,"Power is equal to the base move's Max Move power. If this move is successful, for 4 turns each non-Rock-type Pokemon on the opposing side takes damage equal to 1/6 of its maximum HP, rounded down, at the end of each turn during effect, including the last turn.","Base move affects power. Foes: -1/6 HP, 4 turns.",,,Gigantamax,,,,"{'duration': 4, 'onResidualOrder': 5, 'onResidualSubOrder': 1, 'onSideResidualOrder': 26, 'onSideResidualSubOrder': 11}",,{},,,,,,,,,,,,,,,,,,,,,,,,,,,,,,Coalossal,,,,,,,,,,,,,
G-Max Volt Crash,,1000,TRUE,10,Physical,10,0,{},,adjacentFoe,Electric,,Cool,"Power is equal to the base move's Max Move power. If this move is successful, each Pokemon on the opposing side becomes paralyzed, even if they have a substitute.",Base move affects power. Foes: paralyzed.,,,Gigantamax,,,,,,{},,,,,,,,,,,,,,,,,,,,,,,,,,,,,,Pikachu,,,,,,,,,,,,,
G-Max Wildfire,,1000,TRUE,10,Physical,10,0,{},,adjacentFoe,Fire,,Cool,"Power is equal to the base move's Max Move power. If this move is successful, for 4 turns each non-Fire-type Pokemon on the opposing side takes damage equal to 1/6 of its maximum HP, rounded down, at the end of each turn during effect, including the last turn.","Base move affects power. Foes: -1/6 HP, 4 turns.",,,Gigantamax,,,,"{'duration': 4, 'onResidualOrder': 5, 'onResidualSubOrder': 1, 'onSideResidualOrder': 26, 'onSideResidualSubOrder': 11}",,{},,,,,,,,,,,,,,,,,,,,,,,,,,,,,,Charizard,,,,,,,,,,,,,
G-Max Wind Rage,,1000,TRUE,10,Physical,10,0,{},,adjacentFoe,Flying,,Cool,"Power is equal to the base move's Max Move power. If this move is successful, the effects of Electric Terrain, Grassy Terrain, Misty Terrain, and Psychic Terrain end, the effects of Reflect, Light Screen, Aurora Veil, Safeguard, Mist, G-Max Steelsurge, Spikes, Toxic Spikes, Stealth Rock, and Sticky Web end for the target's side, and the effects of G-Max Steelsurge, Spikes, Toxic Spikes, Stealth Rock, and Sticky Web end for the user's side.","Base move affects power. Ends Terrain, hazards.",,,Gigantamax,,,,,,{},,,,,,,,,,,,,,,,,,,,,,,,,,,,,,Corviknight,,,,,,,,,,,,,
Grass Knot,,447,100,0,Special,20,0,"{'contact': 1, 'protect': 1, 'mirror': 1, 'nonsky': 1, 'metronome': 1}",,normal,Grass,{'basePower': 160},Cute,"This move's power is 20 if the target weighs less than 10 kg, 40 if less than 25 kg, 60 if less than 50 kg, 80 if less than 100 kg, 100 if less than 200 kg, and 120 if greater than or equal to 200 kg.",More power the heavier the target.,,,,,,TRUE,,,,,,,,,,,,{'basePower': 130},,,,,,,,,,,,,,,,,,,,,,,,,,,,,,,,,,
Grass Pledge,,520,100,80,Special,10,0,"{'protect': 1, 'mirror': 1, 'nonsky': 1, 'metronome': 1, 'pledgecombo': 1}",,normal,Grass,,Beautiful,"If one of the user's allies chose to use Fire Pledge or Water Pledge this turn and has not moved yet, it takes its turn immediately after the user and the user's move does nothing. If combined with Fire Pledge, the ally uses Fire Pledge with 150 power and a sea of fire appears on the target's side for 4 turns, which causes damage to non-Fire types equal to 1/8 of their maximum HP, rounded down, at the end of each turn during effect, including the last turn. If combined with Water Pledge, the ally uses Grass Pledge with 150 power and a swamp appears on the target's side for 4 turns, which quarters the Speed of each Pokemon on that side. When used as a combined move, this move gains STAB no matter what the user's type is. This move does not consume the user's Grass Gem.",Use with Fire or Water Pledge for added effect.,,,,,,TRUE,"{'duration': 4, 'onSideResidualOrder': 26, 'onSideResidualSubOrder': 9}",,,,,,,,,,,,,,,,,,,,,,,,,,,,,,,,,,,,,,,,,,,,,
Grass Whistle,,320,55,0,Status,15,0,"{'protect': 1, 'reflectable': 1, 'mirror': 1, 'sound': 1, 'bypasssub': 1, 'metronome': 1}",,normal,Grass,{'boost': {'spe': 1}},Clever,Causes the target to fall asleep.,Causes the target to fall asleep.,,,Past,,,,,,,,,,,,,,,,,,,,,,,slp,,,,,,,,,,,,,,,,,,,,,,,,,,
Grassy Glide,,803,100,55,Physical,20,0,"{'contact': 1, 'protect': 1, 'mirror': 1, 'metronome': 1}",,normal,Grass,,Cool,"If the current terrain is Grassy Terrain and the user is grounded, this move has its priority increased by 1.",User on Grassy Terrain: +1 priority.,,,,,,,,,,,,,,,,,,,,,,,,,,,,,,,,,,,,,,,,,,,,,,,,,,,,
Grassy Terrain,,580,TRUE,0,Status,10,0,"{'nonsky': 1, 'metronome': 1}",,all,Grass,{'boost': {'def': 1}},Beautiful,"For 5 turns, the terrain becomes Grassy Terrain. During the effect, the power of Grass-type attacks used by grounded Pokemon is multiplied by 1.3, the power of Bulldoze, Earthquake, and Magnitude used against grounded Pokemon is multiplied by 0.5, and grounded Pokemon have 1/16 of their maximum HP, rounded down, restored at the end of each turn, including the last turn. Camouflage transforms the user into a Grass type, Nature Power becomes Energy Ball, and Secret Power has a 30% chance to cause sleep. Fails if the current terrain is Grassy Terrain.","5 turns. Grounded: +Grass power, +1/16 max HP.",,,,,,,"{'effectType': 'Terrain', 'duration': 5, 'onBasePowerPriority': 6, 'onResidualOrder': 5, 'onResidualSubOrder': 2, 'onFieldResidualOrder': 27, 'onFieldResidualSubOrder': 7}",,,,,,,,,,,,,,,,,,,,,,grassyterrain,,,,,,,,,,,,,,,,,,,,,,,
Grav Apple,,788,100,80,Physical,10,0,"{'protect': 1, 'mirror': 1}",,normal,Grass,,,Has a 100% chance to lower the target's Defense by 1 stage. Power is multiplied by 1.5 during Gravity's effect.,Target: 100% -1 Def. During Gravity: 1.5x power.,,,,,"{'chance': 100, 'boosts': {'def': -1}}",,,,,,,,,,,,,,,,,,,,,,,,,,,,,,,,,,,,,,,,,,,,,,,
Gravity,,356,TRUE,0,Status,5,0,"{'nonsky': 1, 'metronome': 1}",,all,Psychic,{'boost': {'spa': 1}},Clever,"For 5 turns, the evasiveness of all active Pokemon is multiplied by 0.6. At the time of use, Bounce, Fly, Magnet Rise, Sky Drop, and Telekinesis end immediately for all active Pokemon. During the effect, Bounce, Fly, Flying Press, High Jump Kick, Jump Kick, Magnet Rise, Sky Drop, Splash, and Telekinesis are prevented from being used by all active Pokemon. Ground-type attacks, Spikes, Toxic Spikes, Sticky Web, and the Arena Trap Ability can affect Flying types or Pokemon with the Levitate Ability. Fails if this move is already in effect.","5 turns: no Ground immunities, 1.67x accuracy.",,,,,,,"{'duration': 5, 'onBeforeMovePriority': 6, 'onFieldResidualOrder': 27, 'onFieldResidualSubOrder': 2}",,,,,,,,,,,,,,,,,,,,,,,,,gravity,,,,,,,,,,,,,,,,,,,,
Growl,,45,100,0,Status,40,0,"{'protect': 1, 'reflectable': 1, 'mirror': 1, 'sound': 1, 'bypasssub': 1, 'metronome': 1}",{'atk': -1},allAdjacentFoes,Normal,{'boost': {'def': 1}},Cute,Lowers the target's Attack by 1 stage.,Lowers the foe(s) Attack by 1.,,,,,,,,,,,,,,,,,,,,,,,,,,,,,,,,,,,,,,,,,,,,,,,,,,,,
Growth,,74,TRUE,0,Status,20,0,"{'snatch': 1, 'metronome': 1}","{'atk': 1, 'spa': 1}",self,Normal,{'boost': {'spa': 1}},Beautiful,"Raises the user's Attack and Special Attack by 1 stage. If the weather is Sunny Day or Desolate Land, this move raises the user's Attack and Special Attack by 2 stages. If the user is holding Utility Umbrella, this move will only raise the user's Attack and Special Attack by 1 stage, even if the weather is Sunny Day or Desolate Land.",Raises user's Attack and Sp. Atk by 1; 2 in Sun.,,,,,,,,,,,,,,,,,,,,,,,,,,,,,,,,,,,,,,,,,,,,,,,,,,,,
Grudge,,288,TRUE,0,Status,5,0,"{'bypasssub': 1, 'metronome': 1}",,self,Ghost,{'effect': 'redirect'},Tough,"Until the user's next turn, if an opposing Pokemon's attack knocks the user out, that move loses all its remaining PP.","If the user faints, the attack used loses all its PP.",,,Past,,,,{'onBeforeMovePriority': 100},grudge,,,,,,,,,,,,,,,,,,,,,,,,,,,,,,,,,,,,,,,,,,,,
Guardian of Alola,,698,TRUE,0,Special,1,0,{},,normal,Fairy,,Tough,"Deals damage to the target equal to 3/4 of its current HP, rounded down, but not less than 1 HP.",Does damage equal to 3/4 target's current HP.,,tapuniumz,Past,,,,,,,,,,,,,,,,,,,,,,,,,,,,,,,,,,,,,,,,,,,,,,,,,
Guard Split,,470,TRUE,0,Status,10,0,"{'protect': 1, 'allyanim': 1, 'metronome': 1}",,normal,Psychic,{'boost': {'spe': 1}},Clever,"The user and the target have their Defense and Special Defense stats set to be equal to the average of the user and the target's Defense and Special Defense stats, respectively, rounded down. Stat stage changes are unaffected.",Averages Defense and Sp. Def stats with target.,,,,,,,,,,,,,,,,,,,,,,,,,,,,,,,,,,,,,,,,,,,,,,,,,,,,
Guard Swap,,385,TRUE,0,Status,10,0,"{'protect': 1, 'mirror': 1, 'bypasssub': 1, 'allyanim': 1, 'metronome': 1}",,normal,Psychic,{'boost': {'spe': 1}},Clever,The user swaps its Defense and Special Defense stat stage changes with the target.,Swaps Defense and Sp. Def changes with target.,,,,,,,,,,,,,,,,,,,,,,,,,,,,,,,,,,,,,,,,,,,,,,,,,,,,
Guillotine,,12,30,0,Physical,5,0,"{'contact': 1, 'protect': 1, 'mirror': 1, 'metronome': 1}",,normal,Normal,{'basePower': 180},Cool,"Deals damage to the target equal to the target's maximum HP. Ignores accuracy and evasiveness modifiers. This attack's accuracy is equal to (user's level - target's level + 30)%, and fails if the target is at a higher level. Pokemon with the Sturdy Ability are immune.",OHKOs the target. Fails if user is a lower level.,,,,,,,,,,,,,,,,,,{'basePower': 130},,,,,,,,,,,,,,,,,,TRUE,,,,,,,,,,,,,,,,
Gunk Shot,,441,80,120,Physical,5,0,"{'protect': 1, 'mirror': 1, 'metronome': 1}",,normal,Poison,,Tough,Has a 30% chance to poison the target.,30% chance to poison the target.,,,,,"{'chance': 30, 'status': 'psn'}",,,,,,,,,,,,,,,,,,,,,,,,,,,,,,,,,,,,,,,,,,,,,,,
Gust,,16,100,40,Special,35,0,"{'protect': 1, 'mirror': 1, 'distance': 1, 'metronome': 1, 'wind': 1}",,any,Flying,,Clever,"Power doubles if the target is using Bounce, Fly, or Sky Drop, or is under the effect of Sky Drop.","Power doubles during Bounce, Fly, and Sky Drop.",,,,,,,,,,,,,,,,,,,,,,,,,,,,,,,,,,,,,,,,,,,,,,,,,,,,
Gyro Ball,,360,100,0,Physical,5,0,"{'contact': 1, 'protect': 1, 'mirror': 1, 'metronome': 1, 'bullet': 1}",,normal,Steel,{'basePower': 160},Cool,"Power is equal to (25 * target's current Speed / user's current Speed) + 1, rounded down, but not more than 150. If the user's current Speed is 0, this move's power is 1.",More power the slower the user than the target.,,,,,,TRUE,,,,,,,,,,,,{'basePower': 130},,,,,,,,,,,,,,,,,,,,,,,,,,,,,,,,,,
Hail,,258,TRUE,0,Status,10,0,{'metronome': 1},,all,Ice,{'boost': {'spe': 1}},Beautiful,"For 5 turns, the weather becomes Hail. At the end of each turn except the last, all active Pokemon lose 1/16 of their maximum HP, rounded down, unless they are an Ice type or have the Ice Body, Magic Guard, Overcoat, or Snow Cloak Abilities. Lasts for 8 turns if the user is holding Icy Rock. Fails if the current weather is Hail.","For 5 turns, hail crashes down.",,,Past,,,,,,,,,,,,,,,,,hail,,,,,,,,,,,,,,,,,,,,,,,,,,,,,,,,
Hammer Arm,,359,90,100,Physical,10,0,"{'contact': 1, 'protect': 1, 'mirror': 1, 'punch': 1, 'metronome': 1}",,normal,Fighting,,Tough,Lowers the user's Speed by 1 stage.,Lowers the user's Speed by 1.,,,,,,,,,{'boosts': {'spe': -1}},,,,,,,,,,,,,,,,,,,,,,,,,,,,,,,,,,,,,,,,,,,
Happy Hour,,603,TRUE,0,Status,30,0,{'metronome': 1},,allySide,Normal,"{'boost': {'atk': 1, 'def': 1, 'spa': 1, 'spd': 1, 'spe': 1}}",Cute,No competitive use.,No competitive use.,,,,,,,,,,,,,,,,,,,,,,,,,,,,,,,,,,,,,,,,,,,,,,,,,,,,
Harden,,106,TRUE,0,Status,30,0,"{'snatch': 1, 'metronome': 1}",{'def': 1},self,Normal,{'boost': {'def': 1}},Tough,Raises the user's Defense by 1 stage.,Raises the user's Defense by 1.,,,,,,,,,,,,,,,,,,,,,,,,,,,,,,,,,,,,,,,,,,,,,,,,,,,,
Hard Press,,912,100,0,Physical,10,0,"{'contact': 1, 'protect': 1, 'mirror': 1, 'metronome': 1}",,normal,Steel,,,"Power is equal to 100 * (target's current HP / target's maximum HP), rounded half down, but not less than 1.",More power the more HP the target has left.,,,,,,TRUE,,,,,,,,,,,,,,,,,,,,,,,,,,,,,,,,,,,,,,,,,,,,,,
Haze,,114,TRUE,0,Status,30,0,"{'bypasssub': 1, 'metronome': 1}",,all,Ice,{'effect': 'heal'},Beautiful,Resets the stat stages of all active Pokemon to 0.,Eliminates all stat changes.,,,,,,,,,,,,,,,,,,,,,,,,,,,,,,,,,,,,,,,,,,,,,,,,,,,,
Headbutt,,29,100,70,Physical,15,0,"{'contact': 1, 'protect': 1, 'mirror': 1, 'metronome': 1}",,normal,Normal,,Tough,Has a 30% chance to make the target flinch.,30% chance to make the target flinch.,,,,,"{'chance': 30, 'volatileStatus': 'flinch'}",,,,,,,,,,,,,,,,,,,,,,,,,,,,,,,,,,,,,,,,,,,,,,,
Head Charge,,543,100,120,Physical,15,0,"{'contact': 1, 'protect': 1, 'mirror': 1, 'metronome': 1}",,normal,Normal,,Tough,"If the target lost HP, the user takes recoil damage equal to 1/4 the HP lost by the target, rounded half up, but not less than 1 HP.",Has 1/4 recoil.,,,Past,,,,,,,,,,,,,,,,"[1, 4]",,,,,,,,,,,,,,,,,,,,,,,,,,,,,,,,,
Headlong Rush,,838,100,120,Physical,5,0,"{'contact': 1, 'protect': 1, 'mirror': 1, 'punch': 1, 'metronome': 1}",,normal,Ground,,,Lowers the user's Defense and Special Defense by 1 stage.,Lowers the user's Defense and Sp. Def by 1.,,,,,,,,,"{'boosts': {'def': -1, 'spd': -1}}",,,,,,,,,,,,,,,,,,,,,,,,,,,,,,,,,,,,,,,,,,,
Head Smash,,457,80,150,Physical,5,0,"{'contact': 1, 'protect': 1, 'mirror': 1, 'metronome': 1}",,normal,Rock,,Tough,"If the target lost HP, the user takes recoil damage equal to 1/2 the HP lost by the target, rounded half up, but not less than 1 HP.",Has 1/2 recoil.,,,,,,,,,,,,,,,,,,,"[1, 2]",,,,,,,,,,,,,,,,,,,,,,,,,,,,,,,,,
Heal Bell,,215,TRUE,0,Status,5,0,"{'snatch': 1, 'sound': 1, 'distance': 1, 'bypasssub': 1, 'metronome': 1}",,allyTeam,Normal,{'effect': 'heal'},Beautiful,"Every Pokemon in the user's party is cured of its non-volatile status condition. Active Pokemon with the Soundproof Ability are not cured, unless they are the user.",Cures the user's party of all status conditions.,,,,,,,,,,,,,,,,,,,,,,,,,,,,,,,,,,,,,,,,,,,,,,,,,,,,
Heal Block,,377,100,0,Status,15,0,"{'protect': 1, 'reflectable': 1, 'mirror': 1, 'metronome': 1}",,allAdjacentFoes,Psychic,{'boost': {'spa': 2}},Clever,"For 5 turns, the target is prevented from restoring any HP as long as it remains active. During the effect, healing and draining moves are unusable, and Abilities and items that grant healing will not heal the user. If an affected Pokemon uses Baton Pass, the replacement will remain unable to restore its HP. Pain Split and the Regenerator Ability are unaffected.","For 5 turns, the foe(s) is prevented from healing.",,,Past,,,,"{'duration': 5, 'onBeforeMovePriority': 6, 'onResidualOrder': 20}",healblock,,,,,,,,,,,,,,,,,,,,,,,,,,,,,,,,,,,,,,,,,,,,
Healing Wish,,361,TRUE,0,Status,10,0,"{'snatch': 1, 'heal': 1, 'metronome': 1}",,self,Psychic,,Beautiful,"The user faints, and if the Pokemon brought out to replace it does not have full HP or has a non-volatile status condition, its HP is fully restored along with having any non-volatile status condition cured. The replacement is sent out at the end of the turn, and the healing happens before hazards take effect. This effect continues until a Pokemon that meets either of these conditions switches in at the user's position or gets swapped into the position with Ally Switch. Fails if the user is the last unfainted Pokemon in its party.",User faints. Next hurt Pokemon is fully healed.,,,,,,,{},,,,,,,,,,,,,,,,,,,,,,,,ifHit,,,,,,,,,,healingwish,,,,,,,,,,,
Heal Order,,456,TRUE,0,Status,10,0,"{'snatch': 1, 'heal': 1, 'metronome': 1}",,self,Bug,{'effect': 'clearnegativeboost'},Clever,"The user restores 1/2 of its maximum HP, rounded half up.",Heals the user by 50% of its max HP.,,,Past,,,,,,,,,,,,,,,,,,,,,,,,,,,,,,,,,,,,,,,"[1, 2]",,,,,,,,,,
Heal Pulse,,505,TRUE,0,Status,10,0,"{'protect': 1, 'reflectable': 1, 'distance': 1, 'heal': 1, 'allyanim': 1, 'metronome': 1, 'pulse': 1}",,any,Psychic,{'effect': 'clearnegativeboost'},Beautiful,"The target restores 1/2 of its maximum HP, rounded half up. If the user has the Mega Launcher Ability, the target instead restores 3/4 of its maximum HP, rounded half down.",Heals the target by 50% of its max HP.,,,,,,,,,,,,,,,,,,,,,,,,,,,,,,,,,,,,,,,,,,,,,,,,,,,,
Heart Stamp,,531,100,60,Physical,25,0,"{'contact': 1, 'protect': 1, 'mirror': 1, 'metronome': 1}",,normal,Psychic,,Cute,Has a 30% chance to make the target flinch.,30% chance to make the target flinch.,,,Past,,"{'chance': 30, 'volatileStatus': 'flinch'}",,,,,,,,,,,,,,,,,,,,,,,,,,,,,,,,,,,,,,,,,,,,,,,
Heart Swap,,391,TRUE,0,Status,10,0,"{'protect': 1, 'mirror': 1, 'bypasssub': 1, 'allyanim': 1, 'metronome': 1}",,normal,Psychic,{'effect': 'crit2'},Clever,The user swaps all its stat stage changes with the target.,Swaps all stat changes with target.,,,,,,,,,,,,,,,,,,,,,,,,,,,,,,,,,,,,,,,,,,,,,,,,,,,,
Heat Crash,,535,100,0,Physical,10,0,"{'contact': 1, 'protect': 1, 'mirror': 1, 'nonsky': 1, 'metronome': 1, 'minimize': 1}",,normal,Fire,{'basePower': 160},Tough,"The power of this move depends on (user's weight / target's weight), rounded down. Power is equal to 120 if the result is 5 or more, 100 if 4, 80 if 3, 60 if 2, and 40 if 1 or less. Damage doubles and no accuracy check is done if the target has used Minimize while active.",More power the heavier the user than the target.,,,,,,TRUE,,,,,,,,,,,,{'basePower': 130},,,,,,,,,,,,,,,,,,,,,,,,,,,,,,,,,,
Heat Wave,,257,90,95,Special,10,0,"{'protect': 1, 'mirror': 1, 'metronome': 1, 'wind': 1}",,allAdjacentFoes,Fire,,Beautiful,Has a 10% chance to burn the target.,10% chance to burn the foe(s).,,,,,"{'chance': 10, 'status': 'brn'}",,,,,,,,,,,,,,,,,,,,,,,,,,,,,,,,,,,,,,,,,,,,,,,
Heavy Slam,,484,100,0,Physical,10,0,"{'contact': 1, 'protect': 1, 'mirror': 1, 'nonsky': 1, 'metronome': 1, 'minimize': 1}",,normal,Steel,{'basePower': 160},Tough,"The power of this move depends on (user's weight / target's weight), rounded down. Power is equal to 120 if the result is 5 or more, 100 if 4, 80 if 3, 60 if 2, and 40 if 1 or less. Damage doubles and no accuracy check is done if the target has used Minimize while active.",More power the heavier the user than the target.,,,,,,TRUE,,,,,,,,,,,,{'basePower': 130},,,,,,,,,,,,,,,,,,,,,,,,,,,,,,,,,,
Helping Hand,,270,TRUE,0,Status,20,5,"{'bypasssub': 1, 'noassist': 1, 'failcopycat': 1}",,adjacentAlly,Normal,{'effect': 'clearnegativeboost'},Clever,"The power of the target's attack this turn is multiplied by 1.5 (this effect is stackable). Fails if there is no ally adjacent to the user or if the ally already moved this turn, but does not fail if the ally is using a two-turn move.",One adjacent ally's move power is 1.5x this turn.,,,,,,,"{'duration': 1, 'onBasePowerPriority': 10}",helpinghand,,,,,,,,,,,,,,,,,,,,,,,,,,,,,,,,,,,,,,,,,,,,
Hex,,506,100,65,Special,10,0,"{'protect': 1, 'mirror': 1, 'metronome': 1}",,normal,Ghost,{'basePower': 160},Clever,Power doubles if the target has a non-volatile status condition.,Power doubles if the target has a status ailment.,,,,,,TRUE,,,,,,,,,,,,,,,,,,,,,,,,,,,,,,,,,,,,,,,,,,,,,,
Hidden Power,,237,100,60,Special,15,0,"{'protect': 1, 'mirror': 1, 'metronome': 1}",,normal,Normal,,Clever,"This move's type depends on the user's individual values (IVs), and can be any type but Fairy and Normal.",Varies in type based on the user's IVs.,,,Past,,,,,,,,,,,,,,,,,,,,,,,,,,,,,,,,,,,,,,,,,,,,,,,,,
Hidden Power Bug,,237,100,60,Special,15,0,"{'protect': 1, 'mirror': 1}",,normal,Bug,,Clever,,,,,Past,,,,,,,,,,,,,,,,,,,,,,,,,,,,,,,,,,,,,,,,Hidden Power,,,,,,,,,
Hidden Power Dark,,237,100,60,Special,15,0,"{'protect': 1, 'mirror': 1}",,normal,Dark,,Clever,,,,,Past,,,,,,,,,,,,,,,,,,,,,,,,,,,,,,,,,,,,,,,,Hidden Power,,,,,,,,,
Hidden Power Dragon,,237,100,60,Special,15,0,"{'protect': 1, 'mirror': 1}",,normal,Dragon,,Clever,,,,,Past,,,,,,,,,,,,,,,,,,,,,,,,,,,,,,,,,,,,,,,,Hidden Power,,,,,,,,,
Hidden Power Electric,,237,100,60,Special,15,0,"{'protect': 1, 'mirror': 1}",,normal,Electric,,Clever,,,,,Past,,,,,,,,,,,,,,,,,,,,,,,,,,,,,,,,,,,,,,,,Hidden Power,,,,,,,,,
Hidden Power Fighting,,237,100,60,Special,15,0,"{'protect': 1, 'mirror': 1}",,normal,Fighting,,Clever,,,,,Past,,,,,,,,,,,,,,,,,,,,,,,,,,,,,,,,,,,,,,,,Hidden Power,,,,,,,,,
Hidden Power Fire,,237,100,60,Special,15,0,"{'protect': 1, 'mirror': 1}",,normal,Fire,,Clever,,,,,Past,,,,,,,,,,,,,,,,,,,,,,,,,,,,,,,,,,,,,,,,Hidden Power,,,,,,,,,
Hidden Power Flying,,237,100,60,Special,15,0,"{'protect': 1, 'mirror': 1}",,normal,Flying,,Clever,,,,,Past,,,,,,,,,,,,,,,,,,,,,,,,,,,,,,,,,,,,,,,,Hidden Power,,,,,,,,,
Hidden Power Ghost,,237,100,60,Special,15,0,"{'protect': 1, 'mirror': 1}",,normal,Ghost,,Clever,,,,,Past,,,,,,,,,,,,,,,,,,,,,,,,,,,,,,,,,,,,,,,,Hidden Power,,,,,,,,,
Hidden Power Grass,,237,100,60,Special,15,0,"{'protect': 1, 'mirror': 1}",,normal,Grass,,Clever,,,,,Past,,,,,,,,,,,,,,,,,,,,,,,,,,,,,,,,,,,,,,,,Hidden Power,,,,,,,,,
Hidden Power Ground,,237,100,60,Special,15,0,"{'protect': 1, 'mirror': 1}",,normal,Ground,,Clever,,,,,Past,,,,,,,,,,,,,,,,,,,,,,,,,,,,,,,,,,,,,,,,Hidden Power,,,,,,,,,
Hidden Power Ice,,237,100,60,Special,15,0,"{'protect': 1, 'mirror': 1}",,normal,Ice,,Clever,,,,,Past,,,,,,,,,,,,,,,,,,,,,,,,,,,,,,,,,,,,,,,,Hidden Power,,,,,,,,,
Hidden Power Poison,,237,100,60,Special,15,0,"{'protect': 1, 'mirror': 1}",,normal,Poison,,Clever,,,,,Past,,,,,,,,,,,,,,,,,,,,,,,,,,,,,,,,,,,,,,,,Hidden Power,,,,,,,,,
Hidden Power Psychic,,237,100,60,Special,15,0,"{'protect': 1, 'mirror': 1}",,normal,Psychic,,Clever,,,,,Past,,,,,,,,,,,,,,,,,,,,,,,,,,,,,,,,,,,,,,,,Hidden Power,,,,,,,,,
Hidden Power Rock,,237,100,60,Special,15,0,"{'protect': 1, 'mirror': 1}",,normal,Rock,,Clever,,,,,Past,,,,,,,,,,,,,,,,,,,,,,,,,,,,,,,,,,,,,,,,Hidden Power,,,,,,,,,
Hidden Power Steel,,237,100,60,Special,15,0,"{'protect': 1, 'mirror': 1}",,normal,Steel,,Clever,,,,,Past,,,,,,,,,,,,,,,,,,,,,,,,,,,,,,,,,,,,,,,,Hidden Power,,,,,,,,,
Hidden Power Water,,237,100,60,Special,15,0,"{'protect': 1, 'mirror': 1}",,normal,Water,,Clever,,,,,Past,,,,,,,,,,,,,,,,,,,,,,,,,,,,,,,,,,,,,,,,Hidden Power,,,,,,,,,
High Horsepower,,667,95,95,Physical,10,0,"{'contact': 1, 'protect': 1, 'mirror': 1, 'metronome': 1}",,normal,Ground,,Tough,No additional effect.,No additional effect.,,,,,,,,,,,,,,,,,,,,,,,,,,,,,,,,,,,,,,,,,,,,,,,,,,,,
High Jump Kick,,136,90,130,Physical,10,0,"{'contact': 1, 'protect': 1, 'mirror': 1, 'gravity': 1, 'metronome': 1}",,normal,Fighting,,Cool,"If this attack is not successful, the user loses half of its maximum HP, rounded down, as crash damage. Pokemon with the Magic Guard Ability are unaffected by crash damage.",User is hurt by 50% of its max HP if it misses.,,,,,,,,,,,,,TRUE,,,,,,,,,,,,,,,,,,,,,,,,,,,,,,,,,,,,,,,
Hold Back,,610,100,40,Physical,40,0,"{'contact': 1, 'protect': 1, 'mirror': 1, 'metronome': 1}",,normal,Normal,,Cool,Leaves the target with at least 1 HP.,Always leaves the target with at least 1 HP.,,,Unobtainable,,,,,,,,,,,,,,,,,,,,,,,,,,,,,,-20,,,,,,,,,,,,,,,,,,,
Hold Hands,,607,TRUE,0,Status,40,0,"{'bypasssub': 1, 'nosleeptalk': 1, 'noassist': 1, 'failcopycat': 1, 'failmimic': 1, 'failinstruct': 1}",,adjacentAlly,Normal,"{'boost': {'atk': 1, 'def': 1, 'spa': 1, 'spd': 1, 'spe': 1}}",Cute,No competitive use. Fails if there is no ally adjacent to the user.,No competitive use.,,,Unobtainable,,,,,,,,,,,,,,,,,,,,,,,,,,,,,,,,,,,,,,,,,,,,,,,,,
Hone Claws,,468,TRUE,0,Status,15,0,"{'snatch': 1, 'metronome': 1}","{'atk': 1, 'accuracy': 1}",self,Dark,{'boost': {'atk': 1}},Cute,Raises the user's Attack and accuracy by 1 stage.,Raises the user's Attack and accuracy by 1.,,,,,,,,,,,,,,,,,,,,,,,,,,,,,,,,,,,,,,,,,,,,,,,,,,,,
Horn Attack,,30,100,65,Physical,25,0,"{'contact': 1, 'protect': 1, 'mirror': 1, 'metronome': 1}",,normal,Normal,,Cool,No additional effect.,No additional effect.,,,,,,,,,,,,,,,,,,,,,,,,,,,,,,,,,,,,,,,,,,,,,,,,,,,,
Horn Drill,,32,30,0,Physical,5,0,"{'contact': 1, 'protect': 1, 'mirror': 1, 'metronome': 1}",,normal,Normal,{'basePower': 180},Cool,"Deals damage to the target equal to the target's maximum HP. Ignores accuracy and evasiveness modifiers. This attack's accuracy is equal to (user's level - target's level + 30)%, and fails if the target is at a higher level. Pokemon with the Sturdy Ability are immune.",OHKOs the target. Fails if user is a lower level.,,,,,,,,,,,,,,,,,,{'basePower': 130},,,,,,,,,,,,,,,,,,TRUE,,,,,,,,,,,,,,,,
Horn Leech,,532,100,75,Physical,10,0,"{'contact': 1, 'protect': 1, 'mirror': 1, 'heal': 1, 'metronome': 1}",,normal,Grass,,Tough,"The user recovers 1/2 the HP lost by the target, rounded half up. If Big Root is held by the user, the HP recovered is 1.3x normal, rounded half down.",User recovers 50% of the damage dealt.,,,,"[1, 2]",,,,,,,,,,,,,,,,,,,,,,,,,,,,,,,,,,,,,,,,,,,,,,,,
Howl,,336,TRUE,0,Status,40,0,"{'snatch': 1, 'sound': 1, 'metronome': 1}",{'atk': 1},allies,Normal,{'boost': {'atk': 1}},Cool,Raises the Attack of the user and all allies 1 stage.,Raises the user's and ally's Attack by 1.,,,,,,,,,,,,,,,,,,,,,,,,,,,,,,,,,,,,,,,,,,,,,,,,,,,,
Hurricane,,542,70,110,Special,10,0,"{'protect': 1, 'mirror': 1, 'distance': 1, 'metronome': 1, 'wind': 1}",,any,Flying,,Tough,"Has a 30% chance to confuse the target. This move can hit a target using Bounce, Fly, or Sky Drop, or is under the effect of Sky Drop. If the weather is Primordial Sea or Rain Dance, this move does not check accuracy. If the weather is Desolate Land or Sunny Day, this move's accuracy is 50%. If this move is used against a Pokemon holding Utility Umbrella, this move's accuracy remains at 70%.",30% chance to confuse target. Can't miss in rain.,,,,,"{'chance': 30, 'volatileStatus': 'confusion'}",,,,,,,,,,,,,,,,,,,,,,,,,,,,,,,,,,,,,,,,,,,,,,,
Hydro Cannon,,308,90,150,Special,5,0,"{'recharge': 1, 'protect': 1, 'mirror': 1, 'metronome': 1}",,normal,Water,,Beautiful,"If this move is successful, the user must recharge on the following turn and cannot select a move.",User cannot move next turn.,,,,,,,,,{'volatileStatus': 'mustrecharge'},,,,,,,,,,,,,,,,,,,,,,,,,,,,,,,,,,,,,,,,,,,
Hydro Pump,,56,80,110,Special,5,0,"{'protect': 1, 'mirror': 1, 'metronome': 1}",,normal,Water,,Beautiful,No additional effect.,No additional effect.,,,,,,,,,,,,,,,,,,,,,,,,,,,,,,,,,,,,,,,,,,,,,,,,,,,,
Hydro Steam,,876,100,80,Special,15,0,"{'protect': 1, 'mirror': 1, 'defrost': 1, 'metronome': 1}",,normal,Water,,,"If the current weather is Sunny Day and the user is not holding Utility Umbrella, this move's damage is multiplied by 1.5 instead of halved for being Water type.",During Sunny Day: 1.5x damage instead of half.,,,,,,,,,,,,,,,,,,,,,,,,,,,,,,,,,,,,,,,,,,,,TRUE,,,,,,,,
Hydro Vortex,,642,TRUE,1,Physical,1,0,{},,normal,Water,,Cool,Power is equal to the base move's Z-Power.,Power is equal to the base move's Z-Power.,,wateriumz,Past,,,,,,,,,,,,,,,,,,,,,,,,,,,,,,,,,,,,,,,,,,,,,,,,,
Hyper Beam,,63,90,150,Special,5,0,"{'recharge': 1, 'protect': 1, 'mirror': 1, 'metronome': 1}",,normal,Normal,,Cool,"If this move is successful, the user must recharge on the following turn and cannot select a move.",User cannot move next turn.,,,,,,,,,{'volatileStatus': 'mustrecharge'},,,,,,,,,,,,,,,,,,,,,,,,,,,,,,,,,,,,,,,,,,,
Hyper Drill,,887,100,100,Physical,5,0,"{'contact': 1, 'mirror': 1}",,normal,Normal,,Clever,Bypasses protection without breaking it.,Bypasses protection without breaking it.,,,,,,,,,,,,,,,,,,,,,,,,,,,,,,,,,,,,,,,,,,,,,,,,,,,,
Hyper Fang,,158,90,80,Physical,15,0,"{'contact': 1, 'protect': 1, 'mirror': 1, 'metronome': 1, 'bite': 1}",,normal,Normal,,Cool,Has a 10% chance to make the target flinch.,10% chance to make the target flinch.,,,Past,,"{'chance': 10, 'volatileStatus': 'flinch'}",,,,,,,,,,,,,,,,,,,,,,,,,,,,,,,,,,,,,,,,,,,,,,,
Hyperspace Fury,,621,TRUE,100,Physical,5,0,"{'mirror': 1, 'bypasssub': 1, 'nosketch': 1}",,normal,Dark,,Tough,"Lowers the user's Defense by 1 stage. This move cannot be used successfully unless the user's current form, while considering Transform, is Hoopa Unbound. If this move is successful, it breaks through the target's Baneful Bunker, Detect, King's Shield, Protect, or Spiky Shield for this turn, allowing other Pokemon to attack the target normally. If the target's side is protected by Crafty Shield, Mat Block, Quick Guard, or Wide Guard, that protection is also broken for this turn and other Pokemon may attack the target's side normally.",Hoopa-U: Lowers user's Def by 1; breaks protect.,,,,,,,,,{'boosts': {'def': -1}},,,,,,,,,,,,,,,,,,,,,,,,,TRUE,,,,,,,,,,,,,,,,,,
Hyperspace Hole,,593,TRUE,80,Special,5,0,"{'mirror': 1, 'bypasssub': 1}",,normal,Psychic,,Clever,"If this move is successful, it breaks through the target's Baneful Bunker, Detect, King's Shield, Protect, or Spiky Shield for this turn, allowing other Pokemon to attack the target normally. If the target's side is protected by Crafty Shield, Mat Block, Quick Guard, or Wide Guard, that protection is also broken for this turn and other Pokemon may attack the target's side normally.",Breaks the target's protection for this turn.,,,,,,,,,,,,,,,,,,,,,,,,,,,,,,,,,,TRUE,,,,,,,,,,,,,,,,,,
Hyper Voice,,304,100,90,Special,10,0,"{'protect': 1, 'mirror': 1, 'sound': 1, 'bypasssub': 1, 'metronome': 1}",,allAdjacentFoes,Normal,,Cool,No additional effect.,No additional effect. Hits adjacent foes.,,,,,,,,,,,,,,,,,,,,,,,,,,,,,,,,,,,,,,,,,,,,,,,,,,,,
Hypnosis,,95,60,0,Status,20,0,"{'protect': 1, 'reflectable': 1, 'mirror': 1, 'metronome': 1}",,normal,Psychic,{'boost': {'spe': 1}},Clever,Causes the target to fall asleep.,Causes the target to fall asleep.,,,,,,,,,,,,,,,,,,,,,,,,,,slp,,,,,,,,,,,,,,,,,,,,,,,,,,
Ice Ball,,301,90,30,Physical,20,0,"{'contact': 1, 'protect': 1, 'mirror': 1, 'metronome': 1, 'failinstruct': 1, 'bullet': 1, 'noparentalbond': 1}",,normal,Ice,,Beautiful,"If this move is successful, the user is locked into this move and cannot make another move until it misses, 5 turns have passed, or the attack cannot be used. Power doubles with each successful hit of this move and doubles again if Defense Curl was used previously by the user. If this move is called by Sleep Talk, the move is used for one turn.",Power doubles with each hit. Repeats for 5 turns.,,,Past,,,TRUE,"{'duration': 1, 'onLockMove': 'iceball'}",,,,,,,,,,,,,,,,,,,,,,,,,,,,,,,,,,,,,,,,,,,,,
Ice Beam,,58,100,90,Special,10,0,"{'protect': 1, 'mirror': 1, 'metronome': 1}",,normal,Ice,,Beautiful,Has a 10% chance to freeze the target.,10% chance to freeze the target.,,,,,"{'chance': 10, 'status': 'frz'}",,,,,,,,,,,,,,,,,,,,,,,,,,,,,,,,,,,,,,,,,,,,,,,
Ice Burn,,554,90,140,Special,5,0,"{'charge': 1, 'protect': 1, 'mirror': 1, 'nosleeptalk': 1, 'failinstruct': 1}",,normal,Ice,,Beautiful,"Has a 30% chance to burn the target. This attack charges on the first turn and executes on the second. If the user is holding a Power Herb, the move completes in one turn.",Charges turn 1. Hits turn 2. 30% burn.,,,,,"{'chance': 30, 'status': 'brn'}",,,,,,,,,,,,,,,,,,,,,,,,,,,,,,,,,,,,,,,,,,,,,,,
Ice Fang,,423,95,65,Physical,15,0,"{'contact': 1, 'protect': 1, 'mirror': 1, 'metronome': 1, 'bite': 1}",,normal,Ice,,Cool,Has a 10% chance to freeze the target and a 10% chance to make it flinch.,10% chance to freeze. 10% chance to flinch.,,,,,,,,,,,,,,,,,,,,,,,,,,,,,,,,,,,"[{'chance': 10, 'status': 'frz'}, {'chance': 10, 'volatileStatus': 'flinch'}]",,,,,,,,,,,,,,,,,
Ice Hammer,,665,90,100,Physical,10,0,"{'contact': 1, 'protect': 1, 'mirror': 1, 'punch': 1, 'metronome': 1}",,normal,Ice,,Tough,Lowers the user's Speed by 1 stage.,Lowers the user's Speed by 1.,,,,,,,,,{'boosts': {'spe': -1}},,,,,,,,,,,,,,,,,,,,,,,,,,,,,,,,,,,,,,,,,,,
Ice Punch,,8,100,75,Physical,15,0,"{'contact': 1, 'protect': 1, 'mirror': 1, 'punch': 1, 'metronome': 1}",,normal,Ice,,Beautiful,Has a 10% chance to freeze the target.,10% chance to freeze the target.,,,,,"{'chance': 10, 'status': 'frz'}",,,,,,,,,,,,,,,,,,,,,,,,,,,,,,,,,,,,,,,,,,,,,,,
Ice Shard,,420,100,40,Physical,30,1,"{'protect': 1, 'mirror': 1, 'metronome': 1}",,normal,Ice,,Beautiful,No additional effect.,Usually goes first.,,,,,,,,,,,,,,,,,,,,,,,,,,,,,,,,,,,,,,,,,,,,,,,,,,,,
Ice Spinner,,861,100,80,Physical,15,0,"{'contact': 1, 'protect': 1, 'mirror': 1, 'metronome': 1}",,normal,Ice,,,"Ends the effects of Electric Terrain, Grassy Terrain, Misty Terrain, and Psychic Terrain.",Ends the effects of terrain.,,,,,,,,,,,,,,,,,,,,,,,,,,,,,,,,,,,,,,,,,,,,,,,,,,,,
Icicle Crash,,556,90,85,Physical,10,0,"{'protect': 1, 'mirror': 1, 'metronome': 1}",,normal,Ice,,Beautiful,Has a 30% chance to make the target flinch.,30% chance to make the target flinch.,,,,,"{'chance': 30, 'volatileStatus': 'flinch'}",,,,,,,,,,,,,,,,,,,,,,,,,,,,,,,,,,,,,,,,,,,,,,,
Icicle Spear,,333,100,25,Physical,30,0,"{'protect': 1, 'mirror': 1, 'metronome': 1}",,normal,Ice,{'basePower': 140},Beautiful,"Hits two to five times. Has a 35% chance to hit two or three times and a 15% chance to hit four or five times. If one of the hits breaks the target's substitute, it will take damage for the remaining hits. If the user has the Skill Link Ability, this move will always hit five times. If the user is holding Loaded Dice, this move will hit 4-5 times.",Hits 2-5 times in one turn.,,,,,,,,,,"[2, 5]",,,,,,,,{'basePower': 130},,,,,,,,,,,,,,,,,,,,,,,,,,,,,,,,,,
Icy Wind,,196,95,55,Special,15,0,"{'protect': 1, 'mirror': 1, 'metronome': 1, 'wind': 1}",,allAdjacentFoes,Ice,,Beautiful,Has a 100% chance to lower the target's Speed by 1 stage.,100% chance to lower the foe(s) Speed by 1.,,,,,"{'chance': 100, 'boosts': {'spe': -1}}",,,,,,,,,,,,,,,,,,,,,,,,,,,,,,,,,,,,,,,,,,,,,,,
Imprison,,286,TRUE,0,Status,10,0,"{'snatch': 1, 'bypasssub': 1, 'metronome': 1, 'mustpressure': 1}",,self,Psychic,{'boost': {'spd': 2}},Clever,The user prevents all opposing Pokemon from using any moves that the user also knows as long as the user remains active.,No foe can use any move known by the user.,,,,,,,"{'noCopy': True, 'onFoeBeforeMovePriority': 4}",imprison,,,,,,,,,,,,,,,,,,,,,,,,,,,,,,,,,,,,,,,,,,,,
Incinerate,,510,100,60,Special,15,0,"{'protect': 1, 'mirror': 1, 'metronome': 1}",,allAdjacentFoes,Fire,,Tough,The target loses its held item if it is a Berry or a Gem. This move cannot cause Pokemon with the Sticky Hold Ability to lose their held item. Items lost to this move cannot be regained with Recycle or the Harvest Ability.,Destroys the foe(s) Berry/Gem.,,,,,,,,,,,,,,,,,,,,,,,,,,,,,,,,,,,,,,,,,,,,,,,,,,,,
Infernal Parade,,844,100,60,Special,15,0,"{'protect': 1, 'mirror': 1, 'metronome': 1}",,normal,Ghost,,,Has a 30% chance to burn the target. Power doubles if the target has a non-volatile status condition.,30% burn. 2x power if target is already statused.,,,,,"{'chance': 30, 'status': 'brn'}",TRUE,,,,,,,,,,,,,,,,,,,,,,,,,,,,,,,,,,,,,,,,,,,,,,
Inferno,,517,50,100,Special,5,0,"{'protect': 1, 'mirror': 1, 'metronome': 1}",,normal,Fire,,Beautiful,Has a 100% chance to burn the target.,100% chance to burn the target.,,,,,"{'chance': 100, 'status': 'brn'}",,,,,,,,,,,,,,,,,,,,,,,,,,,,,,,,,,,,,,,,,,,,,,,
Inferno Overdrive,,640,TRUE,1,Physical,1,0,{},,normal,Fire,,Cool,Power is equal to the base move's Z-Power.,Power is equal to the base move's Z-Power.,,firiumz,Past,,,,,,,,,,,,,,,,,,,,,,,,,,,,,,,,,,,,,,,,,,,,,,,,,
Infestation,,611,100,20,Special,20,0,"{'contact': 1, 'protect': 1, 'mirror': 1, 'metronome': 1}",,normal,Bug,,Cute,"Prevents the target from switching for four or five turns (seven turns if the user is holding Grip Claw). Causes damage to the target equal to 1/8 of its maximum HP (1/6 if the user is holding Binding Band), rounded down, at the end of each turn during effect. The target can still switch out if it is holding Shed Shell or uses Baton Pass, Flip Turn, Parting Shot, Shed Tail, Teleport, U-turn, or Volt Switch. The effect ends if either the user or the target leaves the field, or if the target uses Mortal Spin, Rapid Spin, or Substitute successfully. This effect is not stackable or reset by using this or another binding move.",Traps and damages the target for 4-5 turns.,,,,,,,,partiallytrapped,,,,,,,,,,,,,,,,,,,,,,,,,,,,,,,,,,,,,,,,,,,,
Ingrain,,275,TRUE,0,Status,20,0,"{'snatch': 1, 'nonsky': 1, 'metronome': 1}",,self,Grass,{'boost': {'spd': 1}},Clever,"The user has 1/16 of its maximum HP restored at the end of each turn, but it is prevented from switching out and other Pokemon cannot force the user to switch out. The user can still switch out if it uses Baton Pass, Flip Turn, Parting Shot, Teleport, U-turn, or Volt Switch. If the user leaves the field using Baton Pass, the replacement will remain trapped and still receive the healing effect. During the effect, the user can be hit normally by Ground-type attacks and be affected by Spikes, Toxic Spikes, and Sticky Web, even if the user is a Flying type or has the Levitate Ability.",Traps/grounds user; heals 1/16 max HP per turn.,,,,,,,{'onResidualOrder': 7},ingrain,,,,,,,,,,,,,,,,,,,,,,,,,,,,,,,,,,,,,,,,,,,,
Instruct,,689,TRUE,0,Status,15,0,"{'protect': 1, 'bypasssub': 1, 'allyanim': 1, 'failinstruct': 1}",,normal,Psychic,{'boost': {'spa': 1}},Clever,"The target immediately uses its last used move. Fails if the target has not made a move, if the move has 0 PP, if the target is preparing to use Beak Blast, Focus Punch, or Shell Trap, or if the move is Assist, Beak Blast, Belch, Bide, Blazing Torque, Celebrate, Chatter, Combat Torque, Copycat, Dynamax Cannon, Focus Punch, Hold Hands, Ice Ball, Instruct, King's Shield, Magical Torque, Me First, Metronome, Mimic, Mirror Move, Nature Power, Noxious Torque, Obstruct, Outrage, Petal Dance, Rollout, Shell Trap, Sketch, Sleep Talk, Struggle, Thrash, Transform, Uproar, Wicked Torque, any two-turn move, or any recharge move.",The target immediately uses its last used move.,,,,,,,,,,,,,,,,,,,,,,,,,,,,,,,,,,,,,,,,,,,,,,,,,,,,
Ion Deluge,,569,TRUE,0,Status,25,1,{'metronome': 1},,all,Electric,{'boost': {'spa': 1}},Beautiful,Causes Normal-type moves to become Electric type this turn. The effect happens after other effects that change a move's type.,Normal moves become Electric type this turn.,,,Past,,,,"{'duration': 1, 'onModifyTypePriority': -2}",,,,,,,,,,,,,,,,,,,,,,,,,iondeluge,,,,,,,,,,,,,,,,,,,,
Iron Defense,,334,TRUE,0,Status,15,0,"{'snatch': 1, 'metronome': 1}",{'def': 2},self,Steel,{'effect': 'clearnegativeboost'},Tough,Raises the user's Defense by 2 stages.,Raises the user's Defense by 2.,,,,,,,,,,,,,,,,,,,,,,,,,,,,,,,,,,,,,,,,,,,,,,,,,,,,
Iron Head,,442,100,80,Physical,15,0,"{'contact': 1, 'protect': 1, 'mirror': 1, 'metronome': 1}",,normal,Steel,,Tough,Has a 30% chance to make the target flinch.,30% chance to make the target flinch.,,,,,"{'chance': 30, 'volatileStatus': 'flinch'}",,,,,,,,,,,,,,,,,,,,,,,,,,,,,,,,,,,,,,,,,,,,,,,
Iron Tail,,231,75,100,Physical,15,0,"{'contact': 1, 'protect': 1, 'mirror': 1, 'metronome': 1}",,normal,Steel,,Cool,Has a 30% chance to lower the target's Defense by 1 stage.,30% chance to lower the target's Defense by 1.,,,,,"{'chance': 30, 'boosts': {'def': -1}}",,,,,,,,,,,,,,,,,,,,,,,,,,,,,,,,,,,,,,,,,,,,,,,
Ivy Cudgel,,904,100,100,Physical,10,0,"{'protect': 1, 'mirror': 1, 'metronome': 1}",,normal,Grass,,,"Has a higher chance for a critical hit. If the user is an Ogerpon, this move's type changes depending on its form. Water type for Wellspring Mask, Fire type for Hearthflame Mask, and Rock type for Cornerstone Mask.",High critical hit ratio. Type depends on user's form.,2,,,,,,,,,,,,,,,,,,,,,,,,,,,,,,,,,,,,,,,,,,,,,,,,,,,
Jaw Lock,,746,100,80,Physical,10,0,"{'contact': 1, 'protect': 1, 'mirror': 1, 'metronome': 1, 'bite': 1}",,normal,Dark,,,"Prevents the user and the target from switching out. The user and the target can still switch out if either of them is holding Shed Shell or uses Baton Pass, Flip Turn, Parting Shot, Teleport, U-turn, or Volt Switch. The effect ends if either the user or the target leaves the field.",Prevents both user and target from switching out.,,,,,,,,,,,,,,,,,,,,,,,,,,,,,,,,,,,,,,,,,,,,,,,,,,,,
Jet Punch,,857,100,60,Physical,15,1,"{'contact': 1, 'protect': 1, 'mirror': 1, 'punch': 1}",,normal,Water,,Cool,No additional effect.,Usually goes first.,,,,,,,,,,,,,,,,,,,,,,,,,,,,,,,,,,,,,,,,,,,,,,,,,,,,
Judgment,,449,100,100,Special,10,0,"{'protect': 1, 'mirror': 1, 'metronome': 1}",,normal,Normal,,Beautiful,This move's type depends on the user's held Plate.,Type varies based on the held Plate.,,,,,,,,,,,,,,,,,,,,,,,,,,,,,,,,,,,,,,,,,,,,,,,,,,,,
Jump Kick,,26,95,100,Physical,10,0,"{'contact': 1, 'protect': 1, 'mirror': 1, 'gravity': 1, 'metronome': 1}",,normal,Fighting,,Cool,"If this attack is not successful, the user loses half of its maximum HP, rounded down, as crash damage. Pokemon with the Magic Guard Ability are unaffected by crash damage.",User is hurt by 50% of its max HP if it misses.,,,Past,,,,,,,,,,TRUE,,,,,,,,,,,,,,,,,,,,,,,,,,,,,,,,,,,,,,,
Jungle Healing,,816,TRUE,0,Status,10,0,"{'heal': 1, 'bypasssub': 1, 'allyanim': 1}",,allies,Grass,,,"Each Pokemon on the user's side restores 1/4 of its maximum HP, rounded half up, and has its status condition cured.","User and allies: healed 1/4 max HP, status cured.",,,,,,,,,,,,,,,,,,,,,,,,,,,,,,,,,,,,,,,,,,,,,,,,,,,,
Karate Chop,,2,100,50,Physical,25,0,"{'contact': 1, 'protect': 1, 'mirror': 1, 'metronome': 1}",,normal,Fighting,,Tough,Has a higher chance for a critical hit.,High critical hit ratio.,2,,Past,,,,,,,,,,,,,,,,,,,,,,,,,,,,,,,,,,,,,,,,,,,,,,,,,
Kinesis,,134,80,0,Status,15,0,"{'protect': 1, 'reflectable': 1, 'mirror': 1, 'metronome': 1}",{'accuracy': -1},normal,Psychic,{'boost': {'evasion': 1}},Clever,Lowers the target's accuracy by 1 stage.,Lowers the target's accuracy by 1.,,,Past,,,,,,,,,,,,,,,,,,,,,,,,,,,,,,,,,,,,,,,,,,,,,,,,,
King's Shield,,588,TRUE,0,Status,10,4,"{'noassist': 1, 'failcopycat': 1, 'failinstruct': 1}",,self,Steel,{'effect': 'clearnegativeboost'},Cool,"The user is protected from most attacks made by other Pokemon during this turn, and Pokemon trying to make contact with the user have their Attack lowered by 1 stage. Non-damaging moves go through this protection. This move has a 1/X chance of being successful, where X starts at 1 and triples each time this move is successfully used. X resets to 1 if this move fails, if the user's last move used is not Baneful Bunker, Burning Bulwark, Detect, Endure, King's Shield, Max Guard, Obstruct, Protect, Quick Guard, Silk Trap, Spiky Shield, or Wide Guard, or if it was one of those moves and the user's protection was broken. Fails if the user moves last this turn.",Protects from damaging attacks. Contact: -1 Atk.,,,Past,,,,"{'duration': 1, 'onTryHitPriority': 3}",kingsshield,,,,,,TRUE,,,,,,,,,,,,,,,,,,,,,,,,,,,,,,,,,,,,,,
Knock Off,,282,100,65,Physical,20,0,"{'contact': 1, 'protect': 1, 'mirror': 1, 'metronome': 1}",,normal,Dark,,Clever,"If the target is holding an item that can be removed from it, ignoring the Sticky Hold Ability, this move's power is multiplied by 1.5. If the user has not fainted, the target loses its held item. This move cannot cause Pokemon with the Sticky Hold Ability to lose their held item or cause a Kyogre, a Groudon, a Giratina, an Arceus, a Genesect, a Silvally, a Zacian, or a Zamazenta to lose their Blue Orb, Red Orb, Griseous Orb, Plate, Drive, Memory, Rusted Sword, or Rusted Shield respectively. Items lost to this move cannot be regained with Recycle or the Harvest Ability.",1.5x damage if foe holds an item. Removes item.,,,,,,,,,,,,,,,,,,,,,,,,,,,,,,,,,,,,,,,,,,,,,,,,,,,,
Kowtow Cleave,,869,TRUE,85,Physical,10,0,"{'contact': 1, 'protect': 1, 'mirror': 1, 'metronome': 1, 'slicing': 1}",,normal,Dark,,,This move does not check accuracy.,This move does not check accuracy.,,,,,,,,,,,,,,,,,,,,,,,,,,,,,,,,,,,,,,,,,,,,,,,,,,,,
Land's Wrath,,616,100,90,Physical,10,0,"{'protect': 1, 'mirror': 1, 'nonsky': 1, 'metronome': 1}",,allAdjacentFoes,Ground,{'basePower': 185},Beautiful,No additional effect.,No additional effect. Hits adjacent foes.,,,Past,,,,,,,,,,,,,,,,,,,,,,,,,,,,,,,,,,,,,,,,,,,,,,,,,
Laser Focus,,673,TRUE,0,Status,30,0,"{'snatch': 1, 'metronome': 1}",,self,Normal,{'boost': {'atk': 1}},Cool,"Until the end of the next turn, the user's attacks will be critical hits.","Until the end of the next turn, user's moves crit.",,,Past,,,,{'duration': 2},laserfocus,,,,,,,,,,,,,,,,,,,,,,,,,,,,,,,,,,,,,,,,,,,,
Lash Out,,808,100,75,Physical,5,0,"{'contact': 1, 'protect': 1, 'mirror': 1, 'metronome': 1}",,normal,Dark,,,Power doubles if the user had a stat stage lowered this turn.,2x power if the user had a stat lowered this turn.,,,,,,,,,,,,,,,,,,,,,,,,,,,,,,,,,,,,,,,,,,,,,,,,,,,,
Last Resort,,387,100,140,Physical,5,0,"{'contact': 1, 'protect': 1, 'mirror': 1, 'metronome': 1}",,normal,Normal,,Cute,"This move fails unless the user knows this move and at least one other move, and has used all the other moves it knows at least once each since it became active or Transformed.",Fails unless each known move has been used.,,,,,,,,,,,,,,,,,,,,,,,,,,,,,,,,,,,,,,,,,,,,,,,,,,,,
Last Respects,,854,100,50,Physical,10,0,"{'protect': 1, 'mirror': 1, 'metronome': 1}",,normal,Ghost,,,"Power is equal to 50+(X*50), where X is the total number of times any Pokemon has fainted on the user's side, and X cannot be greater than 100.",+50 power for each time a party member fainted.,,,,,,TRUE,,,,,,,,,,,,,,,,,,,,,,,,,,,,,,,,,,,,,,,,,,,,,,
Lava Plume,,436,100,80,Special,15,0,"{'protect': 1, 'mirror': 1, 'metronome': 1}",,allAdjacent,Fire,,Tough,Has a 30% chance to burn the target.,30% chance to burn adjacent Pokemon.,,,,,"{'chance': 30, 'status': 'brn'}",,,,,,,,,,,,,,,,,,,,,,,,,,,,,,,,,,,,,,,,,,,,,,,
Leafage,,670,100,40,Physical,40,0,"{'protect': 1, 'mirror': 1, 'metronome': 1}",,normal,Grass,,Tough,No additional effect.,No additional effect.,,,,,,,,,,,,,,,,,,,,,,,,,,,,,,,,,,,,,,,,,,,,,,,,,,,,
Leaf Blade,,348,100,90,Physical,15,0,"{'contact': 1, 'protect': 1, 'mirror': 1, 'metronome': 1, 'slicing': 1}",,normal,Grass,,Cool,Has a higher chance for a critical hit.,High critical hit ratio.,2,,,,,,,,,,,,,,,,,,,,,,,,,,,,,,,,,,,,,,,,,,,,,,,,,,,
Leaf Storm,,437,90,130,Special,5,0,"{'protect': 1, 'mirror': 1, 'metronome': 1}",,normal,Grass,,Beautiful,Lowers the user's Special Attack by 2 stages.,Lowers the user's Sp. Atk by 2.,,,,,,,,,{'boosts': {'spa': -2}},,,,,,,,,,,,,,,,,,,,,,,,,,,,,,,,,,,,,,,,,,,
Leaf Tornado,,536,90,65,Special,10,0,"{'protect': 1, 'mirror': 1, 'metronome': 1}",,normal,Grass,,Cool,Has a 50% chance to lower the target's accuracy by 1 stage.,50% chance to lower the target's accuracy by 1.,,,Past,,"{'chance': 50, 'boosts': {'accuracy': -1}}",,,,,,,,,,,,,,,,,,,,,,,,,,,,,,,,,,,,,,,,,,,,,,,
Leech Life,,141,100,80,Physical,10,0,"{'contact': 1, 'protect': 1, 'mirror': 1, 'heal': 1, 'metronome': 1}",,normal,Bug,,Clever,"The user recovers 1/2 the HP lost by the target, rounded half up. If Big Root is held by the user, the HP recovered is 1.3x normal, rounded half down.",User recovers 50% of the damage dealt.,,,,"[1, 2]",,,,,,,,,,,,,,,,,,,,,,,,,,,,,,,,,,,,,,,,,,,,,,,,
Leech Seed,,73,90,0,Status,10,0,"{'protect': 1, 'reflectable': 1, 'mirror': 1, 'metronome': 1}",,normal,Grass,{'effect': 'clearnegativeboost'},Clever,"The Pokemon at the user's position steals 1/8 of the target's maximum HP, rounded down, at the end of each turn. If Big Root is held by the recipient, the HP recovered is 1.3x normal, rounded half down. If the target uses Baton Pass, the replacement will continue being leeched. If the target switches out or uses Mortal Spin or Rapid Spin successfully, the effect ends. Grass-type Pokemon are immune to this move on use, but not its effect.",1/8 of target's HP is restored to user every turn.,,,,,,,{'onResidualOrder': 8},leechseed,,,,,,,,,,,,,,,,,,,,,,,,,,,,,,,,,,,,,,,,,,,,
Leer,,43,100,0,Status,30,0,"{'protect': 1, 'reflectable': 1, 'mirror': 1, 'metronome': 1}",{'def': -1},allAdjacentFoes,Normal,{'boost': {'atk': 1}},Cool,Lowers the target's Defense by 1 stage.,Lowers the foe(s) Defense by 1.,,,,,,,,,,,,,,,,,,,,,,,,,,,,,,,,,,,,,,,,,,,,,,,,,,,,
Let's Snuggle Forever,,726,TRUE,190,Physical,1,0,{'contact': 1},,normal,Fairy,,Cool,No additional effect.,No additional effect.,,mimikiumz,Past,,,,,,,,,,,,,,,,,,,,,,,,,,,,,,,,,,,,,,,,,,,,,,,,,
Lick,,122,100,30,Physical,30,0,"{'contact': 1, 'protect': 1, 'mirror': 1, 'metronome': 1}",,normal,Ghost,,Cute,Has a 30% chance to paralyze the target.,30% chance to paralyze the target.,,,,,"{'chance': 30, 'status': 'par'}",,,,,,,,,,,,,,,,,,,,,,,,,,,,,,,,,,,,,,,,,,,,,,,
Life Dew,,791,TRUE,0,Status,10,0,"{'snatch': 1, 'heal': 1, 'bypasssub': 1}",,allies,Water,,,"Each Pokemon on the user's side restores 1/4 of its maximum HP, rounded half up.",Heals the user and its allies by 1/4 their max HP.,,,,,,,,,,,,,,,,,,,,,,,,,,,,,,,,,,,,,,,,,,"[1, 4]",,,,,,,,,,
Light of Ruin,,617,90,140,Special,5,0,"{'protect': 1, 'mirror': 1}",,normal,Fairy,,Beautiful,"If the target lost HP, the user takes recoil damage equal to 1/2 the HP lost by the target, rounded half up, but not less than 1 HP.",Has 1/2 recoil.,,,Past,,,,,,,,,,,,,,,,"[1, 2]",,,,,,,,,,,,,,,,,,,,,,,,,,,,,,,,,
Light Screen,,113,TRUE,0,Status,30,0,"{'snatch': 1, 'metronome': 1}",,allySide,Psychic,{'boost': {'spd': 1}},Beautiful,"For 5 turns, the user and its party members take 0.5x damage from special attacks, or 0.66x damage if in a Double Battle. Damage is not reduced further with Aurora Veil. Critical hits ignore this effect. It is removed from the user's side if the user or an ally is successfully hit by Brick Break, Psychic Fangs, or Defog. Lasts for 8 turns if the user is holding Light Clay. Fails if the effect is already active on the user's side.","For 5 turns, special damage to allies is halved.",,,,,,,"{'duration': 5, 'onSideResidualOrder': 26, 'onSideResidualSubOrder': 2}",,,,,lightscreen,,,,,,,,,,,,,,,,,,,,,,,,,,,,,,,,,,,,,,,,
Light That Burns the Sky,,723,TRUE,200,Special,1,0,{},,normal,Psychic,,Cool,"This move becomes a physical attack if the user's Attack is greater than its Special Attack, including stat stage changes. This move and its effects ignore the Abilities of other Pokemon.",Physical if user's Atk > Sp. Atk. Ignores Abilities.,,ultranecroziumz,Past,,,,,,,,,,,,,,,,,,,,,,,,,,,,,,,,,,,,,TRUE,,,,,,,,,,,,
Liquidation,,710,100,85,Physical,10,0,"{'contact': 1, 'protect': 1, 'mirror': 1, 'metronome': 1}",,normal,Water,,Cool,Has a 20% chance to lower the target's Defense by 1 stage.,20% chance to lower the target's Defense by 1.,,,,,"{'chance': 20, 'boosts': {'def': -1}}",,,,,,,,,,,,,,,,,,,,,,,,,,,,,,,,,,,,,,,,,,,,,,,
Lock-On,,199,TRUE,0,Status,5,0,"{'protect': 1, 'mirror': 1, 'metronome': 1}",,normal,Normal,{'boost': {'spe': 1}},Clever,"Until the end of the next turn, the target cannot avoid the user's moves, even if the target is in the middle of a two-turn move. The effect ends if either the user or the target leaves the field. Fails if this effect is active for the user.",User's next move will not miss the target.,,,,,,,"{'noCopy': True, 'duration': 2, 'onSourceInvulnerabilityPriority': 1}",,,,,,,,,,,,,,,,,,,,,,,,,,,,,,,,,,,,,,,,,,,,,
Lovely Kiss,,142,75,0,Status,10,0,"{'protect': 1, 'reflectable': 1, 'mirror': 1, 'metronome': 1}",,normal,Normal,{'boost': {'spe': 1}},Beautiful,Causes the target to fall asleep.,Causes the target to fall asleep.,,,Past,,,,,,,,,,,,,,,,,,,,,,,slp,,,,,,,,,,,,,,,,,,,,,,,,,,
Low Kick,,67,100,0,Physical,20,0,"{'contact': 1, 'protect': 1, 'mirror': 1, 'metronome': 1}",,normal,Fighting,{'basePower': 160},Tough,"This move's power is 20 if the target weighs less than 10 kg, 40 if less than 25 kg, 60 if less than 50 kg, 80 if less than 100 kg, 100 if less than 200 kg, and 120 if greater than or equal to 200 kg.",More power the heavier the target.,,,,,,TRUE,,,,,,,,,,,,,,,,,,,,,,,,,,,,,,,,,,,,,,,,,,,,,,
Low Sweep,,490,100,65,Physical,20,0,"{'contact': 1, 'protect': 1, 'mirror': 1, 'metronome': 1}",,normal,Fighting,,Clever,Has a 100% chance to lower the target's Speed by 1 stage.,100% chance to lower the target's Speed by 1.,,,,,"{'chance': 100, 'boosts': {'spe': -1}}",,,,,,,,,,,,,,,,,,,,,,,,,,,,,,,,,,,,,,,,,,,,,,,
Lucky Chant,,381,TRUE,0,Status,30,0,"{'snatch': 1, 'metronome': 1}",,allySide,Normal,{'boost': {'evasion': 1}},Cute,"For 5 turns, the user and its party members cannot be struck by a critical hit. Fails if the effect is already active on the user's side.","For 5 turns, shields user's party from critical hits.",,,Past,,,,"{'duration': 5, 'onCriticalHit': False, 'onSideResidualOrder': 26, 'onSideResidualSubOrder': 6}",,,,,luckychant,,,,,,,,,,,,,,,,,,,,,,,,,,,,,,,,,,,,,,,,
Lumina Crash,,855,100,80,Special,10,0,"{'protect': 1, 'mirror': 1, 'metronome': 1}",,normal,Psychic,,,Has a 100% chance to lower the target's Special Defense by 2 stages.,100% chance to lower the target's Sp. Def by 2.,,,,,"{'chance': 100, 'boosts': {'spd': -2}}",,,,,,,,,,,,,,,,,,,,,,,,,,,,,,,,,,,,,,,,,,,,,,,
Lunar Blessing,,849,TRUE,0,Status,5,0,"{'snatch': 1, 'heal': 1, 'metronome': 1}",,allies,Psychic,,,"Each Pokemon on the user's side restores 1/4 of its maximum HP, rounded half up, and has its status condition cured.","User and allies: healed 1/4 max HP, status cured.",,,,,,,,,,,,,,,,,,,,,,,,,,,,,,,,,,,,,,,,,,,,,,,,,,,,
Lunar Dance,,461,TRUE,0,Status,10,0,"{'snatch': 1, 'dance': 1, 'heal': 1, 'metronome': 1}",,self,Psychic,,Beautiful,"The user faints, and if the Pokemon brought out to replace it does not have full HP or PP, or has a non-volatile status condition, its HP and PP are fully restored along with having any non-volatile status condition cured. The replacement is sent out at the end of the turn, and the healing happens before hazards take effect. This effect continues until a Pokemon that meets any of these conditions switches in at the user's position or gets swapped into the position with Ally Switch. Fails if the user is the last unfainted Pokemon in its party.","User faints. Next hurt Pkmn is cured, max HP/PP.",,,,,,,{},,,,,,,,,,,,,,,,,,,,,,,,ifHit,,,,,,,,,,lunardance,,,,,,,,,,,
Lunge,,679,100,80,Physical,15,0,"{'contact': 1, 'protect': 1, 'mirror': 1, 'metronome': 1}",,normal,Bug,,Cute,Has a 100% chance to lower the target's Attack by 1 stage.,100% chance to lower the target's Attack by 1.,,,,,"{'chance': 100, 'boosts': {'atk': -1}}",,,,,,,,,,,,,,,,,,,,,,,,,,,,,,,,,,,,,,,,,,,,,,,
Luster Purge,,295,100,95,Special,5,0,"{'protect': 1, 'mirror': 1, 'metronome': 1}",,normal,Psychic,,Clever,Has a 50% chance to lower the target's Special Defense by 1 stage.,50% chance to lower the target's Sp. Def by 1.,,,,,"{'chance': 50, 'boosts': {'spd': -1}}",,,,,,,,,,,,,,,,,,,,,,,,,,,,,,,,,,,,,,,,,,,,,,,
Mach Punch,,183,100,40,Physical,30,1,"{'contact': 1, 'protect': 1, 'mirror': 1, 'punch': 1, 'metronome': 1}",,normal,Fighting,,Cool,No additional effect.,Usually goes first.,,,,,,,,,,,,,,,,,,,,,,,,,,,,,,,,,,,,,,,,,,,,,,,,,,,,
Magical Leaf,,345,TRUE,60,Special,20,0,"{'protect': 1, 'mirror': 1, 'metronome': 1}",,normal,Grass,,Beautiful,This move does not check accuracy.,This move does not check accuracy.,,,,,,,,,,,,,,,,,,,,,,,,,,,,,,,,,,,,,,,,,,,,,,,,,,,,
Magical Torque,,900,100,100,Physical,10,0,"{'protect': 1, 'failencore': 1, 'failmefirst': 1, 'nosleeptalk': 1, 'noassist': 1, 'failcopycat': 1, 'failmimic': 1, 'failinstruct': 1, 'nosketch': 1}",,normal,Fairy,,,Has a 30% chance to confuse the target.,30% chance to confuse the target.,,,Unobtainable,,"{'chance': 30, 'volatileStatus': 'confusion'}",,,,,,,,,,,,,,,,,,,,,,,,,,,,,,,,,,,,,,,,,,,,,,,
Magic Coat,,277,TRUE,0,Status,15,4,{'metronome': 1},,self,Psychic,{'boost': {'spd': 2}},Beautiful,"Until the end of the turn, the user is unaffected by certain non-damaging moves directed at it and will instead use such moves against the original user. Moves reflected in this way are unable to be reflected again by this or the Magic Bounce Ability's effect. Spikes, Stealth Rock, Sticky Web, and Toxic Spikes can only be reflected once per side, by the leftmost Pokemon under this or the Magic Bounce Ability's effect. The Lightning Rod and Storm Drain Abilities redirect their respective moves before this move takes effect.",Bounces back certain non-damaging moves.,,,Past,,,,"{'duration': 1, 'onTryHitPriority': 2}",magiccoat,,,,,,,,,,,,,,,,,,,,,,,,,,,,,,,,,,,,,,,,,,,,
Magic Powder,,750,100,0,Status,20,0,"{'protect': 1, 'reflectable': 1, 'mirror': 1, 'allyanim': 1, 'metronome': 1, 'powder': 1}",,normal,Psychic,,,"Causes the target to become a Psychic type. Fails if the target is an Arceus or a Silvally, if the target is already purely Psychic type, or if the target is Terastallized.",Changes the target's type to Psychic.,,,,,,,,,,,,,,,,,,,,,,,,,,,,,,,,,,,,,,,,,,,,,,,,,,,,
Magic Room,,478,TRUE,0,Status,10,0,"{'mirror': 1, 'metronome': 1}",,all,Psychic,{'boost': {'spd': 1}},Clever,"For 5 turns, the held items of all active Pokemon have no effect. An item's effect of causing forme changes is unaffected, but any other effects from such items are negated. During the effect, Fling and Natural Gift are prevented from being used by all active Pokemon. If this move is used during the effect, the effect ends.","For 5 turns, all held items have no effect.",,,,,,,"{'duration': 5, 'onFieldResidualOrder': 27, 'onFieldResidualSubOrder': 6}",,,,,,,,,,,,,,,,,,,,,,,,,magicroom,,,,,,,,,,,,,,,,,,,,
Magma Storm,,463,75,100,Special,5,0,"{'protect': 1, 'mirror': 1, 'metronome': 1}",,normal,Fire,,Tough,"Prevents the target from switching for four or five turns (seven turns if the user is holding Grip Claw). Causes damage to the target equal to 1/8 of its maximum HP (1/6 if the user is holding Binding Band), rounded down, at the end of each turn during effect. The target can still switch out if it is holding Shed Shell or uses Baton Pass, Flip Turn, Parting Shot, Shed Tail, Teleport, U-turn, or Volt Switch. The effect ends if either the user or the target leaves the field, or if the target uses Mortal Spin, Rapid Spin, or Substitute successfully. This effect is not stackable or reset by using this or another binding move.",Traps and damages the target for 4-5 turns.,,,,,,,,partiallytrapped,,,,,,,,,,,,,,,,,,,,,,,,,,,,,,,,,,,,,,,,,,,,
Magnet Bomb,,443,TRUE,60,Physical,20,0,"{'protect': 1, 'mirror': 1, 'metronome': 1, 'bullet': 1}",,normal,Steel,,Cool,This move does not check accuracy.,This move does not check accuracy.,,,Past,,,,,,,,,,,,,,,,,,,,,,,,,,,,,,,,,,,,,,,,,,,,,,,,,
Magnetic Flux,,602,TRUE,0,Status,20,0,"{'snatch': 1, 'distance': 1, 'bypasssub': 1, 'metronome': 1}",,allySide,Electric,{'boost': {'spd': 1}},Clever,Raises the Defense and Special Defense of Pokemon on the user's side with the Plus or Minus Abilities by 1 stage.,"Raises Def, Sp. Def of allies with Plus/Minus by 1.",,,,,,,,,,,,,,,,,,,,,,,,,,,,,,,,,,,,,,,,,,,,,,,,,,,,
Magnet Rise,,393,TRUE,0,Status,10,0,"{'snatch': 1, 'gravity': 1, 'metronome': 1}",,self,Electric,{'boost': {'evasion': 1}},Clever,"For 5 turns, the user is immune to Ground-type attacks and the effects of Spikes, Toxic Spikes, Sticky Web, and the Arena Trap Ability as long as it remains active. If the user uses Baton Pass, the replacement will gain the effect. Ingrain, Smack Down, Thousand Arrows, and Iron Ball override this move if the user is under any of their effects. Fails if the user is already under this effect or the effects of Ingrain, Smack Down, or Thousand Arrows.","For 5 turns, the user has immunity to Ground.",,,,,,,"{'duration': 5, 'onResidualOrder': 18}",magnetrise,,,,,,,,,,,,,,,,,,,,,,,,,,,,,,,,,,,,,,,,,,,,
Magnitude,,222,100,0,Physical,30,0,"{'protect': 1, 'mirror': 1, 'nonsky': 1, 'metronome': 1}",,allAdjacent,Ground,{'basePower': 140},Tough,"The power of this move varies; 5% chances for 10 and 150 power, 10% chances for 30 and 110 power, 20% chances for 50 and 90 power, and 30% chance for 70 power. Damage doubles if the target is using Dig.",Hits adjacent Pokemon. Power varies; 2x on Dig.,,,Past,,,,,,,,,,,,,,,{'basePower': 140},,,,,,,,,,,,,,,,,,,,,,,,,,,,,,,,,,
Make It Rain,,874,100,120,Special,5,0,"{'protect': 1, 'mirror': 1}",,allAdjacentFoes,Steel,,Beautiful,Lowers the user's Special Attack by 1 stage.,Lowers the user's Sp. Atk by 1. Hits foe(s).,,,,,,,,,{'boosts': {'spa': -1}},,,,,,,,,,,,,,,,,,,,,,,,,,,,,,,,,,,,,,,,,,,
Malicious Moonsault,,696,TRUE,180,Physical,1,0,"{'contact': 1, 'minimize': 1}",,normal,Dark,,Cool,Damage doubles and no accuracy check is done if the target has used Minimize while active.,Damage doubles if the target used Minimize.,,inciniumz,Past,,,,,,,,,,,,,,,,,,,,,,,,,,,,,,,,,,,,,,,,,,,,,,,,,
Malignant Chain,,919,100,100,Special,5,0,"{'protect': 1, 'mirror': 1, 'metronome': 1}",,normal,Poison,,,Has a 50% chance to badly poison the target.,50% chance to badly poison the target.,,,,,"{'chance': 50, 'status': 'tox'}",,,,,,,,,,,,,,,,,,,,,,,,,,,,,,,,,,,,,,,,,,,,,,,
Mat Block,,561,TRUE,0,Status,10,0,"{'snatch': 1, 'nonsky': 1, 'noassist': 1, 'failcopycat': 1}",,allySide,Fighting,{'boost': {'def': 1}},Cool,"The user and its party members are protected from damaging attacks made by other Pokemon, including allies, during this turn. Fails unless it is the user's first turn on the field, if the user moves last this turn, or if this move is already in effect for the user's side.",Protects allies from damaging attacks. Turn 1 only.,,,Past,,,,"{'duration': 1, 'onTryHitPriority': 3}",,,,,matblock,,TRUE,,,,,,,,,,,,,,,,,,,,,,,,,,,,,,,,,,,,,,
Matcha Gotcha,,902,90,80,Special,15,0,"{'protect': 1, 'mirror': 1, 'defrost': 1, 'heal': 1, 'metronome': 1}",,allAdjacentFoes,Grass,,,"Has a 20% chance to burn the target. The user recovers 1/2 the HP lost by the target, rounded half up. If Big Root is held by the user, the HP recovered is 1.3x normal, rounded half down. The target thaws out if it is frozen.",20% burn. Recovers 50% dmg dealt. Thaws foe(s).,,,,"[1, 2]","{'chance': 20, 'status': 'brn'}",,,,,,,,,,,,,,,,,,,,,,,,,,,,,,,,,,,,,,,TRUE,,,,,,,,
Max Airstream,,766,TRUE,10,Physical,10,0,{},,adjacentFoe,Flying,,Cool,"Power is equal to the base move's Max Move power. If this move is successful, the Speed of each Pokemon on the user's side is raised by 1 stage, even if they have a substitute. This effect does not happen if the user is not Dynamaxed. If this move is used as a base move, it deals damage with a power of 0.",Base move affects power. Allies: +1 Speed.,,,Past,,,,,,{},,,,,,,,,,,,,,,,,,,,,,,,,,,,,,TRUE,,,,,,,,,,,,,
Max Darkness,,772,TRUE,10,Physical,10,0,{},,adjacentFoe,Dark,,Cool,"Power is equal to the base move's Max Move power. If this move is successful, the Special Defense of each Pokemon on the opposing side is lowered by 1 stage, even if they have a substitute. This effect does not happen if the user is not Dynamaxed. If this move is used as a base move, it deals damage with a power of 0.",Base move affects power. Foes: -1 Sp. Def.,,,Past,,,,,,{},,,,,,,,,,,,,,,,,,,,,,,,,,,,,,TRUE,,,,,,,,,,,,,
Max Flare,,757,TRUE,100,Physical,10,0,{},,adjacentFoe,Fire,,Cool,"Power is equal to the base move's Max Move power. If this move is successful, the effect of Sunny Day begins. This effect does not happen if the user is not Dynamaxed. If this move is used as a base move, it deals damage with a power of 0.",Base move affects power. Starts Sunny Day.,,,Past,,,,,,{},,,,,,,,,,,,,,,,,,,,,,,,,,,,,,TRUE,,,,,,,,,,,,,
Max Flutterby,,758,TRUE,10,Physical,10,0,{},,adjacentFoe,Bug,,Cool,"Power is equal to the base move's Max Move power. If this move is successful, the Special Attack of each Pokemon on the opposing side is lowered by 1 stage, even if they have a substitute. This effect does not happen if the user is not Dynamaxed. If this move is used as a base move, it deals damage with a power of 0.",Base move affects power. Foes: -1 Sp. Atk.,,,Past,,,,,,{},,,,,,,,,,,,,,,,,,,,,,,,,,,,,,TRUE,,,,,,,,,,,,,
Max Geyser,,765,TRUE,10,Physical,10,0,{},,adjacentFoe,Water,,Cool,"Power is equal to the base move's Max Move power. If this move is successful, the effect of Rain Dance begins. This effect does not happen if the user is not Dynamaxed. If this move is used as a base move, it deals damage with a power of 0.",Base move affects power. Starts Rain Dance.,,,Past,,,,,,{},,,,,,,,,,,,,,,,,,,,,,,,,,,,,,TRUE,,,,,,,,,,,,,
Max Guard,,743,TRUE,0,Status,10,4,{},,self,Normal,,Cool,"The user is protected from nearly all attacks made by other Pokemon during this turn, including Max and G-Max Moves. This move has a 1/X chance of being successful, where X starts at 1 and triples each time this move is successfully used. X resets to 1 if this move fails, if the user's last move used is not Baneful Bunker, Detect, Endure, King's Shield, Max Guard, Obstruct, Protect, Quick Guard, Spiky Shield, or Wide Guard, or if it was one of those moves and the user's protection was broken. Fails if the user moves last this turn.",Protects user from moves & Max Moves this turn.,,,Past,,,,"{'duration': 1, 'onTryHitPriority': 3}",maxguard,,,,,,TRUE,,,,,,,,,,,,,,,,,,,,,,,,,TRUE,,,,,,,,,,,,,
Max Hailstorm,,763,TRUE,10,Physical,10,0,{},,adjacentFoe,Ice,,Cool,"Power is equal to the base move's Max Move power. If this move is successful, the effect of Hail begins. This effect does not happen if the user is not Dynamaxed. If this move is used as a base move, it deals damage with a power of 0.",Base move affects power. Starts Hail.,,,Past,,,,,,{},,,,,,,,,,,,,,,,,,,,,,,,,,,,,,TRUE,,,,,,,,,,,,,
Max Knuckle,,761,TRUE,10,Physical,10,0,{},,adjacentFoe,Fighting,,Cool,"Boosts the user and its allies' Attack by 1 stage. BP scales with the base move's BP. This effect does not happen if the user is not Dynamaxed. If this move is used as a base move, it deals damage with a power of 0.",Base move affects power. Allies: +1 Attack.,,,Past,,,,,,{},,,,,,,,,,,,,,,,,,,,,,,,,,,,,,TRUE,,,,,,,,,,,,,
Max Lightning,,759,TRUE,10,Physical,10,0,{},,adjacentFoe,Electric,,Cool,"Power is equal to the base move's Max Move power. If this move is successful, the effect of Electric Terrain begins. This effect does not happen if the user is not Dynamaxed. If this move is used as a base move, it deals damage with a power of 0.",Base move affects power. Starts Electric Terrain.,,,Past,,,,,,{},,,,,,,,,,,,,,,,,,,,,,,,,,,,,,TRUE,,,,,,,,,,,,,
Max Mindstorm,,769,TRUE,10,Physical,10,0,{},,adjacentFoe,Psychic,,Cool,"Power is equal to the base move's Max Move power. If this move is successful, the effect of Psychic Terrain begins. This effect does not happen if the user is not Dynamaxed. If this move is used as a base move, it deals damage with a power of 0.",Base move affects power. Starts Psychic Terrain.,,,Past,,,,,,{},,,,,,,,,,,,,,,,,,,,,,,,,,,,,,TRUE,,,,,,,,,,,,,
Max Ooze,,764,TRUE,10,Physical,10,0,{},,adjacentFoe,Poison,,Cool,"Power is equal to the base move's Max Move power. If this move is successful, the Special Attack of each Pokemon on the user's side is raised by 1 stage, even if they have a substitute. This effect does not happen if the user is not Dynamaxed. If this move is used as a base move, it deals damage with a power of 0.",Base move affects power. Allies: +1 Sp. Atk.,,,Past,,,,,,{},,,,,,,,,,,,,,,,,,,,,,,,,,,,,,TRUE,,,,,,,,,,,,,
Max Overgrowth,,773,TRUE,10,Physical,10,0,{},,adjacentFoe,Grass,,Cool,"Power is equal to the base move's Max Move power. If this move is successful, the effect of Grassy Terrain begins. This effect does not happen if the user is not Dynamaxed. If this move is used as a base move, it deals damage with a power of 0.",Base move affects power. Starts Grassy Terrain.,,,Past,,,,,,{},,,,,,,,,,,,,,,,,,,,,,,,,,,,,,TRUE,,,,,,,,,,,,,
Max Phantasm,,762,TRUE,10,Physical,10,0,{},,adjacentFoe,Ghost,,Cool,"Power is equal to the base move's Max Move power. If this move is successful, the Defense of each Pokemon on the opposing side is lowered by 1 stage, even if they have a substitute. This effect does not happen if the user is not Dynamaxed. If this move is used as a base move, it deals damage with a power of 0.",Base move affects power. Foes: -1 Defense.,,,Past,,,,,,{},,,,,,,,,,,,,,,,,,,,,,,,,,,,,,TRUE,,,,,,,,,,,,,
Max Quake,,771,TRUE,10,Physical,10,0,{},,adjacentFoe,Ground,,Cool,"Power is equal to the base move's Max Move power. If this move is successful, the Special Defense of each Pokemon on the user's side is raised by 1 stage, even if they have a substitute. This effect does not happen if the user is not Dynamaxed. If this move is used as a base move, it deals damage with a power of 0.",Base move affects power. Allies: +1 Sp. Def.,,,Past,,,,,,{},,,,,,,,,,,,,,,,,,,,,,,,,,,,,,TRUE,,,,,,,,,,,,,
Max Rockfall,,770,TRUE,10,Physical,10,0,{},,adjacentFoe,Rock,,Cool,"Power is equal to the base move's Max Move power. If this move is successful, the effect of Sandstorm begins. This effect does not happen if the user is not Dynamaxed. If this move is used as a base move, it deals damage with a power of 0.",Base move affects power. Starts Sandstorm.,,,Past,,,,,,{},,,,,,,,,,,,,,,,,,,,,,,,,,,,,,TRUE,,,,,,,,,,,,,
Max Starfall,,767,TRUE,10,Physical,10,0,{},,adjacentFoe,Fairy,,Cool,"Power is equal to the base move's Max Move power. If this move is successful, the effect of Misty Terrain begins. This effect does not happen if the user is not Dynamaxed. If this move is used as a base move, it deals damage with a power of 0.",Base move affects power. Starts Misty Terrain.,,,Past,,,,,,{},,,,,,,,,,,,,,,,,,,,,,,,,,,,,,TRUE,,,,,,,,,,,,,
Max Steelspike,,774,TRUE,10,Physical,10,0,{},,adjacentFoe,Steel,,Cool,"Power is equal to the base move's Max Move power. If this move is successful, the Defense of each Pokemon on the user's side is raised by 1 stage, even if they have a substitute. This effect does not happen if the user is not Dynamaxed. If this move is used as a base move, it deals damage with a power of 0.",Base move affects power. Allies: +1 Defense.,,,Past,,,,,,{},,,,,,,,,,,,,,,,,,,,,,,,,,,,,,TRUE,,,,,,,,,,,,,
Max Strike,,760,TRUE,10,Physical,10,0,{},,adjacentFoe,Normal,,Cool,"Power is equal to the base move's Max Move power. If this move is successful, the Speed of each Pokemon on the opposing side is lowered by 1 stage, even if they have a substitute. This effect does not happen if the user is not Dynamaxed. If this move is used as a base move, it deals damage with a power of 0.",Base move affects power. Foes: -1 Speed.,,,Past,,,,,,{},,,,,,,,,,,,,,,,,,,,,,,,,,,,,,TRUE,,,,,,,,,,,,,
Max Wyrmwind,,768,TRUE,10,Physical,10,0,{},,adjacentFoe,Dragon,,Cool,"Power is equal to the base move's Max Move power. If this move is successful, the Attack of each Pokemon on the opposing side is lowered by 1 stage, even if they have a substitute. This effect does not happen if the user is not Dynamaxed. If this move is used as a base move, it deals damage with a power of 0.",Base move affects power. Foes: -1 Attack.,,,Past,,,,,,{},,,,,,,,,,,,,,,,,,,,,,,,,,,,,,TRUE,,,,,,,,,,,,,
Mean Look,,212,TRUE,0,Status,5,0,"{'reflectable': 1, 'mirror': 1, 'metronome': 1}",,normal,Normal,{'boost': {'spd': 1}},Beautiful,"Prevents the target from switching out. The target can still switch out if it is holding Shed Shell or uses Baton Pass, Flip Turn, Parting Shot, Teleport, U-turn, or Volt Switch. The effect ends if either the user or the target leaves the field.",Prevents the target from switching out.,,,,,,,,,,,,,,,,,,,,,,,,,,,,,,,,,,,,,,,,,,,,,,,,,,,,
Meditate,,96,TRUE,0,Status,40,0,"{'snatch': 1, 'metronome': 1}",{'atk': 1},self,Psychic,{'boost': {'atk': 1}},Beautiful,Raises the user's Attack by 1 stage.,Raises the user's Attack by 1.,,,Past,,,,,,,,,,,,,,,,,,,,,,,,,,,,,,,,,,,,,,,,,,,,,,,,,
Me First,,382,TRUE,0,Status,20,0,"{'protect': 1, 'bypasssub': 1, 'failencore': 1, 'failmefirst': 1, 'nosleeptalk': 1, 'noassist': 1, 'failcopycat': 1, 'failmimic': 1, 'failinstruct': 1}",,adjacentFoe,Normal,{'boost': {'spe': 2}},Clever,"The user uses the move the target chose for use this turn against it, if possible, with its power multiplied by 1.5. The move must be a damaging move other than Beak Blast, Belch, Blazing Torque, Combat Torque, Comeuppance, Counter, Covet, Focus Punch, Magical Torque, Me First, Metal Burst, Mirror Coat, Noxious Torque, Shell Trap, Struggle, Thief, or Wicked Torque. Fails if the target moves before the user. Ignores the target's substitute for the purpose of copying the move.",Copies a foe at 1.5x power. User must be faster.,,,Past,,,,"{'duration': 1, 'onBasePowerPriority': 12}",,,,TRUE,,,,,,,,,,,,,,,,,,,,,,,,,,,,,,,,,,,,,,,,,
Mega Drain,,72,100,40,Special,15,0,"{'protect': 1, 'mirror': 1, 'heal': 1, 'metronome': 1}",,normal,Grass,{'basePower': 120},Clever,"The user recovers 1/2 the HP lost by the target, rounded half up. If Big Root is held by the user, the HP recovered is 1.3x normal, rounded half down.",User recovers 50% of the damage dealt.,,,,"[1, 2]",,,,,,,,,,,,,,,,,,,,,,,,,,,,,,,,,,,,,,,,,,,,,,,,
Megahorn,,224,85,120,Physical,10,0,"{'contact': 1, 'protect': 1, 'mirror': 1, 'metronome': 1}",,normal,Bug,,Cool,No additional effect.,No additional effect.,,,,,,,,,,,,,,,,,,,,,,,,,,,,,,,,,,,,,,,,,,,,,,,,,,,,
Mega Kick,,25,75,120,Physical,5,0,"{'contact': 1, 'protect': 1, 'mirror': 1, 'metronome': 1}",,normal,Normal,,Cool,No additional effect.,No additional effect.,,,,,,,,,,,,,,,,,,,,,,,,,,,,,,,,,,,,,,,,,,,,,,,,,,,,
Mega Punch,,5,85,80,Physical,20,0,"{'contact': 1, 'protect': 1, 'mirror': 1, 'punch': 1, 'metronome': 1}",,normal,Normal,,Tough,No additional effect.,No additional effect.,,,,,,,,,,,,,,,,,,,,,,,,,,,,,,,,,,,,,,,,,,,,,,,,,,,,
Memento,,262,100,0,Status,10,0,"{'protect': 1, 'mirror': 1, 'metronome': 1}","{'atk': -2, 'spa': -2}",normal,Dark,{'effect': 'healreplacement'},Tough,"Lowers the target's Attack and Special Attack by 2 stages. The user faints unless this move misses or there is no target. Fails entirely if this move hits a substitute, but does not fail if the target's stats cannot be changed.","Lowers target's Attack, Sp. Atk by 2. User faints.",,,,,,,,,,,,,,,,,,,,,,,,,,,,,,,ifHit,,,,,,,,,,,,,,,,,,,,,
Menacing Moonraze Maelstrom,,725,TRUE,200,Special,1,0,{},,normal,Ghost,,Cool,This move and its effects ignore the Abilities of other Pokemon.,Ignores the Abilities of other Pokemon.,,lunaliumz,Past,,,,,,,,,,,,,,,,,,,,,,,,,,,,,,,,,,,,,TRUE,,,,,,,,,,,,
Metal Burst,,368,100,0,Physical,10,0,"{'protect': 1, 'mirror': 1, 'metronome': 1, 'failmefirst': 1}",,scripted,Steel,,Cool,"Deals damage to the last opposing Pokemon to hit the user with a physical or special attack this turn equal to 1.5 times the HP lost by the user from that attack, rounded down. If the user did not lose HP from that attack, this move deals 1 HP of damage instead. If that opposing Pokemon's position is no longer in use and there is another opposing Pokemon on the field, the damage is done to it instead. Only the last hit of a multi-hit attack is counted. Fails if the user was not hit by an opposing Pokemon's physical or special attack this turn.","If hit by an attack, returns 1.5x damage.",,,,,,,,,,,,,,,,,,,,,,,,,,,,,,,,,,,,,,,,,,,,,,,,,,,,
Metal Claw,,232,95,50,Physical,35,0,"{'contact': 1, 'protect': 1, 'mirror': 1, 'metronome': 1}",,normal,Steel,,Cool,Has a 10% chance to raise the user's Attack by 1 stage.,10% chance to raise the user's Attack by 1.,,,,,"{'chance': 10, 'self': {'boosts': {'atk': 1}}}",,,,,,,,,,,,,,,,,,,,,,,,,,,,,,,,,,,,,,,,,,,,,,,
Metal Sound,,319,85,0,Status,40,0,"{'protect': 1, 'reflectable': 1, 'mirror': 1, 'sound': 1, 'bypasssub': 1, 'allyanim': 1, 'metronome': 1}",{'spd': -2},normal,Steel,{'boost': {'spa': 1}},Clever,Lowers the target's Special Defense by 2 stages.,Lowers the target's Sp. Def by 2.,,,,,,,,,,,,,,,,,,,,,,,,,,,,,,,,,,,,,,,,,,,,,,,,,,,,
Meteor Assault,,794,100,150,Physical,5,0,"{'recharge': 1, 'protect': 1, 'mirror': 1, 'failinstruct': 1}",,normal,Fighting,,,"If this move is successful, the user must recharge on the following turn and cannot select a move.",User cannot move next turn.,,,Past,,,,,,{'volatileStatus': 'mustrecharge'},,,,,,,,,,,,,,,,,,,,,,,,,,,,,,,,,,,,,,,,,,,
Meteor Beam,,800,90,120,Special,10,0,"{'charge': 1, 'protect': 1, 'mirror': 1, 'metronome': 1}",,normal,Rock,,,"This attack charges on the first turn and executes on the second. Raises the user's Special Attack by 1 stage on the first turn. If the user is holding a Power Herb, the move completes in one turn.",Raises user's Sp. Atk by 1 on turn 1. Hits turn 2.,,,,,,,,,,,,,,,,,,,,,,,,,,,,,,,,,,,,,,,,,,,,,,,,,,,,
Meteor Mash,,309,90,90,Physical,10,0,"{'contact': 1, 'protect': 1, 'mirror': 1, 'punch': 1, 'metronome': 1}",,normal,Steel,,Cool,Has a 20% chance to raise the user's Attack by 1 stage.,20% chance to raise the user's Attack by 1.,,,,,"{'chance': 20, 'self': {'boosts': {'atk': 1}}}",,,,,,,,,,,,,,,,,,,,,,,,,,,,,,,,,,,,,,,,,,,,,,,
Metronome,,118,TRUE,0,Status,10,0,"{'failencore': 1, 'nosleeptalk': 1, 'noassist': 1, 'failcopycat': 1, 'failmimic': 1, 'failinstruct': 1}",,self,Normal,,Cute,"A random move is selected for use, other than After You, Apple Acid, Armor Cannon, Assist, Astral Barrage, Aura Wheel, Baneful Bunker, Beak Blast, Behemoth Bash, Behemoth Blade, Belch, Bestow, Blazing Torque, Body Press, Branch Poke, Breaking Swipe, Celebrate, Chatter, Chilling Water, Chilly Reception, Clangorous Soul, Collision Course, Combat Torque, Comeuppance, Copycat, Counter, Covet, Crafty Shield, Decorate, Destiny Bond, Detect, Diamond Storm, Doodle, Double Iron Bash, Double Shock, Dragon Ascent, Dragon Energy, Drum Beating, Dynamax Cannon, Electro Drift, Endure, Eternabeam, False Surrender, Feint, Fiery Wrath, Fillet Away, Fleur Cannon, Focus Punch, Follow Me, Freeze Shock, Freezing Glare, Glacial Lance, Grav Apple, Helping Hand, Hold Hands, Hyper Drill, Hyperspace Fury, Hyperspace Hole, Ice Burn, Instruct, Jet Punch, Jungle Healing, King's Shield, Life Dew, Light of Ruin, Magical Torque, Make It Rain, Mat Block, Me First, Meteor Assault, Metronome, Mimic, Mind Blown, Mirror Coat, Mirror Move, Moongeist Beam, Nature Power, Nature's Madness, Noxious Torque, Obstruct, Order Up, Origin Pulse, Overdrive, Photon Geyser, Plasma Fists, Population Bomb, Pounce, Power Shift, Precipice Blades, Protect, Pyro Ball, Quash, Quick Guard, Rage Fist, Rage Powder, Raging Bull, Raging Fury, Relic Song, Revival Blessing, Ruination, Salt Cure, Secret Sword, Shed Tail, Shell Trap, Silk Trap, Sketch, Sleep Talk, Snap Trap, Snarl, Snatch, Snore, Snowscape, Spectral Thief, Spicy Extract, Spiky Shield, Spirit Break, Spotlight, Springtide Storm, Steam Eruption, Steel Beam, Strange Steam, Struggle, Sunsteel Strike, Surging Strikes, Switcheroo, Techno Blast, Tera Starstorm, Thief, Thousand Arrows, Thousand Waves, Thunder Cage, Thunderous Kick, Tidy Up, Trailblaze, Transform, Trick, Twin Beam, V-create, Wicked Blow, Wicked Torque, or Wide Guard.",Picks a random move.,,,,,,,,,,,TRUE,,,,,,,,,,,,,,,,,,,,,,,,,,,,,,,,,,,,,,,,,
Mighty Cleave,,910,100,95,Physical,5,0,"{'contact': 1, 'mirror': 1, 'metronome': 1, 'slicing': 1}",,normal,Rock,,,Bypasses protection without breaking it.,Bypasses protection without breaking it.,,,,,,,,,,,,,,,,,,,,,,,,,,,,,,,,,,,,,,,,,,,,,,,,,,,,
Milk Drink,,208,TRUE,0,Status,5,0,"{'snatch': 1, 'heal': 1, 'metronome': 1}",,self,Normal,{'effect': 'clearnegativeboost'},Cute,"The user restores 1/2 of its maximum HP, rounded half up.",Heals the user by 50% of its max HP.,,,,,,,,,,,,,,,,,,,,,,,,,,,,,,,,,,,,,,,,,,"[1, 2]",,,,,,,,,,
Mimic,,102,TRUE,0,Status,10,0,"{'protect': 1, 'bypasssub': 1, 'allyanim': 1, 'failencore': 1, 'nosleeptalk': 1, 'noassist': 1, 'failcopycat': 1, 'failmimic': 1, 'failinstruct': 1}",,normal,Normal,{'boost': {'accuracy': 1}},Cute,"While the user remains active, this move is replaced by the last move used by the target. The copied move has the maximum PP for that move. Fails if the target has not made a move, if the user has Transformed, if the user already knows the move, or if the move is Assist, Behemoth Bash, Behemoth Blade, Belch, Blazing Torque, Celebrate, Chatter, Combat Torque, Copycat, Dynamax Cannon, Hold Hands, Magical Torque, Me First, Metronome, Mimic, Mirror Move, Nature Power, Noxious Torque, Sketch, Sleep Talk, Struggle, Tera Starstorm, Transform, or Wicked Torque.",The last move the target used replaces this one.,,,,,,,,,,,,,,,,,,,,,,,,,,,,,,,,,,,,,,,,,,,,,,,,,,,,
Mind Blown,,720,100,150,Special,5,0,"{'protect': 1, 'mirror': 1}",,allAdjacent,Fire,,Cool,"Whether or not this move is successful and even if it would cause fainting, the user loses 1/2 of its maximum HP, rounded up, unless the user has the Magic Guard Ability. This move is prevented from executing and the user does not lose HP if any active Pokemon has the Damp Ability, or if this move is Fire type and the user is affected by Powder or the weather is Primordial Sea.",User loses 50% max HP. Hits adjacent Pokemon.,,,Past,,,,,,,,,,,,,,,,,,,,,,,,,,,,,,,,,,,,,,,,,,TRUE,,,,,,,
Mind Reader,,170,TRUE,0,Status,5,0,"{'protect': 1, 'mirror': 1, 'metronome': 1}",,normal,Normal,{'boost': {'spa': 1}},Clever,"Until the end of the next turn, the target cannot avoid the user's moves, even if the target is in the middle of a two-turn move. The effect ends if either the user or the target leaves the field. Fails if this effect is active for the user.",User's next move will not miss the target.,,,Past,,,,,,,,,,,,,,,,,,,,,,,,,,,,,,,,,,,,,,,,,,,,,,,,,
Minimize,,107,TRUE,0,Status,10,0,"{'snatch': 1, 'metronome': 1}",{'evasion': 2},self,Normal,{'effect': 'clearnegativeboost'},Cute,"Raises the user's evasiveness by 2 stages. Whether or not the user's evasiveness was changed, Body Slam, Dragon Rush, Flying Press, Heat Crash, Heavy Slam, Malicious Moonsault, Steamroller, Stomp, and Supercell Slam will not check accuracy and have their damage doubled if used against the user while it is active.",Raises the user's evasiveness by 2.,,,,,,,{'noCopy': True},minimize,,,,,,,,,,,,,,,,,,,,,,,,,,,,,,,,,,,,,,,,,,,,
Miracle Eye,,357,TRUE,0,Status,40,0,"{'protect': 1, 'reflectable': 1, 'mirror': 1, 'bypasssub': 1, 'metronome': 1}",,normal,Psychic,{'boost': {'spa': 1}},Clever,"As long as the target remains active, its evasiveness stat stage is ignored during accuracy checks against it if it is greater than 0, and Psychic-type attacks can hit the target if it is a Dark type. Fails if the target is already affected, or affected by Foresight or Odor Sleuth.",Psychic hits Dark. Evasiveness ignored.,,,Past,,,,{'noCopy': True},miracleeye,,,,,,,,,,,,,,,,,,,,,,,,,,,,,,,,,,,,,,,,,,,,
Mirror Coat,,243,100,0,Special,20,-5,"{'protect': 1, 'failmefirst': 1, 'noassist': 1}",,scripted,Psychic,,Beautiful,"Deals damage to the last opposing Pokemon to hit the user with a special attack this turn equal to twice the HP lost by the user from that attack. If the user did not lose HP from the attack, this move deals 1 HP of damage instead. If that opposing Pokemon's position is no longer in use and there is another opposing Pokemon on the field, the damage is done to it instead. Only the last hit of a multi-hit attack is counted. Fails if the user was not hit by an opposing Pokemon's special attack this turn.","If hit by special attack, returns double damage.",,,,,,,"{'duration': 1, 'noCopy': True, 'onRedirectTargetPriority': -1}",,,,,,,,,,,,,,,,,,,,,,,,,,,,,,,,,,,,,,,,,,,,,
Mirror Move,,119,TRUE,0,Status,20,0,"{'failencore': 1, 'nosleeptalk': 1, 'noassist': 1, 'failcopycat': 1, 'failmimic': 1, 'failinstruct': 1}",,normal,Flying,{'boost': {'atk': 2}},Clever,"The user uses the last move used by the target. The copied move is used against that target, if possible. Fails if the target has not made a move, or if the last move used cannot be copied by this move.",User uses the target's last used move against it.,,,Past,,,,,,,,TRUE,,,,,,,,,,,,,,,,,,,,,,,,,,,,,,,,,,,,,,,,,
Mirror Shot,,429,85,65,Special,10,0,"{'protect': 1, 'mirror': 1, 'metronome': 1}",,normal,Steel,,Beautiful,Has a 30% chance to lower the target's accuracy by 1 stage.,30% chance to lower the target's accuracy by 1.,,,Past,,"{'chance': 30, 'boosts': {'accuracy': -1}}",,,,,,,,,,,,,,,,,,,,,,,,,,,,,,,,,,,,,,,,,,,,,,,
Mist,,54,TRUE,0,Status,30,0,"{'snatch': 1, 'metronome': 1}",,allySide,Ice,{'effect': 'heal'},Beautiful,"For 5 turns, the user and its party members are protected from having their stat stages lowered by other Pokemon. Fails if the effect is already active on the user's side.","For 5 turns, protects user's party from stat drops.",,,,,,,"{'duration': 5, 'onSideResidualOrder': 26, 'onSideResidualSubOrder': 4}",,,,,mist,,,,,,,,,,,,,,,,,,,,,,,,,,,,,,,,,,,,,,,,
Mist Ball,,296,100,95,Special,5,0,"{'protect': 1, 'mirror': 1, 'metronome': 1, 'bullet': 1}",,normal,Psychic,,Clever,Has a 50% chance to lower the target's Special Attack by 1 stage.,50% chance to lower the target's Sp. Atk by 1.,,,,,"{'chance': 50, 'boosts': {'spa': -1}}",,,,,,,,,,,,,,,,,,,,,,,,,,,,,,,,,,,,,,,,,,,,,,,
Misty Explosion,,802,100,100,Special,5,0,"{'protect': 1, 'mirror': 1, 'metronome': 1}",,allAdjacent,Fairy,,,"If the current terrain is Misty Terrain and the user is grounded, this move's power is multiplied by 1.5. The user faints after using this move, even if this move fails for having no target. This move is prevented from executing if any active Pokemon has the Damp Ability.",User faints. User on Misty Terrain: 1.5x power.,,,,,,,,,,,,,,,,,,,,,,,,,,,,,,,always,,,,,,,,,,,,,,,,,,,,,
Misty Terrain,,581,TRUE,0,Status,10,0,"{'nonsky': 1, 'metronome': 1}",,all,Fairy,{'boost': {'spd': 1}},Beautiful,"For 5 turns, the terrain becomes Misty Terrain. During the effect, the power of Dragon-type attacks used against grounded Pokemon is multiplied by 0.5 and grounded Pokemon cannot be inflicted with a non-volatile status condition nor confusion. Grounded Pokemon can become affected by Yawn but cannot fall asleep from its effect. Camouflage transforms the user into a Fairy type, Nature Power becomes Moonblast, and Secret Power has a 30% chance to lower Special Attack by 1 stage. Fails if the current terrain is Misty Terrain.","5 turns. Can't status,-Dragon power vs grounded.",,,,,,,"{'effectType': 'Terrain', 'duration': 5, 'onBasePowerPriority': 6, 'onFieldResidualOrder': 27, 'onFieldResidualSubOrder': 7}",,,,,,,,,,,,,,,,,,,,,,mistyterrain,,,,,,,,,,,,,,,,,,,,,,,
Moonblast,,585,100,95,Special,15,0,"{'protect': 1, 'mirror': 1, 'metronome': 1}",,normal,Fairy,,Beautiful,Has a 30% chance to lower the target's Special Attack by 1 stage.,30% chance to lower the target's Sp. Atk by 1.,,,,,"{'chance': 30, 'boosts': {'spa': -1}}",,,,,,,,,,,,,,,,,,,,,,,,,,,,,,,,,,,,,,,,,,,,,,,
Moongeist Beam,,714,100,100,Special,5,0,"{'protect': 1, 'mirror': 1}",,normal,Ghost,,Cool,This move and its effects ignore the Abilities of other Pokemon.,Ignores the Abilities of other Pokemon.,,,,,,,,,,,,,,,,,,,,,,,,,,,,,,,,,,,,,,,,TRUE,,,,,,,,,,,,
Moonlight,,236,TRUE,0,Status,5,0,"{'snatch': 1, 'heal': 1, 'metronome': 1}",,self,Fairy,{'effect': 'clearnegativeboost'},Beautiful,"The user restores 1/2 of its maximum HP if Delta Stream or no weather conditions are in effect or if the user is holding Utility Umbrella, 2/3 of its maximum HP if the weather is Desolate Land or Sunny Day, and 1/4 of its maximum HP if the weather is Primordial Sea, Rain Dance, Sandstorm, or Snow, all rounded half down.",Heals the user by a weather-dependent amount.,,,,,,,,,,,,,,,,,,,,,,,,,,,,,,,,,,,,,,,,,,,,,,,,,,,,
Morning Sun,,234,TRUE,0,Status,5,0,"{'snatch': 1, 'heal': 1, 'metronome': 1}",,self,Normal,{'effect': 'clearnegativeboost'},Beautiful,"The user restores 1/2 of its maximum HP if Delta Stream or no weather conditions are in effect or if the user is holding Utility Umbrella, 2/3 of its maximum HP if the weather is Desolate Land or Sunny Day, and 1/4 of its maximum HP if the weather is Primordial Sea, Rain Dance, Sandstorm, or Snow, all rounded half down.",Heals the user by a weather-dependent amount.,,,,,,,,,,,,,,,,,,,,,,,,,,,,,,,,,,,,,,,,,,,,,,,,,,,,
Mortal Spin,,866,100,30,Physical,15,0,"{'contact': 1, 'protect': 1, 'mirror': 1, 'metronome': 1}",,allAdjacentFoes,Poison,,,"If this move is successful and the user has not fainted, the effects of Leech Seed and binding moves end for the user, and all hazards are removed from the user's side of the field. Has a 100% chance to poison the target.","Poisons foes, frees user from hazards/bind/leech.",,,,,"{'chance': 100, 'status': 'psn'}",,,,,,,,,,,,,,,,,,,,,,,,,,,,,,,,,,,,,,,,,,,,,,,
Mountain Gale,,836,85,100,Physical,10,0,"{'protect': 1, 'mirror': 1, 'metronome': 1}",,normal,Ice,,,Has a 30% chance to make the target flinch.,30% chance to make the target flinch.,,,,,"{'chance': 30, 'volatileStatus': 'flinch'}",,,,,,,,,,,,,,,,,,,,,,,,,,,,,,,,,,,,,,,,,,,,,,,
Mud Bomb,,426,85,65,Special,10,0,"{'protect': 1, 'mirror': 1, 'metronome': 1, 'bullet': 1}",,normal,Ground,,Cute,Has a 30% chance to lower the target's accuracy by 1 stage.,30% chance to lower the target's accuracy by 1.,,,Past,,"{'chance': 30, 'boosts': {'accuracy': -1}}",,,,,,,,,,,,,,,,,,,,,,,,,,,,,,,,,,,,,,,,,,,,,,,
Muddy Water,,330,85,90,Special,10,0,"{'protect': 1, 'mirror': 1, 'nonsky': 1, 'metronome': 1}",,allAdjacentFoes,Water,,Tough,Has a 30% chance to lower the target's accuracy by 1 stage.,30% chance to lower the foe(s) accuracy by 1.,,,,,"{'chance': 30, 'boosts': {'accuracy': -1}}",,,,,,,,,,,,,,,,,,,,,,,,,,,,,,,,,,,,,,,,,,,,,,,
Mud Shot,,341,95,55,Special,15,0,"{'protect': 1, 'mirror': 1, 'metronome': 1}",,normal,Ground,,Tough,Has a 100% chance to lower the target's Speed by 1 stage.,100% chance to lower the target's Speed by 1.,,,,,"{'chance': 100, 'boosts': {'spe': -1}}",,,,,,,,,,,,,,,,,,,,,,,,,,,,,,,,,,,,,,,,,,,,,,,
Mud-Slap,,189,100,20,Special,10,0,"{'protect': 1, 'mirror': 1, 'metronome': 1}",,normal,Ground,,Cute,Has a 100% chance to lower the target's accuracy by 1 stage.,100% chance to lower the target's accuracy by 1.,,,,,"{'chance': 100, 'boosts': {'accuracy': -1}}",,,,,,,,,,,,,,,,,,,,,,,,,,,,,,,,,,,,,,,,,,,,,,,
Mud Sport,,300,TRUE,0,Status,15,0,"{'nonsky': 1, 'metronome': 1}",,all,Ground,{'boost': {'spd': 1}},Cute,"For 5 turns, all Electric-type attacks used by any active Pokemon have their power multiplied by 0.33. Fails if this effect is already active.","For 5 turns, Electric-type attacks have 1/3 power.",,,Past,,,,"{'duration': 5, 'onBasePowerPriority': 1, 'onFieldResidualOrder': 27, 'onFieldResidualSubOrder': 4}",,,,,,,,,,,,,,,,,,,,,,,,,mudsport,,,,,,,,,,,,,,,,,,,,
Multi-Attack,,718,100,120,Physical,10,0,"{'contact': 1, 'protect': 1, 'mirror': 1, 'metronome': 1}",,normal,Normal,{'basePower': 185},Tough,This move's type depends on the user's held Memory.,Type varies based on the held Memory.,,,Past,,,,,,,,,,,,,,,{'basePower': 95},,,,,,,,,,,,,,,,,,,,,,,,,,,,,,,,,,
Mystical Fire,,595,100,75,Special,10,0,"{'protect': 1, 'mirror': 1, 'metronome': 1}",,normal,Fire,,Beautiful,Has a 100% chance to lower the target's Special Attack by 1 stage.,100% chance to lower the target's Sp. Atk by 1.,,,,,"{'chance': 100, 'boosts': {'spa': -1}}",,,,,,,,,,,,,,,,,,,,,,,,,,,,,,,,,,,,,,,,,,,,,,,
Mystical Power,,832,90,70,Special,10,0,"{'protect': 1, 'mirror': 1, 'metronome': 1}",,normal,Psychic,,,Has a 100% chance to raise the user's Special Attack by 1 stage.,100% chance to raise the user's Sp. Atk by 1.,,,,,"{'chance': 100, 'self': {'boosts': {'spa': 1}}}",,,,,,,,,,,,,,,,,,,,,,,,,,,,,,,,,,,,,,,,,,,,,,,
Nasty Plot,,417,TRUE,0,Status,20,0,"{'snatch': 1, 'metronome': 1}",{'spa': 2},self,Dark,{'effect': 'clearnegativeboost'},Clever,Raises the user's Special Attack by 2 stages.,Raises the user's Sp. Atk by 2.,,,,,,,,,,,,,,,,,,,,,,,,,,,,,,,,,,,,,,,,,,,,,,,,,,,,
Natural Gift,,363,100,0,Physical,15,0,"{'protect': 1, 'mirror': 1, 'metronome': 1}",,normal,Normal,{'basePower': 160},Clever,"The type and power of this move depend on the user's held Berry, and the Berry is lost. Fails if the user is not holding a Berry, if the user has the Klutz Ability, or if Embargo or Magic Room is in effect for the user.",Power and type depends on the user's Berry.,,,Past,,,,,,,,,,,,,,,{'basePower': 130},,,,,,,,,,,,,,,,,,,,,,,,,,,,,,,,,,
Nature Power,,267,TRUE,0,Status,20,0,"{'failencore': 1, 'nosleeptalk': 1, 'noassist': 1, 'failcopycat': 1, 'failmimic': 1, 'failinstruct': 1}",,normal,Normal,,Beautiful,"This move calls another move for use based on the battle terrain. Tri Attack on the regular Wi-Fi terrain, Thunderbolt during Electric Terrain, Moonblast during Misty Terrain, Energy Ball during Grassy Terrain, and Psychic during Psychic Terrain.",Attack depends on terrain (default Tri Attack).,,,Past,,,,,,,,TRUE,,,,,,,,,,,,,,,,,,,,,,,,,,,,,,,,,,,,,,,,,
Nature's Madness,,717,90,0,Special,10,0,"{'protect': 1, 'mirror': 1}",,normal,Fairy,,Tough,"Deals damage to the target equal to half of its current HP, rounded down, but not less than 1 HP.",Does damage equal to 1/2 target's current HP.,,,Past,,,,,,,,,,,,,,,,,,,,,,,,,,,,,,,,,,,,,,,,,,,,,,,,,
Needle Arm,,302,100,60,Physical,15,0,"{'contact': 1, 'protect': 1, 'mirror': 1, 'metronome': 1}",,normal,Grass,,Clever,Has a 30% chance to make the target flinch.,30% chance to make the target flinch.,,,Past,,"{'chance': 30, 'volatileStatus': 'flinch'}",,,,,,,,,,,,,,,,,,,,,,,,,,,,,,,,,,,,,,,,,,,,,,,
Never-Ending Nightmare,,636,TRUE,1,Physical,1,0,{},,normal,Ghost,,Cool,Power is equal to the base move's Z-Power.,Power is equal to the base move's Z-Power.,,ghostiumz,Past,,,,,,,,,,,,,,,,,,,,,,,,,,,,,,,,,,,,,,,,,,,,,,,,,
Night Daze,,539,95,85,Special,10,0,"{'protect': 1, 'mirror': 1, 'metronome': 1}",,normal,Dark,,Cool,Has a 40% chance to lower the target's accuracy by 1 stage.,40% chance to lower the target's accuracy by 1.,,,,,"{'chance': 40, 'boosts': {'accuracy': -1}}",,,,,,,,,,,,,,,,,,,,,,,,,,,,,,,,,,,,,,,,,,,,,,,
Nightmare,,171,100,0,Status,15,0,"{'protect': 1, 'mirror': 1, 'metronome': 1}",,normal,Ghost,{'boost': {'spa': 1}},Clever,"Causes the target to lose 1/4 of its maximum HP, rounded down, at the end of each turn as long as it is asleep. This move does not affect the target unless it is asleep. The effect ends when the target wakes up, even if it falls asleep again in the same turn.",A sleeping target is hurt by 1/4 max HP per turn.,,,Past,,,,"{'noCopy': True, 'onResidualOrder': 11}",nightmare,,,,,,,,,,,,,,,,,,,,,,,,,,,,,,,,,,,,,,,,,,,,
Night Shade,,101,100,0,Special,15,0,"{'protect': 1, 'mirror': 1, 'metronome': 1}",,normal,Ghost,,Clever,Deals damage to the target equal to the user's level.,Does damage equal to the user's level.,,,,,,,,,,,,,,,,,,,,,,,,,,,,level,,,,,,,,,,,,,,,,,,,,,,,,
Night Slash,,400,100,70,Physical,15,0,"{'contact': 1, 'protect': 1, 'mirror': 1, 'metronome': 1, 'slicing': 1}",,normal,Dark,,Cool,Has a higher chance for a critical hit.,High critical hit ratio.,2,,,,,,,,,,,,,,,,,,,,,,,,,,,,,,,,,,,,,,,,,,,,,,,,,,,
Nihil Light,,920,100,100,Special,10,0,"{'protect': 1, 'mirror': 1, 'metronome': 1}",,allAdjacentFoes,Dragon,,,,,,,Future,,,,,,,,,,,,,{'Fairy': True},,,,,TRUE,TRUE,,,,,,,,,,,,,,,,,,,,,,,,,,,,,,
Noble Roar,,568,100,0,Status,30,0,"{'protect': 1, 'reflectable': 1, 'mirror': 1, 'sound': 1, 'bypasssub': 1, 'metronome': 1}","{'atk': -1, 'spa': -1}",normal,Normal,{'boost': {'def': 1}},Tough,Lowers the target's Attack and Special Attack by 1 stage.,Lowers the target's Attack and Sp. Atk by 1.,,,,,,,,,,,,,,,,,,,,,,,,,,,,,,,,,,,,,,,,,,,,,,,,,,,,
No Retreat,,748,TRUE,0,Status,5,0,"{'snatch': 1, 'metronome': 1}","{'atk': 1, 'def': 1, 'spa': 1, 'spd': 1, 'spe': 1}",self,Fighting,,,"Raises the user's Attack, Defense, Special Attack, Special Defense, and Speed by 1 stage, but it becomes prevented from switching out. The user can still switch out if it uses Baton Pass, Flip Turn, Parting Shot, Teleport, U-turn, or Volt Switch. Fails if the user has already been prevented from switching by this effect.",Raises all stats by 1 (not acc/eva). Traps user.,,,,,,,{},noretreat,,,,,,,,,,,,,,,,,,,,,,,,,,,,,,,,,,,,,,,,,,,,
Noxious Torque,,898,100,100,Physical,10,0,"{'protect': 1, 'failencore': 1, 'failmefirst': 1, 'nosleeptalk': 1, 'noassist': 1, 'failcopycat': 1, 'failmimic': 1, 'failinstruct': 1, 'nosketch': 1}",,normal,Poison,,,Has a 30% chance to poison the target.,30% chance to poison the target.,,,Unobtainable,,"{'chance': 30, 'status': 'psn'}",,,,,,,,,,,,,,,,,,,,,,,,,,,,,,,,,,,,,,,,,,,,,,,
Nuzzle,,609,100,20,Physical,20,0,"{'contact': 1, 'protect': 1, 'mirror': 1, 'metronome': 1}",,normal,Electric,,Cute,Has a 100% chance to paralyze the target.,100% chance to paralyze the target.,,,,,"{'chance': 100, 'status': 'par'}",,,,,,,,,,,,,,,,,,,,,,,,,,,,,,,,,,,,,,,,,,,,,,,
Oblivion Wing,,613,100,80,Special,10,0,"{'protect': 1, 'mirror': 1, 'distance': 1, 'heal': 1, 'metronome': 1}",,any,Flying,,Cool,"The user recovers 3/4 the HP lost by the target, rounded half up. If Big Root is held by the user, the HP recovered is 1.3x normal, rounded half down.",User recovers 75% of the damage dealt.,,,Past,"[3, 4]",,,,,,,,,,,,,,,,,,,,,,,,,,,,,,,,,,,,,,,,,,,,,,,,
Obstruct,,792,100,0,Status,10,4,{'failinstruct': 1},,self,Dark,,,"The user is protected from most attacks made by other Pokemon during this turn, and Pokemon trying to make contact with the user have their Defense lowered by 2 stages. Non-damaging moves go through this protection. This move has a 1/X chance of being successful, where X starts at 1 and triples each time this move is successfully used. X resets to 1 if this move fails, if the user's last move used is not Baneful Bunker, Burning Bulwark, Detect, Endure, King's Shield, Max Guard, Obstruct, Protect, Quick Guard, Silk Trap, Spiky Shield, or Wide Guard, or if it was one of those moves and the user's protection was broken. Fails if the user moves last this turn.",Protects from damaging attacks. Contact: -2 Def.,,,Past,,,,"{'duration': 1, 'onTryHitPriority': 3}",obstruct,,,,,,TRUE,,,,,,,,,,,,,,,,,,,,,,,,,,,,,,,,,,,,,,
Oceanic Operetta,,697,TRUE,195,Special,1,0,{},,normal,Water,,Cool,No additional effect.,No additional effect.,,primariumz,Past,,,,,,,,,,,,,,,,,,,,,,,,,,,,,,,,,,,,,,,,,,,,,,,,,
Octazooka,,190,85,65,Special,10,0,"{'protect': 1, 'mirror': 1, 'metronome': 1, 'bullet': 1}",,normal,Water,,Tough,Has a 50% chance to lower the target's accuracy by 1 stage.,50% chance to lower the target's accuracy by 1.,,,Past,,"{'chance': 50, 'boosts': {'accuracy': -1}}",,,,,,,,,,,,,,,,,,,,,,,,,,,,,,,,,,,,,,,,,,,,,,,
Octolock,,753,100,0,Status,15,0,"{'protect': 1, 'mirror': 1, 'metronome': 1}",,normal,Fighting,,,"Prevents the target from switching out. At the end of each turn during effect, the target's Defense and Special Defense are lowered by 1 stage. The target can still switch out if it is holding Shed Shell or uses Baton Pass, Flip Turn, Parting Shot, Teleport, U-turn, or Volt Switch. The effect ends if either the user or the target leaves the field.","Traps target, lowers Def and SpD by 1 each turn.",,,Past,,,,{'onResidualOrder': 14},octolock,,,,,,,,,,,,,,,,,,,,,,,,,,,,,,,,,,,,,,,,,,,,
Odor Sleuth,,316,TRUE,0,Status,40,0,"{'protect': 1, 'reflectable': 1, 'mirror': 1, 'bypasssub': 1, 'allyanim': 1, 'metronome': 1}",,normal,Normal,{'boost': {'atk': 1}},Clever,"As long as the target remains active, its evasiveness stat stage is ignored during accuracy checks against it if it is greater than 0, and Normal- and Fighting-type attacks can hit the target if it is a Ghost type. Fails if the target is already affected, or affected by Foresight or Miracle Eye.","Fighting, Normal hit Ghost. Evasiveness ignored.",,,Past,,,,,foresight,,,,,,,,,,,,,,,,,,,,,,,,,,,,,,,,,,,,,,,,,,,,
Ominous Wind,,466,100,60,Special,5,0,"{'protect': 1, 'mirror': 1, 'metronome': 1}",,normal,Ghost,,Beautiful,"Has a 10% chance to raise the user's Attack, Defense, Special Attack, Special Defense, and Speed by 1 stage.",10% chance to raise all stats by 1 (not acc/eva).,,,Past,,"{'chance': 10, 'self': {'boosts': {'atk': 1, 'def': 1, 'spa': 1, 'spd': 1, 'spe': 1}}}",,,,,,,,,,,,,,,,,,,,,,,,,,,,,,,,,,,,,,,,,,,,,,,
Order Up,,856,100,80,Physical,10,0,{'protect': 1},,normal,Dragon,,,"If an ally Tatsugiri has activated its Commander Ability, this move raises the user's Attack by 1 stage if the Tatsugiri is Curly Form, Defense by 1 stage if Droopy Form, or Speed by 1 stage if Stretchy Form. The effect happens even if the Tatsugiri that activated the effect has since fainted.",Curly|Droopy|Stretchy eaten: +1 Atk|Def|Spe.,,,,,,,,,,,,,,,,,,,,,,,,,,,,,,TRUE,,,,,,,,,,,,,,,,,,,,,,
Origin Pulse,,618,85,110,Special,10,0,"{'protect': 1, 'mirror': 1, 'pulse': 1}",,allAdjacentFoes,Water,,Beautiful,No additional effect.,No additional effect. Hits adjacent foes.,,,,,,,,,,,,,,,,,,,,,,,,,,,,,,,,,,,,,,,,,,,,,,,,,,,,
Outrage,,200,100,120,Physical,10,0,"{'contact': 1, 'protect': 1, 'mirror': 1, 'metronome': 1, 'failinstruct': 1}",,randomNormal,Dragon,,Cool,"The user spends two or three turns locked into this move and becomes confused immediately after its move on the last turn of the effect if it is not already. This move targets an opposing Pokemon at random on each turn. If the user is prevented from moving, is asleep at the beginning of a turn, or the attack is not successful against the target on the first turn of the effect or the second turn of a three-turn effect, the effect ends without causing confusion. If this move is called by Sleep Talk and the user is asleep, the move is used for one turn and does not confuse the user.",Lasts 2-3 turns. Confuses the user afterwards.,,,,,,,,,{'volatileStatus': 'lockedmove'},,,,,,,,,,,,,,,,,,,,,,,,,,,,,,,,,,,,,,,,,,,
Overdrive,,786,100,80,Special,10,0,"{'protect': 1, 'mirror': 1, 'sound': 1, 'bypasssub': 1}",,allAdjacentFoes,Electric,,,No additional effect.,No additional effect. Hits foe(s).,,,,,,,,,,,,,,,,,,,,,,,,,,,,,,,,,,,,,,,,,,,,,,,,,,,,
Overheat,,315,90,130,Special,5,0,"{'protect': 1, 'mirror': 1, 'metronome': 1}",,normal,Fire,,Beautiful,Lowers the user's Special Attack by 2 stages.,Lowers the user's Sp. Atk by 2.,,,,,,,,,{'boosts': {'spa': -2}},,,,,,,,,,,,,,,,,,,,,,,,,,,,,,,,,,,,,,,,,,,
Pain Split,,220,TRUE,0,Status,20,0,"{'protect': 1, 'mirror': 1, 'allyanim': 1, 'metronome': 1}",,normal,Normal,{'boost': {'def': 1}},Clever,"The user and the target's HP become the average of their current HP, rounded down, but not more than the maximum HP of either one.",Shares HP of user and target equally.,,,,,,,,,,,,,,,,,,,,,,,,,,,,,,,,,,,,,,,,,,,,,,,,,,,,
Parabolic Charge,,570,100,65,Special,20,0,"{'protect': 1, 'mirror': 1, 'heal': 1, 'metronome': 1}",,allAdjacent,Electric,,Clever,"The user recovers 1/2 the HP lost by the target, rounded half up. If Big Root is held by the user, the HP recovered is 1.3x normal, rounded half down.",User recovers 50% of the damage dealt.,,,,"[1, 2]",,,,,,,,,,,,,,,,,,,,,,,,,,,,,,,,,,,,,,,,,,,,,,,,
Parting Shot,,575,100,0,Status,20,0,"{'protect': 1, 'reflectable': 1, 'mirror': 1, 'sound': 1, 'bypasssub': 1, 'metronome': 1}",,normal,Dark,{'effect': 'healreplacement'},Cool,"Lowers the target's Attack and Special Attack by 1 stage. If this move is successful, the user switches out even if it is trapped and is replaced immediately by a selected party member. The user does not switch out if the target's Attack and Special Attack stat stages were both unchanged, or if there are no unfainted party members.","Lowers target's Atk, Sp. Atk by 1. User switches.",,,,,,,,,,,,,,,TRUE,,,,,,,,,,,,,,,,,,,,,,,,,,,,,,,,,,,,,
Payback,,371,100,50,Physical,10,0,"{'contact': 1, 'protect': 1, 'mirror': 1, 'metronome': 1}",,normal,Dark,,Tough,"Power doubles if the user moves after the target this turn, including actions taken through Instruct or the Dancer Ability. Switching in does not count as an action.",Power doubles if the user moves after the target.,,,,,,TRUE,,,,,,,,,,,,,,,,,,,,,,,,,,,,,,,,,,,,,,,,,,,,,,
Pay Day,,6,100,40,Physical,20,0,"{'protect': 1, 'mirror': 1, 'metronome': 1}",,normal,Normal,,Clever,No additional effect.,Scatters coins.,,,,,,,,,,,,,,,,,,,,,,,,,,,,,,,,,,,,,,,,,,,,,,,,,,,,
Peck,,64,100,35,Physical,35,0,"{'contact': 1, 'protect': 1, 'mirror': 1, 'distance': 1, 'metronome': 1}",,any,Flying,,Cool,No additional effect.,No additional effect.,,,,,,,,,,,,,,,,,,,,,,,,,,,,,,,,,,,,,,,,,,,,,,,,,,,,
Perish Song,,195,TRUE,0,Status,5,0,"{'sound': 1, 'distance': 1, 'bypasssub': 1, 'metronome': 1}",,all,Normal,{'effect': 'clearnegativeboost'},Beautiful,"Each active Pokemon receives a perish count of 4 if it doesn't already have a perish count. At the end of each turn including the turn used, the perish count of all active Pokemon lowers by 1 and Pokemon faint if the number reaches 0. The perish count is removed from Pokemon that switch out. If a Pokemon uses Baton Pass while it has a perish count, the replacement will gain the perish count and continue to count down.",All active Pokemon will faint in 3 turns.,,,,,,,"{'duration': 4, 'onResidualOrder': 24}",,,,,,,,,,,,,,,,,,,,,,,,,,,,,,,,,,,,,,,,,,,,,
Petal Blizzard,,572,100,90,Physical,15,0,"{'protect': 1, 'mirror': 1, 'metronome': 1, 'wind': 1}",,allAdjacent,Grass,,Beautiful,No additional effect.,No additional effect. Hits adjacent Pokemon.,,,,,,,,,,,,,,,,,,,,,,,,,,,,,,,,,,,,,,,,,,,,,,,,,,,,
Petal Dance,,80,100,120,Special,10,0,"{'contact': 1, 'protect': 1, 'mirror': 1, 'dance': 1, 'metronome': 1, 'failinstruct': 1}",,randomNormal,Grass,,Beautiful,"The user spends two or three turns locked into this move and becomes confused immediately after its move on the last turn of the effect if it is not already. This move targets an opposing Pokemon at random on each turn. If the user is prevented from moving, is asleep at the beginning of a turn, or the attack is not successful against the target on the first turn of the effect or the second turn of a three-turn effect, the effect ends without causing confusion. If this move is called by Sleep Talk and the user is asleep, the move is used for one turn and does not confuse the user.",Lasts 2-3 turns. Confuses the user afterwards.,,,,,,,,,{'volatileStatus': 'lockedmove'},,,,,,,,,,,,,,,,,,,,,,,,,,,,,,,,,,,,,,,,,,,
Phantom Force,,566,100,90,Physical,10,0,"{'contact': 1, 'charge': 1, 'mirror': 1, 'metronome': 1, 'nosleeptalk': 1, 'noassist': 1, 'failinstruct': 1}",,normal,Ghost,,Cool,"If this move is successful, it breaks through the target's Baneful Bunker, Detect, King's Shield, Protect, or Spiky Shield for this turn, allowing other Pokemon to attack the target normally. If the target's side is protected by Crafty Shield, Mat Block, Quick Guard, or Wide Guard, that protection is also broken for this turn and other Pokemon may attack the target's side normally. This attack charges on the first turn and executes on the second. On the first turn, the user avoids all attacks. If the user is holding a Power Herb, the move completes in one turn.",Disappears turn 1. Hits turn 2. Breaks protection.,,,,,,,"{'duration': 2, 'onInvulnerability': False}",,,,,,,,,,,,,,,,,,,,,,,,,,,TRUE,,,,,,,,,,,,,,,,,,
Photon Geyser,,722,100,100,Special,5,0,"{'protect': 1, 'mirror': 1}",,normal,Psychic,,Cool,"This move becomes a physical attack if the user's Attack is greater than its Special Attack, including stat stage changes. This move and its effects ignore the Abilities of other Pokemon.",Physical if user's Atk > Sp. Atk. Ignores Abilities.,,,,,,,,,,,,,,,,,,,,,,,,,,,,,,,,,,,,,,,,TRUE,,,,,,,,,,,,
Pika Papow,,732,TRUE,0,Special,20,0,"{'protect': 1, 'mirror': 1}",,normal,Electric,,Cute,"Power is equal to the greater of (user's Happiness * 2/5), rounded down, or 1.",Max happiness: 102 power. Can't miss.,,,LGPE,,,TRUE,,,,,,,,,,,,,,,,,,,,,,,,,,,,,,,,,,,,,,,,,,,,,,
Pin Missile,,42,95,25,Physical,20,0,"{'protect': 1, 'mirror': 1, 'metronome': 1}",,normal,Bug,{'basePower': 140},Cool,"Hits two to five times. Has a 35% chance to hit two or three times and a 15% chance to hit four or five times. If one of the hits breaks the target's substitute, it will take damage for the remaining hits. If the user has the Skill Link Ability, this move will always hit five times. If the user is holding Loaded Dice, this move will hit 4-5 times.",Hits 2-5 times in one turn.,,,,,,,,,,"[2, 5]",,,,,,,,{'basePower': 130},,,,,,,,,,,,,,,,,,,,,,,,,,,,,,,,,,
Plasma Fists,,721,100,100,Physical,15,0,"{'contact': 1, 'protect': 1, 'mirror': 1, 'punch': 1}",,normal,Electric,,Cool,"If this move is successful, causes Normal-type moves to become Electric type this turn.",Normal moves become Electric type this turn.,,,Past,,,,,,,,,,,,,,,,,,,,,,,,,,,,,iondeluge,,,,,,,,,,,,,,,,,,,,
Play Nice,,589,TRUE,0,Status,20,0,"{'reflectable': 1, 'mirror': 1, 'bypasssub': 1, 'metronome': 1}",{'atk': -1},normal,Normal,{'boost': {'def': 1}},Cute,Lowers the target's Attack by 1 stage.,Lowers the target's Attack by 1.,,,,,,,,,,,,,,,,,,,,,,,,,,,,,,,,,,,,,,,,,,,,,,,,,,,,
Play Rough,,583,90,90,Physical,10,0,"{'contact': 1, 'protect': 1, 'mirror': 1, 'metronome': 1}",,normal,Fairy,,Cute,Has a 10% chance to lower the target's Attack by 1 stage.,10% chance to lower the target's Attack by 1.,,,,,"{'chance': 10, 'boosts': {'atk': -1}}",,,,,,,,,,,,,,,,,,,,,,,,,,,,,,,,,,,,,,,,,,,,,,,
Pluck,,365,100,60,Physical,20,0,"{'contact': 1, 'protect': 1, 'mirror': 1, 'distance': 1, 'metronome': 1}",,any,Flying,,Cute,"If this move is successful and the user has not fainted, it steals the target's held Berry if it is holding one and eats it immediately, gaining its effects even if the user's item is being ignored. Items lost to this move cannot be regained with Recycle or the Harvest Ability.",User steals and eats the target's Berry.,,,,,,,,,,,,,,,,,,,,,,,,,,,,,,,,,,,,,,,,,,,,,,,,,,,,
Poison Fang,,305,100,50,Physical,15,0,"{'contact': 1, 'protect': 1, 'mirror': 1, 'metronome': 1, 'bite': 1}",,normal,Poison,,Clever,Has a 50% chance to badly poison the target.,50% chance to badly poison the target.,,,,,"{'chance': 50, 'status': 'tox'}",,,,,,,,,,,,,,,,,,,,,,,,,,,,,,,,,,,,,,,,,,,,,,,
Poison Gas,,139,90,0,Status,40,0,"{'protect': 1, 'reflectable': 1, 'mirror': 1, 'metronome': 1}",,allAdjacentFoes,Poison,{'boost': {'def': 1}},Clever,Poisons the target.,Poisons the foe(s).,,,,,,,,,,,,,,,,,,,,,,,,,,psn,,,,,,,,,,,,,,,,,,,,,,,,,,
Poison Jab,,398,100,80,Physical,20,0,"{'contact': 1, 'protect': 1, 'mirror': 1, 'metronome': 1}",,normal,Poison,,Tough,Has a 30% chance to poison the target.,30% chance to poison the target.,,,,,"{'chance': 30, 'status': 'psn'}",,,,,,,,,,,,,,,,,,,,,,,,,,,,,,,,,,,,,,,,,,,,,,,
Poison Powder,,77,75,0,Status,35,0,"{'protect': 1, 'reflectable': 1, 'mirror': 1, 'metronome': 1, 'powder': 1}",,normal,Poison,{'boost': {'def': 1}},Clever,Poisons the target.,Poisons the target.,,,,,,,,,,,,,,,,,,,,,,,,,,psn,,,,,,,,,,,,,,,,,,,,,,,,,,
Poison Sting,,40,100,15,Physical,35,0,"{'protect': 1, 'mirror': 1, 'metronome': 1}",,normal,Poison,,Clever,Has a 30% chance to poison the target.,30% chance to poison the target.,,,,,"{'chance': 30, 'status': 'psn'}",,,,,,,,,,,,,,,,,,,,,,,,,,,,,,,,,,,,,,,,,,,,,,,
Poison Tail,,342,100,50,Physical,25,0,"{'contact': 1, 'protect': 1, 'mirror': 1, 'metronome': 1}",,normal,Poison,,Clever,Has a 10% chance to poison the target and a higher chance for a critical hit.,High critical hit ratio. 10% chance to poison.,2,,,,"{'chance': 10, 'status': 'psn'}",,,,,,,,,,,,,,,,,,,,,,,,,,,,,,,,,,,,,,,,,,,,,,,
Pollen Puff,,676,100,90,Special,15,0,"{'protect': 1, 'mirror': 1, 'allyanim': 1, 'metronome': 1, 'bullet': 1}",,normal,Bug,,Cute,"If the target is an ally, this move restores 1/2 of its maximum HP, rounded down, instead of dealing damage.","If the target is an ally, heals 50% of its max HP.",,,,,,,,,,,,,,,,,,,,,,,,,,,,,,,,,,,,,,,,,,,,,,,,,,,,
Poltergeist,,809,90,110,Physical,5,0,"{'protect': 1, 'mirror': 1, 'metronome': 1}",,normal,Ghost,,,Fails if the target has no held item.,Fails if the target has no held item.,,,,,,,,,,,,,,,,,,,,,,,,,,,,,,,,,,,,,,,,,,,,,,,,,,,,
Population Bomb,,860,90,20,Physical,10,0,"{'contact': 1, 'protect': 1, 'mirror': 1, 'slicing': 1}",,normal,Normal,,,"Hits ten times. This move checks accuracy for each hit, and the attack ends if the target avoids a hit. If one of the hits breaks the target's substitute, it will take damage for the remaining hits. If the user has the Skill Link Ability, this move will always hit ten times. If the user is holding Loaded Dice, this move hits four to ten times at random without checking accuracy between hits.",Hits 10 times. Each hit can miss.,,,,,,,,,,10,,,,,,,,,,,,,,,,,,,,,,,,,,,,,,,,,,,,TRUE,,,,,,
Pounce,,884,100,50,Physical,20,0,"{'contact': 1, 'protect': 1, 'mirror': 1}",,normal,Bug,,Cute,Has a 100% chance to lower the target's Speed by 1 stage.,100% chance to lower the target's Speed by 1.,,,,,"{'chance': 100, 'boosts': {'spe': -1}}",,,,,,,,,,,,,,,,,,,,,,,,,,,,,,,,,,,,,,,,,,,,,,,
Pound,,1,100,40,Physical,35,0,"{'contact': 1, 'protect': 1, 'mirror': 1, 'metronome': 1}",,normal,Normal,,Tough,No additional effect.,No additional effect.,,,,,,,,,,,,,,,,,,,,,,,,,,,,,,,,,,,,,,,,,,,,,,,,,,,,
Powder,,600,100,0,Status,20,1,"{'protect': 1, 'reflectable': 1, 'mirror': 1, 'bypasssub': 1, 'metronome': 1, 'powder': 1}",,normal,Bug,{'boost': {'spd': 2}},Clever,"If the target uses a Fire-type move this turn, it is prevented from executing and the target loses 1/4 of its maximum HP, rounded half up. This effect does not happen if the Fire-type move is prevented by Primordial Sea.","If using a Fire move, target loses 1/4 max HP.",,,Past,,,,"{'duration': 1, 'onTryMovePriority': -1}",powder,,,,,,,,,,,,,,,,,,,,,,,,,,,,,,,,,,,,,,,,,,,,
Powder Snow,,181,100,40,Special,25,0,"{'protect': 1, 'mirror': 1, 'metronome': 1}",,allAdjacentFoes,Ice,,Beautiful,Has a 10% chance to freeze the target.,10% chance to freeze the foe(s).,,,,,"{'chance': 10, 'status': 'frz'}",,,,,,,,,,,,,,,,,,,,,,,,,,,,,,,,,,,,,,,,,,,,,,,
Power Gem,,408,100,80,Special,20,0,"{'protect': 1, 'mirror': 1, 'metronome': 1}",,normal,Rock,,Beautiful,No additional effect.,No additional effect.,,,,,,,,,,,,,,,,,,,,,,,,,,,,,,,,,,,,,,,,,,,,,,,,,,,,
Power Shift,,829,TRUE,0,Status,10,0,{'snatch': 1},,self,Normal,,,"The user swaps its Attack and Defense stats, and stat stage changes remain on their respective stats. This move can be used again to swap the stats back. If the user uses Baton Pass, the replacement will have its Attack and Defense stats swapped if the effect is active. If the user has its stats recalculated by changing forme while its stats are swapped, this effect is ignored but is still active for the purposes of Baton Pass.",Switches user's Attack and Defense stats.,,,Unobtainable,,,,{},powershift,,,,,,,,,,,,,,,,,,,,,,,,,,,,,,,,,,,,,,,,,,,,
Power Split,,471,TRUE,0,Status,10,0,"{'protect': 1, 'allyanim': 1, 'metronome': 1}",,normal,Psychic,{'boost': {'spe': 1}},Clever,"The user and the target have their Attack and Special Attack stats set to be equal to the average of the user and the target's Attack and Special Attack stats, respectively, rounded down. Stat stage changes are unaffected.",Averages Attack and Sp. Atk stats with target.,,,,,,,,,,,,,,,,,,,,,,,,,,,,,,,,,,,,,,,,,,,,,,,,,,,,
Power Swap,,384,TRUE,0,Status,10,0,"{'protect': 1, 'mirror': 1, 'bypasssub': 1, 'allyanim': 1, 'metronome': 1}",,normal,Psychic,{'boost': {'spe': 1}},Clever,The user swaps its Attack and Special Attack stat stage changes with the target.,Swaps Attack and Sp. Atk stat stages with target.,,,,,,,,,,,,,,,,,,,,,,,,,,,,,,,,,,,,,,,,,,,,,,,,,,,,
Power Trick,,379,TRUE,0,Status,10,0,"{'snatch': 1, 'metronome': 1}",,self,Psychic,{'boost': {'atk': 1}},Clever,"The user swaps its Attack and Defense stats, and stat stage changes remain on their respective stats. This move can be used again to swap the stats back. If the user uses Baton Pass, the replacement will have its Attack and Defense stats swapped if the effect is active. If the user has its stats recalculated by changing forme while its stats are swapped, this effect is ignored but is still active for the purposes of Baton Pass.",Switches user's Attack and Defense stats.,,,,,,,{},powertrick,,,,,,,,,,,,,,,,,,,,,,,,,,,,,,,,,,,,,,,,,,,,
Power Trip,,681,100,20,Physical,10,0,"{'contact': 1, 'protect': 1, 'mirror': 1, 'metronome': 1}",,normal,Dark,{'basePower': 160},Clever,"Power is equal to 20+(X*20), where X is the user's total stat stage changes that are greater than 0.", + 20 power for each of the user's stat boosts.,,,,,,TRUE,,,,,,,,,,,,{'basePower': 130},,,,,,,,,,,,,,,,,,,,,,,,,,,,,,,,,,
Power-Up Punch,,612,100,40,Physical,20,0,"{'contact': 1, 'protect': 1, 'mirror': 1, 'punch': 1, 'metronome': 1}",,normal,Fighting,,Tough,Has a 100% chance to raise the user's Attack by 1 stage.,100% chance to raise the user's Attack by 1.,,,Past,,"{'chance': 100, 'self': {'boosts': {'atk': 1}}}",,,,,,,,,,,,,,,,,,,,,,,,,,,,,,,,,,,,,,,,,,,,,,,
Power Whip,,438,85,120,Physical,10,0,"{'contact': 1, 'protect': 1, 'mirror': 1, 'metronome': 1}",,normal,Grass,,Tough,No additional effect.,No additional effect.,,,,,,,,,,,,,,,,,,,,,,,,,,,,,,,,,,,,,,,,,,,,,,,,,,,,
Precipice Blades,,619,85,120,Physical,10,0,"{'protect': 1, 'mirror': 1, 'nonsky': 1}",,allAdjacentFoes,Ground,,Cool,No additional effect.,No additional effect. Hits adjacent foes.,,,,,,,,,,,,,,,,,,,,,,,,,,,,,,,,,,,,,,,,,,,,,,,,,,,,
Present,,217,90,0,Physical,15,0,"{'protect': 1, 'mirror': 1, 'metronome': 1}",,normal,Normal,,Cute,"If this move is successful, it deals damage or heals the target. 40% chance for 40 power, 30% chance for 80 power, 10% chance for 120 power, and 20% chance to heal the target by 1/4 of its maximum HP, rounded down.","40, 80, 120 power, or heals target 1/4 max HP.",,,,,,,,,,,,,,,,,,,,,,,,,,,,,,,,,,,,,,,,,,,,,,,,,,,,
Prismatic Laser,,711,100,160,Special,10,0,"{'recharge': 1, 'protect': 1, 'mirror': 1, 'metronome': 1}",,normal,Psychic,,Cool,"If this move is successful, the user must recharge on the following turn and cannot select a move.",User cannot move next turn.,,,,,,,,,{'volatileStatus': 'mustrecharge'},,,,,,,,,,,,,,,,,,,,,,,,,,,,,,,,,,,,,,,,,,,
Protect,,182,TRUE,0,Status,10,4,"{'noassist': 1, 'failcopycat': 1}",,self,Normal,{'effect': 'clearnegativeboost'},Cute,"The user is protected from most attacks made by other Pokemon during this turn. This move has a 1/X chance of being successful, where X starts at 1 and triples each time this move is successfully used. X resets to 1 if this move fails, if the user's last move used is not Baneful Bunker, Burning Bulwark, Detect, Endure, King's Shield, Max Guard, Obstruct, Protect, Quick Guard, Silk Trap, Spiky Shield, or Wide Guard, or if it was one of those moves and the user's protection was broken. Fails if the user moves last this turn.",Prevents moves from affecting the user this turn.,,,,,,,"{'duration': 1, 'onTryHitPriority': 3}",protect,,,,,,TRUE,,,,,,,,,,,,,,,,,,,,,,,,,,,,,,,,,,,,,,
Psybeam,,60,100,65,Special,20,0,"{'protect': 1, 'mirror': 1, 'metronome': 1}",,normal,Psychic,,Beautiful,Has a 10% chance to confuse the target.,10% chance to confuse the target.,,,,,"{'chance': 10, 'volatileStatus': 'confusion'}",,,,,,,,,,,,,,,,,,,,,,,,,,,,,,,,,,,,,,,,,,,,,,,
Psyblade,,875,100,80,Physical,15,0,"{'contact': 1, 'protect': 1, 'mirror': 1, 'metronome': 1, 'slicing': 1}",,normal,Psychic,,,"If the current terrain is Electric Terrain, this move's power is multiplied by 1.5.",During Electric Terrain: 1.5x power.,,,,,,,,,,,,,,,,,,,,,,,,,,,,,,,,,,,,,,,,,,,,,,,,,,,,
Psychic,,94,100,90,Special,10,0,"{'protect': 1, 'mirror': 1, 'metronome': 1}",,normal,Psychic,,Clever,Has a 10% chance to lower the target's Special Defense by 1 stage.,10% chance to lower the target's Sp. Def by 1.,,,,,"{'chance': 10, 'boosts': {'spd': -1}}",,,,,,,,,,,,,,,,,,,,,,,,,,,,,,,,,,,,,,,,,,,,,,,
Psychic Fangs,,706,100,85,Physical,10,0,"{'contact': 1, 'protect': 1, 'mirror': 1, 'metronome': 1, 'bite': 1}",,normal,Psychic,,Clever,"If this attack does not miss, the effects of Reflect, Light Screen, and Aurora Veil end for the target's side of the field before damage is calculated.","Destroys screens, unless the target is immune.",,,,,,,,,,,,,,,,,,,,,,,,,,,,,,,,,,,,,,,,,,,,,,,,,,,,
Psychic Noise,,917,100,75,Special,10,0,"{'protect': 1, 'mirror': 1, 'sound': 1, 'bypasssub': 1, 'metronome': 1}",,normal,Psychic,,,"For 2 turns, the target is prevented from restoring any HP as long as it remains active. During the effect, healing and draining moves are unusable, and Abilities and items that grant healing will not heal the user. If an affected Pokemon uses Baton Pass, the replacement will remain unable to restore its HP. Pain Split and the Regenerator Ability are unaffected.","For 2 turns, the target is prevented from healing.",,,,,"{'chance': 100, 'volatileStatus': 'healblock'}",,,,,,,,,,,,,,,,,,,,,,,,,,,,,,,,,,,,,,,,,,,,,,,
Psychic Terrain,,678,TRUE,0,Status,10,0,"{'nonsky': 1, 'metronome': 1}",,all,Psychic,{'boost': {'spa': 1}},Clever,"For 5 turns, the terrain becomes Psychic Terrain. During the effect, the power of Psychic-type attacks made by grounded Pokemon is multiplied by 1.3 and grounded Pokemon cannot be hit by moves with priority greater than 0, unless the target is an ally. Camouflage transforms the user into a Psychic type, Nature Power becomes Psychic, and Secret Power has a 30% chance to lower the target's Speed by 1 stage. Fails if the current terrain is Psychic Terrain.","5 turns. Grounded: +Psychic power, priority-safe.",,,,,,,"{'effectType': 'Terrain', 'duration': 5, 'onTryHitPriority': 4, 'onBasePowerPriority': 6, 'onFieldResidualOrder': 27, 'onFieldResidualSubOrder': 7}",,,,,,,,,,,,,,,,,,,,,,psychicterrain,,,,,,,,,,,,,,,,,,,,,,,
Psycho Boost,,354,90,140,Special,5,0,"{'protect': 1, 'mirror': 1, 'metronome': 1}",,normal,Psychic,,Clever,Lowers the user's Special Attack by 2 stages.,Lowers the user's Sp. Atk by 2.,,,,,,,,,{'boosts': {'spa': -2}},,,,,,,,,,,,,,,,,,,,,,,,,,,,,,,,,,,,,,,,,,,
Psycho Cut,,427,100,70,Physical,20,0,"{'protect': 1, 'mirror': 1, 'metronome': 1, 'slicing': 1}",,normal,Psychic,,Cool,Has a higher chance for a critical hit.,High critical hit ratio.,2,,,,,,,,,,,,,,,,,,,,,,,,,,,,,,,,,,,,,,,,,,,,,,,,,,,
Psycho Shift,,375,100,0,Status,10,0,"{'protect': 1, 'mirror': 1, 'metronome': 1}",,normal,Psychic,{'boost': {'spa': 2}},Clever,"The user's non-volatile status condition is transferred to the target, and the user is then cured. Fails if the user has no non-volatile status condition or if the target already has one.",Transfers the user's status ailment to the target.,,,Past,,,,,,{},,,,,,,,,,,,,,,,,,,,,,,,,,,,,,,,,,,,,,,,,,,
Psych Up,,244,TRUE,0,Status,10,0,"{'bypasssub': 1, 'allyanim': 1, 'metronome': 1}",,normal,Normal,{'effect': 'heal'},Clever,The user copies all of the target's current stat stage changes.,Copies the target's current stat stages.,,,,,,,,,,,,,,,,,,,,,,,,,,,,,,,,,,,,,,,,,,,,,,,,,,,,
Psyshield Bash,,828,90,70,Physical,10,0,"{'contact': 1, 'protect': 1, 'mirror': 1, 'metronome': 1}",,normal,Psychic,,,Has a 100% chance to raise the user's Defense by 1 stage.,100% chance to raise the user's Defense by 1.,,,,,"{'chance': 100, 'self': {'boosts': {'def': 1}}}",,,,,,,,,,,,,,,,,,,,,,,,,,,,,,,,,,,,,,,,,,,,,,,
Psyshock,,473,100,80,Special,10,0,"{'protect': 1, 'mirror': 1, 'metronome': 1}",,normal,Psychic,,Beautiful,Deals damage to the target based on its Defense instead of Special Defense.,"Damages target based on Defense, not Sp. Def.",,,,,,,,,,,,,,,,,,,,,,,,,,,,,,,,,,,,,,,,,,,,,,,def,,,,,
Psystrike,,540,100,100,Special,10,0,"{'protect': 1, 'mirror': 1, 'metronome': 1}",,normal,Psychic,,Cool,Deals damage to the target based on its Defense instead of Special Defense.,"Damages target based on Defense, not Sp. Def.",,,,,,,,,,,,,,,,,,,,,,,,,,,,,,,,,,,,,,,,,,,,,,,def,,,,,
Psywave,,149,100,0,Special,15,0,"{'protect': 1, 'mirror': 1, 'metronome': 1}",,normal,Psychic,,Clever,"Deals damage to the target equal to (user's level) * (X + 50) / 100, where X is a random number from 0 to 100, rounded down, but not less than 1 HP.",Random damage equal to 0.5x-1.5x user's level.,,,Past,,,,,,,,,,,,,,,,,,,,,,,,,,,,,,,,,,,,,,,,,,,,,,,,,
Pulverizing Pancake,,701,TRUE,210,Physical,1,0,{'contact': 1},,normal,Normal,,Cool,No additional effect.,No additional effect.,,snorliumz,Past,,,,,,,,,,,,,,,,,,,,,,,,,,,,,,,,,,,,,,,,,,,,,,,,,
Punishment,,386,100,0,Physical,5,0,"{'contact': 1, 'protect': 1, 'mirror': 1, 'metronome': 1}",,normal,Dark,{'basePower': 160},Cool,"Power is equal to 60+(X*20), where X is the target's total stat stage changes that are greater than 0, but not more than 200 power.",60 power +20 for each of the target's stat boosts.,,,Past,,,TRUE,,,,,,,,,,,,{'basePower': 130},,,,,,,,,,,,,,,,,,,,,,,,,,,,,,,,,,
Purify,,685,TRUE,0,Status,20,0,"{'protect': 1, 'reflectable': 1, 'heal': 1, 'metronome': 1}",,normal,Poison,"{'boost': {'atk': 1, 'def': 1, 'spa': 1, 'spd': 1, 'spe': 1}}",Beautiful,"The target is cured if it has a non-volatile status condition. If the target was cured, the user restores 1/2 of its maximum HP, rounded down.",Cures target's status; heals user 1/2 max HP if so.,,,Past,,,,,,,,,,,,,,,,,,,,,,,,,,,,,,,,,,,,,,,,,,,,,,,,,
Pursuit,,228,100,40,Physical,20,0,"{'contact': 1, 'protect': 1, 'mirror': 1, 'metronome': 1}",,normal,Dark,,Clever,"If an opposing Pokemon switches out this turn, this move hits that Pokemon before it leaves the field, even if it was not the original target. If the user moves after an opponent using Flip Turn, Parting Shot, Teleport, U-turn, or Volt Switch, but not Baton Pass, it will hit that opponent before it leaves the field. Power doubles and no accuracy check is done if the user hits an opponent switching out, and the user's turn is over; if an opponent faints from this, the replacement Pokemon does not become active until the end of the turn.","If a foe is switching out, hits it at 2x power.",,,Past,,,TRUE,{'duration': 1},,,,,,,,,,,,,,,,,,,,,,,,,,,,,,,,,,,,,,,,,,,,,
Pyro Ball,,780,90,120,Physical,5,0,"{'protect': 1, 'mirror': 1, 'defrost': 1, 'bullet': 1}",,normal,Fire,,,Has a 10% chance to burn the target.,10% chance to burn the target. Thaws user.,,,,,"{'chance': 10, 'status': 'brn'}",,,,,,,,,,,,,,,,,,,,,,,,,,,,,,,,,,,,,,,,,,,,,,,
Quash,,511,100,0,Status,15,0,"{'protect': 1, 'mirror': 1}",,normal,Dark,{'boost': {'spe': 1}},Clever,"Causes the target to take its turn after all other Pokemon this turn, no matter the priority of its selected move. Fails if the target already moved this turn.",Forces the target to move last this turn.,,,,,,,,,,,,,,,,,,,,,,,,,,,,,,,,,,,,,,,,,,,,,,,,,,,,
Quick Attack,,98,100,40,Physical,30,1,"{'contact': 1, 'protect': 1, 'mirror': 1, 'metronome': 1}",,normal,Normal,,Cool,No additional effect.,Usually goes first.,,,,,,,,,,,,,,,,,,,,,,,,,,,,,,,,,,,,,,,,,,,,,,,,,,,,
Quick Guard,,501,TRUE,0,Status,15,3,{'snatch': 1},,allySide,Fighting,{'boost': {'def': 1}},Cool,"The user and its party members are protected from attacks with original or altered priority greater than 0 made by other Pokemon, including allies, during this turn. This move modifies the same 1/X chance of being successful used by other protection moves, where X starts at 1 and triples each time this move is successfully used, but does not use the chance to check for failure. X resets to 1 if this move fails, if the user's last move used is not Baneful Bunker, Burning Bulwark, Detect, Endure, King's Shield, Max Guard, Obstruct, Protect, Quick Guard, Silk Trap, Spiky Shield, or Wide Guard, or if it was one of those moves and the user's protection was broken. Fails if the user moves last this turn or if this move is already in effect for the user's side.",Protects allies from priority attacks this turn.,,,,,,,"{'duration': 1, 'onTryHitPriority': 4}",,,,,quickguard,,,,,,,,,,,,,,,,,,,,,,,,,,,,,,,,,,,,,,,,
Quiver Dance,,483,TRUE,0,Status,20,0,"{'snatch': 1, 'dance': 1, 'metronome': 1}","{'spa': 1, 'spd': 1, 'spe': 1}",self,Bug,{'effect': 'clearnegativeboost'},Beautiful,"Raises the user's Special Attack, Special Defense, and Speed by 1 stage.","Raises the user's Sp. Atk, Sp. Def, Speed by 1.",,,,,,,,,,,,,,,,,,,,,,,,,,,,,,,,,,,,,,,,,,,,,,,,,,,,
Rage,,99,100,20,Physical,20,0,"{'contact': 1, 'protect': 1, 'mirror': 1, 'metronome': 1}",,normal,Normal,,Tough,"Once this move is successfully used, the user's Attack is raised by 1 stage every time it is hit by another Pokemon's attack as long as this move is chosen for use.",Raises the user's Attack by 1 if hit during use.,,,Past,,,,{'onBeforeMovePriority': 100},,{'volatileStatus': 'rage'},,,,,,,,,,,,,,,,,,,,,,,,,,,,,,,,,,,,,,,,,,,
Rage Fist,,889,100,50,Physical,10,0,"{'contact': 1, 'protect': 1, 'mirror': 1, 'punch': 1}",,normal,Ghost,,,"Power is equal to 50+(X*50), where X is the total number of times the user has been hit by a damaging attack during the battle, even if the user did not lose HP from the attack. X cannot be greater than 6 and does not reset upon switching out or fainting. Each hit of a multi-hit attack is counted, but confusion damage is not counted.",+50 power for each time user was hit. Max 6 hits.,,,,,,TRUE,,,,,,,,,,,,,,,,,,,,,,,,,,,,,,,,,,,,,,,,,,,,,,
Rage Powder,,476,TRUE,0,Status,20,2,"{'noassist': 1, 'failcopycat': 1, 'powder': 1}",,self,Bug,{'effect': 'clearnegativeboost'},Clever,"Until the end of the turn, all single-target attacks from the opposing side are redirected to the user. Such attacks are redirected to the user before they can be reflected by Magic Coat or the Magic Bounce Ability, or drawn in by the Lightning Rod or Storm Drain Abilities. Fails if it is not a Double Battle or Battle Royal. This effect is ignored while the user is under the effect of Sky Drop.",The foes' moves target the user on the turn used.,,,,,,,"{'duration': 1, 'onFoeRedirectTargetPriority': 1}",ragepowder,,,,,,,,,,,,,,,,,,,,,,,,,,,,,,,,,,,,,,,,,,,,
Raging Bull,,873,100,90,Physical,10,0,"{'contact': 1, 'protect': 1, 'mirror': 1}",,normal,Normal,,,"If this attack does not miss, the effects of Reflect, Light Screen, and Aurora Veil end for the target's side of the field before damage is calculated. If the user's current form is a Paldean Tauros, this move's type changes to match. Fighting type for Combat Breed, Fire type for Blaze Breed, and Water type for Aqua Breed.",Destroys screens. Type depends on user's form.,,,,,,,,,,,,,,,,,,,,,,,,,,,,,,,,,,,,,,,,,,,,,,,,,,,,
Raging Fury,,833,100,120,Physical,10,0,"{'protect': 1, 'mirror': 1}",,randomNormal,Fire,,,"The user spends two or three turns locked into this move and becomes confused immediately after its move on the last turn of the effect if it is not already. This move targets an opposing Pokemon at random on each turn. If the user is prevented from moving, is asleep at the beginning of a turn, or the attack is not successful against the target on the first turn of the effect or the second turn of a three-turn effect, the effect ends without causing confusion. If this move is called by Sleep Talk and the user is asleep, the move is used for one turn and does not confuse the user.",Lasts 2-3 turns. Confuses the user afterwards.,,,,,,,,,{'volatileStatus': 'lockedmove'},,,,,,,,,,,,,,,,,,,,,,,,,,,,,,,,,,,,,,,,,,,
Rain Dance,,240,TRUE,0,Status,5,0,{'metronome': 1},,all,Water,{'boost': {'spe': 1}},Beautiful,"For 5 turns, the weather becomes Rain Dance. The damage of Water-type attacks is multiplied by 1.5 and the damage of Fire-type attacks is multiplied by 0.5 during the effect. Lasts for 8 turns if the user is holding Damp Rock. Fails if the current weather is Rain Dance.","For 5 turns, heavy rain powers Water moves.",,,,,,,,,,,,,,,,,,,,RainDance,,,,,,,,,,,,,,,,,,,,,,,,,,,,,,,,
Rapid Spin,,229,100,50,Physical,40,0,"{'contact': 1, 'protect': 1, 'mirror': 1, 'metronome': 1}",,normal,Normal,,Cool,"If this move is successful and the user has not fainted, the effects of Leech Seed and binding moves end for the user, and all hazards are removed from the user's side of the field. Has a 100% chance to raise the user's Speed by 1 stage.",Free user from hazards/bind/Leech Seed; +1 Spe.,,,,,"{'chance': 100, 'self': {'boosts': {'spe': 1}}}",,,,,,,,,,,,,,,,,,,,,,,,,,,,,,,,,,,,,,,,,,,,,,,
Razor Leaf,,75,95,55,Physical,25,0,"{'protect': 1, 'mirror': 1, 'metronome': 1, 'slicing': 1}",,allAdjacentFoes,Grass,,Cool,Has a higher chance for a critical hit.,High critical hit ratio. Hits adjacent foes.,2,,,,,,,,,,,,,,,,,,,,,,,,,,,,,,,,,,,,,,,,,,,,,,,,,,,
Razor Shell,,534,95,75,Physical,10,0,"{'contact': 1, 'protect': 1, 'mirror': 1, 'metronome': 1, 'slicing': 1}",,normal,Water,,Cool,Has a 50% chance to lower the target's Defense by 1 stage.,50% chance to lower the target's Defense by 1.,,,,,"{'chance': 50, 'boosts': {'def': -1}}",,,,,,,,,,,,,,,,,,,,,,,,,,,,,,,,,,,,,,,,,,,,,,,
Razor Wind,,13,100,80,Special,10,0,"{'charge': 1, 'protect': 1, 'mirror': 1, 'metronome': 1, 'nosleeptalk': 1, 'failinstruct': 1}",,allAdjacentFoes,Normal,,Cool,"Has a higher chance for a critical hit. This attack charges on the first turn and executes on the second. If the user is holding a Power Herb, the move completes in one turn.","Charges, then hits foe(s) turn 2. High crit ratio.",2,,Past,,,,,,,,,,,,,,,,,,,,,,,,,,,,,,,,,,,,,,,,,,,,,,,,,
Recover,,105,TRUE,0,Status,5,0,"{'snatch': 1, 'heal': 1, 'metronome': 1}",,self,Normal,{'effect': 'clearnegativeboost'},Clever,"The user restores 1/2 of its maximum HP, rounded half up.",Heals the user by 50% of its max HP.,,,,,,,,,,,,,,,,,,,,,,,,,,,,,,,,,,,,,,,,,,"[1, 2]",,,,,,,,,,
Recycle,,278,TRUE,0,Status,10,0,"{'snatch': 1, 'metronome': 1}",,self,Normal,{'boost': {'spe': 2}},Clever,"The user regains the item it last used. Fails if the user is holding an item, if the user has not held an item, if the item was a popped Air Balloon, if the item was picked up by a Pokemon with the Pickup Ability, or if the item was lost to Bug Bite, Corrosive Gas, Covet, Incinerate, Knock Off, Pluck, or Thief. Items thrown with Fling can be regained.",Restores the item the user last used.,,,,,,,,,,,,,,,,,,,,,,,,,,,,,,,,,,,,,,,,,,,,,,,,,,,,
Reflect,,115,TRUE,0,Status,20,0,"{'snatch': 1, 'metronome': 1}",,allySide,Psychic,{'boost': {'def': 1}},Clever,"For 5 turns, the user and its party members take 0.5x damage from physical attacks, or 0.66x damage if in a Double Battle. Damage is not reduced further with Aurora Veil. Critical hits ignore this effect. It is removed from the user's side if the user or an ally is successfully hit by Brick Break, Psychic Fangs, or Defog. Lasts for 8 turns if the user is holding Light Clay. Fails if the effect is already active on the user's side.","For 5 turns, physical damage to allies is halved.",,,,,,,"{'duration': 5, 'onSideResidualOrder': 26, 'onSideResidualSubOrder': 1}",,,,,reflect,,,,,,,,,,,,,,,,,,,,,,,,,,,,,,,,,,,,,,,,
Reflect Type,,513,TRUE,0,Status,15,0,"{'protect': 1, 'bypasssub': 1, 'allyanim': 1, 'metronome': 1}",,normal,Normal,{'boost': {'spa': 1}},Clever,"Causes the user's types to become the same as the current types of the target. If the target's current types include typeless and a non-added type, typeless is ignored. If the target's current types include typeless and an added type from Forest's Curse or Trick-or-Treat, typeless is copied as the Normal type instead. Fails if the user is an Arceus or a Silvally, if the user is Terastallized, or if the target's current type is typeless alone.",User becomes the same type as the target.,,,,,,,,,,,,,,,,,,,,,,,,,,,,,,,,,,,,,,,,,,,,,,,,,,,,
Refresh,,287,TRUE,0,Status,20,0,"{'snatch': 1, 'metronome': 1}",,self,Normal,{'effect': 'heal'},Cute,"The user cures its burn, poison, or paralysis. Fails if the user is not burned, poisoned, or paralyzed.","User cures its burn, poison, or paralysis.",,,Past,,,,,,,,,,,,,,,,,,,,,,,,,,,,,,,,,,,,,,,,,,,,,,,,,
Relic Song,,547,100,75,Special,10,0,"{'protect': 1, 'mirror': 1, 'sound': 1, 'bypasssub': 1}",,allAdjacentFoes,Normal,,Beautiful,"Has a 10% chance to cause the target to fall asleep. If this move is successful on at least one target and the user is a Meloetta, it changes to Pirouette Forme if it is currently in Aria Forme, or changes to Aria Forme if it is currently in Pirouette Forme. This forme change does not happen if the Meloetta has the Sheer Force Ability. The Pirouette Forme reverts to Aria Forme when Meloetta is not active.",10% chance to sleep foe(s). Meloetta transforms.,,,,,"{'chance': 10, 'status': 'slp'}",,,,,,,,,,,,,,,,,,,,,,,,,,,,,,,,,,,,,,,,,,,,,,,
Rest,,156,TRUE,0,Status,5,0,"{'snatch': 1, 'heal': 1, 'metronome': 1}",,self,Psychic,{'effect': 'clearnegativeboost'},Cute,"The user falls asleep for the next two turns and restores all of its HP, curing itself of any non-volatile status condition in the process. Fails if the user has full HP, is already asleep, or if another effect is preventing sleep.",User sleeps 2 turns and restores HP and status.,,,,,,,,,,,,,,,,,,,,,,,,,,,,,,,,,,,,,,,,,,,,,,,,,,,,
Retaliate,,514,100,70,Physical,5,0,"{'contact': 1, 'protect': 1, 'mirror': 1, 'metronome': 1}",,normal,Normal,,Cool,Power doubles if one of the user's party members fainted last turn.,Power doubles if an ally fainted last turn.,,,,,,,,,,,,,,,,,,,,,,,,,,,,,,,,,,,,,,,,,,,,,,,,,,,,
Return,,216,100,0,Physical,20,0,"{'contact': 1, 'protect': 1, 'mirror': 1, 'metronome': 1}",,normal,Normal,{'basePower': 160},Cute,"Power is equal to the greater of (user's Happiness * 2/5), rounded down, or 1.",Max 102 power at maximum Happiness.,,,Past,,,TRUE,,,,,,,,,,,,{'basePower': 130},,,,,,,,,,,,,,,,,,,,,,,,,,,,,,,,,,
Revelation Dance,,686,100,90,Special,15,0,"{'protect': 1, 'mirror': 1, 'dance': 1, 'metronome': 1}",,normal,Normal,,Beautiful,"This move's type depends on the user's primary type. If the user's primary type is typeless, this move's type is the user's secondary type if it has one, otherwise the added type from Forest's Curse or Trick-or-Treat. This move is typeless if the user's type is typeless alone.",Type varies based on the user's primary type.,,,,,,,,,,,,,,,,,,,,,,,,,,,,,,,,,,,,,,,,,,,,,,,,,,,,
Revenge,,279,100,60,Physical,10,-4,"{'contact': 1, 'protect': 1, 'mirror': 1, 'metronome': 1}",,normal,Fighting,,Tough,Power doubles if the user was hit by the target this turn.,Power doubles if user is damaged by the target.,,,Past,,,TRUE,,,,,,,,,,,,,,,,,,,,,,,,,,,,,,,,,,,,,,,,,,,,,,
Reversal,,179,100,0,Physical,15,0,"{'contact': 1, 'protect': 1, 'mirror': 1, 'metronome': 1}",,normal,Fighting,{'basePower': 160},Cool,"The power of this move is 20 if X is 33 to 48, 40 if X is 17 to 32, 80 if X is 10 to 16, 100 if X is 5 to 9, 150 if X is 2 to 4, and 200 if X is 0 or 1, where X is equal to (user's current HP * 48 / user's maximum HP), rounded down.",More power the less HP the user has left.,,,,,,TRUE,,,,,,,,,,,,,,,,,,,,,,,,,,,,,,,,,,,,,,,,,,,,,,
Revival Blessing,,863,TRUE,0,Status,1,0,"{'heal': 1, 'nosketch': 1}",,self,Normal,,,"A fainted party member is selected and revived with 1/2 its max HP, rounded down. Fails if there are no fainted party members.",Revives a fainted Pokemon to 50% HP.,,,,,,,{'duration': 1},,,,,,,,TRUE,,,,,,,,,,,,,,,,,,,,,,,,,,revivalblessing,,,,,,,TRUE,,,,
Rising Voltage,,804,100,70,Special,20,0,"{'protect': 1, 'mirror': 1, 'metronome': 1}",,normal,Electric,,,"If the current terrain is Electric Terrain and the target is grounded, this move's power is doubled.",2x power if target is grounded in Electric Terrain.,,,,,,TRUE,,,,,,,,,,,,{'basePower': 140},,,,,,,,,,,,,,,,,,,,,,,,,,,,,,,,,,
Roar,,46,TRUE,0,Status,20,-6,"{'reflectable': 1, 'mirror': 1, 'sound': 1, 'bypasssub': 1, 'allyanim': 1, 'metronome': 1, 'noassist': 1, 'failcopycat': 1}",,normal,Normal,{'boost': {'def': 1}},Cool,"The target is forced to switch out and be replaced with a random unfainted ally. Fails if the target is the last unfainted Pokemon in its party, or if the target used Ingrain previously or has the Suction Cups Ability.",Forces the target to switch to a random ally.,,,,,,,,,,,,,,,,,,,,,,,TRUE,,,,,,,,,,,,,,,,,,,,,,,,,,,,,
Roar of Time,,459,90,150,Special,5,0,"{'recharge': 1, 'protect': 1, 'mirror': 1, 'metronome': 1}",,normal,Dragon,,Beautiful,"If this move is successful, the user must recharge on the following turn and cannot select a move.",User cannot move next turn.,,,,,,,,,{'volatileStatus': 'mustrecharge'},,,,,,,,,,,,,,,,,,,,,,,,,,,,,,,,,,,,,,,,,,,
Rock Blast,,350,90,25,Physical,10,0,"{'protect': 1, 'mirror': 1, 'metronome': 1, 'bullet': 1}",,normal,Rock,{'basePower': 140},Tough,"Hits two to five times. Has a 35% chance to hit two or three times and a 15% chance to hit four or five times. If one of the hits breaks the target's substitute, it will take damage for the remaining hits. If the user has the Skill Link Ability, this move will always hit five times. If the user is holding Loaded Dice, this move will hit 4-5 times.",Hits 2-5 times in one turn.,,,,,,,,,,"[2, 5]",,,,,,,,{'basePower': 130},,,,,,,,,,,,,,,,,,,,,,,,,,,,,,,,,,
Rock Climb,,431,85,90,Physical,20,0,"{'contact': 1, 'protect': 1, 'mirror': 1, 'metronome': 1}",,normal,Normal,,Tough,Has a 20% chance to confuse the target.,20% chance to confuse the target.,,,Past,,"{'chance': 20, 'volatileStatus': 'confusion'}",,,,,,,,,,,,,,,,,,,,,,,,,,,,,,,,,,,,,,,,,,,,,,,
Rock Polish,,397,TRUE,0,Status,20,0,"{'snatch': 1, 'metronome': 1}",{'spe': 2},self,Rock,{'effect': 'clearnegativeboost'},Tough,Raises the user's Speed by 2 stages.,Raises the user's Speed by 2.,,,,,,,,,,,,,,,,,,,,,,,,,,,,,,,,,,,,,,,,,,,,,,,,,,,,
Rock Slide,,157,90,75,Physical,10,0,"{'protect': 1, 'mirror': 1, 'metronome': 1}",,allAdjacentFoes,Rock,,Tough,Has a 30% chance to make the target flinch.,30% chance to make the foe(s) flinch.,,,,,"{'chance': 30, 'volatileStatus': 'flinch'}",,,,,,,,,,,,,,,,,,,,,,,,,,,,,,,,,,,,,,,,,,,,,,,
Rock Smash,,249,100,40,Physical,15,0,"{'contact': 1, 'protect': 1, 'mirror': 1, 'metronome': 1}",,normal,Fighting,,Tough,Has a 50% chance to lower the target's Defense by 1 stage.,50% chance to lower the target's Defense by 1.,,,,,"{'chance': 50, 'boosts': {'def': -1}}",,,,,,,,,,,,,,,,,,,,,,,,,,,,,,,,,,,,,,,,,,,,,,,
Rock Throw,,88,90,50,Physical,15,0,"{'protect': 1, 'mirror': 1, 'metronome': 1}",,normal,Rock,,Tough,No additional effect.,No additional effect.,,,,,,,,,,,,,,,,,,,,,,,,,,,,,,,,,,,,,,,,,,,,,,,,,,,,
Rock Tomb,,317,95,60,Physical,15,0,"{'protect': 1, 'mirror': 1, 'metronome': 1}",,normal,Rock,,Clever,Has a 100% chance to lower the target's Speed by 1 stage.,100% chance to lower the target's Speed by 1.,,,,,"{'chance': 100, 'boosts': {'spe': -1}}",,,,,,,,,,,,,,,,,,,,,,,,,,,,,,,,,,,,,,,,,,,,,,,
Rock Wrecker,,439,90,150,Physical,5,0,"{'recharge': 1, 'protect': 1, 'mirror': 1, 'metronome': 1, 'bullet': 1}",,normal,Rock,,Tough,"If this move is successful, the user must recharge on the following turn and cannot select a move.",User cannot move next turn.,,,,,,,,,{'volatileStatus': 'mustrecharge'},,,,,,,,,,,,,,,,,,,,,,,,,,,,,,,,,,,,,,,,,,,
Role Play,,272,TRUE,0,Status,10,0,"{'bypasssub': 1, 'allyanim': 1, 'metronome': 1}",,normal,Psychic,{'boost': {'spe': 1}},Cute,"The user's Ability changes to match the target's Ability. Fails if the user's Ability is As One, Battle Bond, Comatose, Disguise, Gulp Missile, Ice Face, Multitype, Power Construct, RKS System, Schooling, Shields Down, Stance Change, Tera Shift, Zen Mode, Zero to Hero, or already matches the target, or if the target's Ability is As One, Battle Bond, Comatose, Commander, Disguise, Embody Aspect, Flower Gift, Forecast, Hunger Switch, Ice Face, Illusion, Imposter, Multitype, Neutralizing Gas, Poison Puppeteer, Power Construct, Power of Alchemy, Protosynthesis, Quark Drive, Receiver, RKS System, Schooling, Shields Down, Stance Change, Tera Shell, Tera Shift, Teraform Zero, Trace, Wonder Guard, Zen Mode, or Zero to Hero.",User replaces its Ability with the target's.,,,,,,,,,,,,,,,,,,,,,,,,,,,,,,,,,,,,,,,,,,,,,,,,,,,,
Rolling Kick,,27,85,60,Physical,15,0,"{'contact': 1, 'protect': 1, 'mirror': 1, 'metronome': 1}",,normal,Fighting,,Cool,Has a 30% chance to make the target flinch.,30% chance to make the target flinch.,,,Past,,"{'chance': 30, 'volatileStatus': 'flinch'}",,,,,,,,,,,,,,,,,,,,,,,,,,,,,,,,,,,,,,,,,,,,,,,
Rollout,,205,90,30,Physical,20,0,"{'contact': 1, 'protect': 1, 'mirror': 1, 'metronome': 1, 'failinstruct': 1, 'noparentalbond': 1}",,normal,Rock,,Cute,"If this move is successful, the user is locked into this move and cannot make another move until it misses, 5 turns have passed, or the attack cannot be used. Power doubles with each successful hit of this move and doubles again if Defense Curl was used previously by the user. If this move is called by Sleep Talk, the move is used for one turn.",Power doubles with each hit. Repeats for 5 turns.,,,,,,TRUE,"{'duration': 1, 'onLockMove': 'rollout'}",,,,,,,,,,,,,,,,,,,,,,,,,,,,,,,,,,,,,,,,,,,,,
Roost,,355,TRUE,0,Status,5,0,"{'snatch': 1, 'heal': 1, 'metronome': 1}",,self,Flying,{'effect': 'clearnegativeboost'},Clever,"The user restores 1/2 of its maximum HP, rounded half up. If the user is not Terastallized, until the end of the turn Flying-type users lose their Flying type and pure Flying-type users become Normal type. Does nothing if the user's HP is full.",Heals 50% HP. Flying-type removed 'til turn ends.,,,,,,,"{'duration': 1, 'onResidualOrder': 25, 'onTypePriority': -1}",,{'volatileStatus': 'roost'},,,,,,,,,,,,,,,,,,,,,,,,,,,,,,,,,"[1, 2]",,,,,,,,,,
Rototiller,,563,TRUE,0,Status,10,0,"{'distance': 1, 'nonsky': 1, 'metronome': 1}",,all,Ground,{'boost': {'atk': 1}},Tough,Raises the Attack and Special Attack of all grounded Grass-type Pokemon on the field by 1 stage.,Raises Atk/Sp. Atk of grounded Grass types by 1.,,,Past,,,,,,,,,,,,,,,,,,,,,,,,,,,,,,,,,,,,,,,,,,,,,,,,,
Round,,496,100,60,Special,15,0,"{'protect': 1, 'mirror': 1, 'sound': 1, 'bypasssub': 1, 'metronome': 1}",,normal,Normal,,Beautiful,"If there are other active Pokemon that chose this move for use this turn, those Pokemon take their turn immediately after the user, in Speed order, and this move's power is 120 for each other user.",Power doubles if others used Round this turn.,,,,,,TRUE,,,,,,,,,,,,,,,,,,,,,,,,,,,,,,,,,,,,,,,,,,,,,,
Ruination,,877,90,0,Special,10,0,"{'protect': 1, 'mirror': 1}",,normal,Dark,,Tough,"Deals damage to the target equal to half of its current HP, rounded down, but not less than 1 HP.",Does damage equal to 1/2 target's current HP.,,,,,,,,,,,,,,,,,,,,,,,,,,,,,,,,,,,,,,,,,,,,,,,,,,,,
Sacred Fire,,221,95,100,Physical,5,0,"{'protect': 1, 'mirror': 1, 'defrost': 1, 'metronome': 1}",,normal,Fire,,Beautiful,Has a 50% chance to burn the target.,50% chance to burn the target. Thaws user.,,,,,"{'chance': 50, 'status': 'brn'}",,,,,,,,,,,,,,,,,,,,,,,,,,,,,,,,,,,,,,,,,,,,,,,
Sacred Sword,,533,100,90,Physical,15,0,"{'contact': 1, 'protect': 1, 'mirror': 1, 'metronome': 1, 'slicing': 1}",,normal,Fighting,,Cool,"Ignores the target's stat stage changes, including evasiveness.",Ignores the target's stat stage changes.,,,,,,,,,,,,,,,,,,,,,TRUE,TRUE,,,,,,,,,,,,,,,,,,,,,,,,,,,,,,
Safeguard,,219,TRUE,0,Status,25,0,"{'snatch': 1, 'metronome': 1}",,allySide,Normal,{'boost': {'spe': 1}},Beautiful,"For 5 turns, the user and its party members cannot have non-volatile status conditions or confusion inflicted on them by other Pokemon. Pokemon on the user's side cannot become affected by Yawn but can fall asleep from its effect. It is removed from the user's side if the user or an ally is successfully hit by Defog. Fails if the effect is already active on the user's side.","For 5 turns, protects user's party from status.",,,,,,,"{'duration': 5, 'onSideResidualOrder': 26, 'onSideResidualSubOrder': 3}",,,,,safeguard,,,,,,,,,,,,,,,,,,,,,,,,,,,,,,,,,,,,,,,,
Salt Cure,,864,100,40,Physical,15,0,"{'protect': 1, 'mirror': 1}",,normal,Rock,,,"Causes damage to the target equal to 1/8 of its maximum HP (1/4 if the target is Steel or Water type), rounded down, at the end of each turn during effect. This effect ends when the target is no longer active.","Deals 1/8 max HP each turn; 1/4 on Steel, Water.",,,,,"{'chance': 100, 'volatileStatus': 'saltcure'}",,"{'noCopy': True, 'onResidualOrder': 13}",,,,,,,,,,,,,,,,,,,,,,,,,,,,,,,,,,,,,,,,,,,,,
Sand Attack,,28,100,0,Status,15,0,"{'protect': 1, 'reflectable': 1, 'mirror': 1, 'metronome': 1}",{'accuracy': -1},normal,Ground,{'boost': {'evasion': 1}},Cute,Lowers the target's accuracy by 1 stage.,Lowers the target's accuracy by 1.,,,,,,,,,,,,,,,,,,,,,,,,,,,,,,,,,,,,,,,,,,,,,,,,,,,,
Sandsear Storm,,848,80,100,Special,10,0,"{'protect': 1, 'mirror': 1, 'metronome': 1, 'wind': 1}",,allAdjacentFoes,Ground,,,"Has a 20% chance to burn the target. If the weather is Primordial Sea or Rain Dance, this move does not check accuracy. If this move is used against a Pokemon holding Utility Umbrella, this move's accuracy remains at 80%.",20% chance to burn foe(s). Can't miss in rain.,,,,,"{'chance': 20, 'status': 'brn'}",,,,,,,,,,,,,,,,,,,,,,,,,,,,,,,,,,,,,,,,,,,,,,,
Sandstorm,,201,TRUE,0,Status,10,0,"{'metronome': 1, 'wind': 1}",,all,Rock,{'boost': {'spe': 1}},Tough,"For 5 turns, the weather becomes Sandstorm. At the end of each turn except the last, all active Pokemon lose 1/16 of their maximum HP, rounded down, unless they are a Ground, Rock, or Steel type, or have the Magic Guard, Overcoat, Sand Force, Sand Rush, or Sand Veil Abilities. During the effect, the Special Defense of Rock-type Pokemon is multiplied by 1.5 when taking damage from a special attack. Lasts for 8 turns if the user is holding Smooth Rock. Fails if the current weather is Sandstorm.","For 5 turns, a sandstorm rages. Rock: 1.5x SpD.",,,,,,,,,,,,,,,,,,,,Sandstorm,,,,,,,,,,,,,,,,,,,,,,,,,,,,,,,,
Sand Tomb,,328,85,35,Physical,15,0,"{'protect': 1, 'mirror': 1, 'metronome': 1}",,normal,Ground,,Clever,"Prevents the target from switching for four or five turns (seven turns if the user is holding Grip Claw). Causes damage to the target equal to 1/8 of its maximum HP (1/6 if the user is holding Binding Band), rounded down, at the end of each turn during effect. The target can still switch out if it is holding Shed Shell or uses Baton Pass, Flip Turn, Parting Shot, Shed Tail, Teleport, U-turn, or Volt Switch. The effect ends if either the user or the target leaves the field, or if the target uses Mortal Spin, Rapid Spin, or Substitute successfully. This effect is not stackable or reset by using this or another binding move.",Traps and damages the target for 4-5 turns.,,,,,,,,partiallytrapped,,,,,,,,,,,,,,,,,,,,,,,,,,,,,,,,,,,,,,,,,,,,
Sappy Seed,,738,90,100,Physical,10,0,"{'protect': 1, 'reflectable': 1, 'mirror': 1}",,normal,Grass,,Clever,This move summons Leech Seed on the foe.,Summons Leech Seed.,,,LGPE,,,,,,,,,,,,,,,,,,,,,,,,,,,,,,,,,,,,,,,,,,,,,,,,,
Savage Spin-Out,,634,TRUE,1,Physical,1,0,{},,normal,Bug,,Cool,Power is equal to the base move's Z-Power.,Power is equal to the base move's Z-Power.,,buginiumz,Past,,,,,,,,,,,,,,,,,,,,,,,,,,,,,,,,,,,,,,,,,,,,,,,,,
Scald,,503,100,80,Special,15,0,"{'protect': 1, 'mirror': 1, 'defrost': 1, 'metronome': 1}",,normal,Water,,Tough,Has a 30% chance to burn the target. The target thaws out if it is frozen.,30% chance to burn the target. Thaws target.,,,,,"{'chance': 30, 'status': 'brn'}",,,,,,,,,,,,,,,,,,,,,,,,,,,,,,,,,,,,,,,TRUE,,,,,,,,
Scale Shot,,799,90,25,Physical,20,0,"{'protect': 1, 'mirror': 1, 'metronome': 1}",,normal,Dragon,{'basePower': 140},,"Hits two to five times. Lowers the user's Defense by 1 stage and raises the user's Speed by 1 stage after the last hit. Has a 35% chance to hit two or three times and a 15% chance to hit four or five times. If one of the hits breaks the target's substitute, it will take damage for the remaining hits. If the user has the Skill Link Ability, this move will always hit five times. If the user is holding Loaded Dice, this move will hit 4-5 times.","Hits 2-5 times. User: -1 Def, +1 Spe after last hit.",,,,,,,,,,"[2, 5]",,,,,,,,{'basePower': 130},,,,,,"{'boosts': {'def': -1, 'spe': 1}}",,,,,,,,,,,,,,,,,,,,,,,,,,,,
Scary Face,,184,100,0,Status,10,0,"{'protect': 1, 'reflectable': 1, 'mirror': 1, 'allyanim': 1, 'metronome': 1}",{'spe': -2},normal,Normal,{'boost': {'spe': 1}},Tough,Lowers the target's Speed by 2 stages.,Lowers the target's Speed by 2.,,,,,,,,,,,,,,,,,,,,,,,,,,,,,,,,,,,,,,,,,,,,,,,,,,,,
Scorching Sands,,815,100,70,Special,10,0,"{'protect': 1, 'mirror': 1, 'defrost': 1, 'metronome': 1}",,normal,Ground,,,Has a 30% chance to burn the target. The target thaws out if it is frozen.,30% chance to burn the target. Thaws target.,,,,,"{'chance': 30, 'status': 'brn'}",,,,,,,,,,,,,,,,,,,,,,,,,,,,,,,,,,,,,,,TRUE,,,,,,,,
Scratch,,10,100,40,Physical,35,0,"{'contact': 1, 'protect': 1, 'mirror': 1, 'metronome': 1}",,normal,Normal,,Tough,No additional effect.,No additional effect.,,,,,,,,,,,,,,,,,,,,,,,,,,,,,,,,,,,,,,,,,,,,,,,,,,,,
Screech,,103,85,0,Status,40,0,"{'protect': 1, 'reflectable': 1, 'mirror': 1, 'sound': 1, 'bypasssub': 1, 'allyanim': 1, 'metronome': 1}",{'def': -2},normal,Normal,{'boost': {'atk': 1}},Clever,Lowers the target's Defense by 2 stages.,Lowers the target's Defense by 2.,,,,,,,,,,,,,,,,,,,,,,,,,,,,,,,,,,,,,,,,,,,,,,,,,,,,
Searing Shot,,545,100,100,Special,5,0,"{'protect': 1, 'mirror': 1, 'metronome': 1, 'bullet': 1}",,allAdjacent,Fire,,Cool,Has a 30% chance to burn the target.,30% chance to burn adjacent Pokemon.,,,Past,,"{'chance': 30, 'status': 'brn'}",,,,,,,,,,,,,,,,,,,,,,,,,,,,,,,,,,,,,,,,,,,,,,,
Searing Sunraze Smash,,724,TRUE,200,Physical,1,0,{'contact': 1},,normal,Steel,,Cool,This move and its effects ignore the Abilities of other Pokemon.,Ignores the Abilities of other Pokemon.,,solganiumz,Past,,,,,,,,,,,,,,,,,,,,,,,,,,,,,,,,,,,,,TRUE,,,,,,,,,,,,
Secret Power,,290,100,70,Physical,20,0,"{'protect': 1, 'mirror': 1, 'metronome': 1}",,normal,Normal,,Clever,"Has a 30% chance to cause a secondary effect on the target based on the battle terrain. Causes paralysis on the regular Wi-Fi terrain, causes paralysis during Electric Terrain, lowers Special Attack by 1 stage during Misty Terrain, causes sleep during Grassy Terrain and lowers Speed by 1 stage during Psychic Terrain.",Effect varies with terrain. (30% paralysis chance),,,Past,,"{'chance': 30, 'status': 'par'}",,,,,,,,,,,,,,,,,,,,,,,,,,,,,,,,,,,,,,,,,,,,,,,
Secret Sword,,548,100,85,Special,10,0,"{'protect': 1, 'mirror': 1, 'slicing': 1}",,normal,Fighting,,Beautiful,Deals damage to the target based on its Defense instead of Special Defense.,"Damages target based on Defense, not Sp. Def.",,,,,,,,,,,,,,,,,,,,,,,,,,,,,,,,,,,,,,,,,,,,,,,def,,,,,
Seed Bomb,,402,100,80,Physical,15,0,"{'protect': 1, 'mirror': 1, 'metronome': 1, 'bullet': 1}",,normal,Grass,,Tough,No additional effect.,No additional effect.,,,,,,,,,,,,,,,,,,,,,,,,,,,,,,,,,,,,,,,,,,,,,,,,,,,,
Seed Flare,,465,85,120,Special,5,0,"{'protect': 1, 'mirror': 1, 'metronome': 1}",,normal,Grass,,Beautiful,Has a 40% chance to lower the target's Special Defense by 2 stages.,40% chance to lower the target's Sp. Def by 2.,,,,,"{'chance': 40, 'boosts': {'spd': -2}}",,,,,,,,,,,,,,,,,,,,,,,,,,,,,,,,,,,,,,,,,,,,,,,
Seismic Toss,,69,100,0,Physical,20,0,"{'contact': 1, 'protect': 1, 'mirror': 1, 'nonsky': 1, 'metronome': 1}",,normal,Fighting,,Tough,Deals damage to the target equal to the user's level.,Does damage equal to the user's level.,,,,,,,,,,,,,,,,,,{'basePower': 75},,,,,,,,,,level,,,,,,,,,,,,,,,,,,,,,,,,
Self-Destruct,,120,100,200,Physical,5,0,"{'protect': 1, 'mirror': 1, 'metronome': 1, 'noparentalbond': 1}",,allAdjacent,Normal,,Beautiful,"The user faints after using this move, even if this move fails for having no target. This move is prevented from executing if any active Pokemon has the Damp Ability.",Hits adjacent Pokemon. The user faints.,,,,,,,,,,,,,,,,,,,,,,,,,,,,,,,always,,,,,,,,,,,,,,,,,,,,,
Shadow Ball,,247,100,80,Special,15,0,"{'protect': 1, 'mirror': 1, 'metronome': 1, 'bullet': 1}",,normal,Ghost,,Clever,Has a 20% chance to lower the target's Special Defense by 1 stage.,20% chance to lower the target's Sp. Def by 1.,,,,,"{'chance': 20, 'boosts': {'spd': -1}}",,,,,,,,,,,,,,,,,,,,,,,,,,,,,,,,,,,,,,,,,,,,,,,
Shadow Bone,,708,100,85,Physical,10,0,"{'protect': 1, 'mirror': 1, 'metronome': 1}",,normal,Ghost,,Cool,Has a 20% chance to lower the target's Defense by 1 stage.,20% chance to lower the target's Defense by 1.,,,Past,,"{'chance': 20, 'boosts': {'def': -1}}",,,,,,,,,,,,,,,,,,,,,,,,,,,,,,,,,,,,,,,,,,,,,,,
Shadow Claw,,421,100,70,Physical,15,0,"{'contact': 1, 'protect': 1, 'mirror': 1, 'metronome': 1}",,normal,Ghost,,Cool,Has a higher chance for a critical hit.,High critical hit ratio.,2,,,,,,,,,,,,,,,,,,,,,,,,,,,,,,,,,,,,,,,,,,,,,,,,,,,
Shadow Force,,467,100,120,Physical,5,0,"{'contact': 1, 'charge': 1, 'mirror': 1, 'metronome': 1, 'nosleeptalk': 1, 'noassist': 1, 'failinstruct': 1}",,normal,Ghost,,Cool,"If this move is successful, it breaks through the target's Baneful Bunker, Detect, King's Shield, Protect, or Spiky Shield for this turn, allowing other Pokemon to attack the target normally. If the target's side is protected by Crafty Shield, Mat Block, Quick Guard, or Wide Guard, that protection is also broken for this turn and other Pokemon may attack the target's side normally. This attack charges on the first turn and executes on the second. On the first turn, the user avoids all attacks. If the user is holding a Power Herb, the move completes in one turn.",Disappears turn 1. Hits turn 2. Breaks protection.,,,,,,,"{'duration': 2, 'onInvulnerability': False}",,,,,,,,,,,,,,,,,,,,,,,,,,,TRUE,,,,,,,,,,,,,,,,,,
Shadow Punch,,325,TRUE,60,Physical,20,0,"{'contact': 1, 'protect': 1, 'mirror': 1, 'punch': 1, 'metronome': 1}",,normal,Ghost,,Clever,This move does not check accuracy.,This move does not check accuracy.,,,,,,,,,,,,,,,,,,,,,,,,,,,,,,,,,,,,,,,,,,,,,,,,,,,,
Shadow Sneak,,425,100,40,Physical,30,1,"{'contact': 1, 'protect': 1, 'mirror': 1, 'metronome': 1}",,normal,Ghost,,Clever,No additional effect.,Usually goes first.,,,,,,,,,,,,,,,,,,,,,,,,,,,,,,,,,,,,,,,,,,,,,,,,,,,,
Sharpen,,159,TRUE,0,Status,30,0,"{'snatch': 1, 'metronome': 1}",{'atk': 1},self,Normal,{'boost': {'atk': 1}},Cute,Raises the user's Attack by 1 stage.,Raises the user's Attack by 1.,,,Past,,,,,,,,,,,,,,,,,,,,,,,,,,,,,,,,,,,,,,,,,,,,,,,,,
Shattered Psyche,,648,TRUE,1,Physical,1,0,{},,normal,Psychic,,Cool,Power is equal to the base move's Z-Power.,Power is equal to the base move's Z-Power.,,psychiumz,Past,,,,,,,,,,,,,,,,,,,,,,,,,,,,,,,,,,,,,,,,,,,,,,,,,
Shed Tail,,880,TRUE,0,Status,10,0,{},,self,Normal,{'effect': 'clearnegativeboost'},,"The user takes 1/2 of its maximum HP, rounded up, and creates a substitute that has 1/4 of the user's maximum HP, rounded down. The user is replaced with another Pokemon in its party and the selected Pokemon has the substitute transferred to it. Fails if the user would faint, or if there are no unfainted party members.",User takes 1/2 its max HP to pass a substitute.,,,,,,,,substitute,{},,,,,,shedtail,,,,,,,,,,,,,,,,,,,,,,,,,,,,,,,,,,,,,
Sheer Cold,,329,30,0,Special,5,0,"{'protect': 1, 'mirror': 1, 'metronome': 1}",,normal,Ice,{'basePower': 180},Beautiful,"Deals damage to the target equal to the target's maximum HP. Ignores accuracy and evasiveness modifiers. This attack's accuracy is equal to (user's level - target's level + X)%, where X is 30 if the user is an Ice type and 20 otherwise, and fails if the target is at a higher level. Ice-type Pokemon and Pokemon with the Sturdy Ability are immune.",OHKOs non-Ice targets. Fails if user's lower level.,,,,,,,,,,,,,,,,,,{'basePower': 130},,,,,,,,,,,,,,,,,,Ice,,,,,,,,,,,,,,,,
Shell Side Arm,,801,100,90,Special,10,0,"{'protect': 1, 'mirror': 1, 'metronome': 1}",,normal,Poison,,,"Has a 20% chance to poison the target. This move becomes a physical attack that makes contact if the value of ((((2 * the user's level / 5 + 2) * 90 * X) / Y) / 50), where X is the user's Attack stat and Y is the target's Defense stat, is greater than the same value where X is the user's Special Attack stat and Y is the target's Special Defense stat. No stat modifiers other than stat stage changes are considered for this purpose. If the two values are equal, this move chooses a damage category at random.",20% psn. Physical+contact if it would be stronger.,,,,,"{'chance': 20, 'status': 'psn'}",,,,,,,,,,,,,,,,,,,,,,,,,,,,,,,,,,,,,,,,,,,,,,,
Shell Smash,,504,TRUE,0,Status,15,0,"{'snatch': 1, 'metronome': 1}","{'def': -1, 'spd': -1, 'atk': 2, 'spa': 2, 'spe': 2}",self,Normal,{'effect': 'clearnegativeboost'},Tough,"Lowers the user's Defense and Special Defense by 1 stage. Raises the user's Attack, Special Attack, and Speed by 2 stages.","Lowers Def, SpD by 1; raises Atk, SpA, Spe by 2.",,,,,,,,,,,,,,,,,,,,,,,,,,,,,,,,,,,,,,,,,,,,,,,,,,,,
Shell Trap,,704,100,150,Special,5,-3,"{'protect': 1, 'failmefirst': 1, 'nosleeptalk': 1, 'noassist': 1, 'failcopycat': 1, 'failinstruct': 1}",,allAdjacentFoes,Fire,,Tough,"Fails unless the user is hit by a physical attack from an opponent this turn before it can execute the move. If the user was hit and has not fainted, it attacks immediately after being hit, and the effect ends. If the opponent's physical attack had a secondary effect removed by the Sheer Force Ability, it does not count for the purposes of this effect.",User must take physical damage before moving.,,,Past,,,,{'duration': 1},,,,,,,,,,,,,,,,,,,,,,,,,,,,,,,,,,,,,,,,,,,,,
Shelter,,842,TRUE,0,Status,10,0,"{'snatch': 1, 'metronome': 1}",{'def': 2},self,Steel,,,Raises the user's Defense by 2 stages.,Raises the user's Defense by 2.,,,,,,,,,,,,,,,,,,,,,,,,,,,,,,,,,,,,,,,,,,,,,,,,,,,,
Shift Gear,,508,TRUE,0,Status,10,0,"{'snatch': 1, 'metronome': 1}","{'spe': 2, 'atk': 1}",self,Steel,{'effect': 'clearnegativeboost'},Clever,Raises the user's Speed by 2 stages and its Attack by 1 stage.,Raises the user's Speed by 2 and Attack by 1.,,,,,,,,,,,,,,,,,,,,,,,,,,,,,,,,,,,,,,,,,,,,,,,,,,,,
Shock Wave,,351,TRUE,60,Special,20,0,"{'protect': 1, 'mirror': 1, 'metronome': 1}",,normal,Electric,,Cool,This move does not check accuracy.,This move does not check accuracy.,,,,,,,,,,,,,,,,,,,,,,,,,,,,,,,,,,,,,,,,,,,,,,,,,,,,
Shore Up,,659,TRUE,0,Status,5,0,"{'snatch': 1, 'heal': 1, 'metronome': 1}",,self,Ground,{'effect': 'clearnegativeboost'},Beautiful,"The user restores 1/2 of its maximum HP, rounded half down. If the weather is Sandstorm, the user instead restores 2/3 of its maximum HP, rounded half down.",User restores 1/2 its max HP; 2/3 in Sandstorm.,,,,,,,,,,,,,,,,,,,,,,,,,,,,,,,,,,,,,,,,,,,,,,,,,,,,
Signal Beam,,324,100,75,Special,15,0,"{'protect': 1, 'mirror': 1, 'metronome': 1}",,normal,Bug,,Beautiful,Has a 10% chance to confuse the target.,10% chance to confuse the target.,,,Past,,"{'chance': 10, 'volatileStatus': 'confusion'}",,,,,,,,,,,,,,,,,,,,,,,,,,,,,,,,,,,,,,,,,,,,,,,
Silk Trap,,852,TRUE,0,Status,10,4,{},,self,Bug,,,"The user is protected from most attacks made by other Pokemon during this turn, and Pokemon trying to make contact with the user have their Speed lowered by 1 stage. Non-damaging moves go through this protection. This move has a 1/X chance of being successful, where X starts at 1 and triples each time this move is successfully used. X resets to 1 if this move fails, if the user's last move used is not Baneful Bunker, Burning Bulwark, Detect, Endure, King's Shield, Max Guard, Obstruct, Protect, Quick Guard, Silk Trap, Spiky Shield, or Wide Guard, or if it was one of those moves and the user's protection was broken. Fails if the user moves last this turn.",Protects from damaging attacks. Contact: -1 Spe.,,,,,,,"{'duration': 1, 'onTryHitPriority': 3}",silktrap,,,,,,TRUE,,,,,,,,,,,,,,,,,,,,,,,,,,,,,,,,,,,,,,
Silver Wind,,318,100,60,Special,5,0,"{'protect': 1, 'mirror': 1, 'metronome': 1}",,normal,Bug,,Beautiful,"Has a 10% chance to raise the user's Attack, Defense, Special Attack, Special Defense, and Speed by 1 stage.",10% chance to raise all stats by 1 (not acc/eva).,,,Past,,"{'chance': 10, 'self': {'boosts': {'atk': 1, 'def': 1, 'spa': 1, 'spd': 1, 'spe': 1}}}",,,,,,,,,,,,,,,,,,,,,,,,,,,,,,,,,,,,,,,,,,,,,,,
Simple Beam,,493,100,0,Status,15,0,"{'protect': 1, 'reflectable': 1, 'mirror': 1, 'allyanim': 1, 'metronome': 1}",,normal,Normal,{'boost': {'spa': 1}},Cute,"Causes the target's Ability to become Simple. Fails if the target's Ability is As One, Battle Bond, Comatose, Disguise, Gulp Missile, Ice Face, Multitype, Power Construct, RKS System, Schooling, Shields Down, Simple, Stance Change, Tera Shift, Truant, Zen Mode, or Zero to Hero.",The target's Ability becomes Simple.,,,,,,,,,,,,,,,,,,,,,,,,,,,,,,,,,,,,,,,,,,,,,,,,,,,,
Sing,,47,55,0,Status,15,0,"{'protect': 1, 'reflectable': 1, 'mirror': 1, 'sound': 1, 'bypasssub': 1, 'metronome': 1}",,normal,Normal,{'boost': {'spe': 1}},Cute,Causes the target to fall asleep.,Causes the target to fall asleep.,,,,,,,,,,,,,,,,,,,,,,,,,,slp,,,,,,,,,,,,,,,,,,,,,,,,,,
Sinister Arrow Raid,,695,TRUE,180,Physical,1,0,{},,normal,Ghost,,Cool,No additional effect.,No additional effect.,,decidiumz,Past,,,,,,,,,,,,,,,,,,,,,,,,,,,,,,,,,,,,,,,,,,,,,,,,,
Sizzly Slide,,735,100,60,Physical,20,0,"{'contact': 1, 'protect': 1, 'mirror': 1, 'defrost': 1}",,normal,Fire,,Clever,Has a 100% chance to burn the foe.,100% chance to burn the foe.,,,LGPE,,"{'chance': 100, 'status': 'brn'}",,,,,,,,,,,,,,,,,,,,,,,,,,,,,,,,,,,,,,,,,,,,,,,
Sketch,,166,TRUE,0,Status,1,0,"{'bypasssub': 1, 'allyanim': 1, 'failencore': 1, 'nosleeptalk': 1, 'noassist': 1, 'failcopycat': 1, 'failmimic': 1, 'failinstruct': 1, 'nosketch': 1}",,normal,Normal,"{'boost': {'atk': 1, 'def': 1, 'spa': 1, 'spd': 1, 'spe': 1}}",Clever,"This move is permanently replaced by the last move used by the target. The copied move has the maximum PP for that move. Fails if the target has not made a move, if the user has Transformed, or if the move is Blazing Torque, Combat Torque, Dark Void, Hyperspace Fury, Magical Torque, Noxious Torque, Revival Blessing, Sketch, Struggle, Tera Starstorm, Wicked Torque, or any move the user knows.",Permanently copies the last move target used.,,,,,,,,,,,,,,,,,,,,,,,,,,,,,,,,,,,,,,,,,,,,,,,,TRUE,,,,
Skill Swap,,285,TRUE,0,Status,10,0,"{'protect': 1, 'mirror': 1, 'bypasssub': 1, 'allyanim': 1, 'metronome': 1}",,normal,Psychic,{'boost': {'spe': 1}},Clever,"The user swaps its Ability with the target's Ability. Fails if either the user or the target's Ability is As One, Battle Bond, Comatose, Commander, Disguise, Embody Aspect, Hunger Switch, Ice Face, Illusion, Multitype, Neutralizing Gas, Poison Puppeteer, Power Construct, Protosynthesis, Quark Drive, RKS System, Schooling, Shields Down, Stance Change, Tera Shell, Tera Shift, Teraform Zero, Wonder Guard, Zen Mode, or Zero to Hero.",The user and the target trade Abilities.,,,,,,,,,,,,,,,,,,,,,,,,,,,,,,,,,,,,,,,,,,,,,,,,,,,,
Skitter Smack,,806,90,70,Physical,10,0,"{'contact': 1, 'protect': 1, 'mirror': 1, 'metronome': 1}",,normal,Bug,,,Has a 100% chance to lower the target's Special Attack by 1 stage.,100% chance to lower target's Sp. Atk by 1.,,,,,"{'chance': 100, 'boosts': {'spa': -1}}",,,,,,,,,,,,,,,,,,,,,,,,,,,,,,,,,,,,,,,,,,,,,,,
Skull Bash,,130,100,130,Physical,10,0,"{'contact': 1, 'charge': 1, 'protect': 1, 'mirror': 1, 'metronome': 1, 'nosleeptalk': 1, 'failinstruct': 1}",,normal,Normal,,Tough,"This attack charges on the first turn and executes on the second. Raises the user's Defense by 1 stage on the first turn. If the user is holding a Power Herb, the move completes in one turn.",Raises user's Defense by 1 on turn 1. Hits turn 2.,,,Past,,,,,,,,,,,,,,,,,,,,,,,,,,,,,,,,,,,,,,,,,,,,,,,,,
Sky Attack,,143,90,140,Physical,5,0,"{'charge': 1, 'protect': 1, 'mirror': 1, 'distance': 1, 'metronome': 1, 'nosleeptalk': 1, 'failinstruct': 1}",,any,Flying,,Cool,"Has a 30% chance to make the target flinch and a higher chance for a critical hit. This attack charges on the first turn and executes on the second. If the user is holding a Power Herb, the move completes in one turn.","Charges, then hits turn 2. 30% flinch. High crit.",2,,,,"{'chance': 30, 'volatileStatus': 'flinch'}",,,,,,,,,,,,,,,,,,,,,,,,,,,,,,,,,,,,,,,,,,,,,,,
Sky Drop,,507,100,60,Physical,10,0,"{'contact': 1, 'charge': 1, 'protect': 1, 'mirror': 1, 'gravity': 1, 'distance': 1, 'metronome': 1, 'nosleeptalk': 1, 'noassist': 1, 'failinstruct': 1}",,any,Flying,,Tough,"This attack takes the target into the air with the user on the first turn and executes on the second. Pokemon weighing 200 kg or more cannot be lifted. On the first turn, the user and the target avoid all attacks other than Gust, Hurricane, Sky Uppercut, Smack Down, Thousand Arrows, Thunder, and Twister. The user and the target cannot make a move between turns, but the target can select a move to use. This move cannot damage Flying-type Pokemon. Fails on the first turn if the target is an ally, if the target has a substitute, or if the target is using Bounce, Dig, Dive, Fly, Phantom Force, Shadow Force, or Sky Drop.",User and foe fly up turn 1. Damages on turn 2.,,,Past,,,,"{'duration': 2, 'onFoeTrapPokemonPriority': -15, 'onFoeBeforeMovePriority': 12, 'onRedirectTargetPriority': 99}",,,,,,,,,,,,,,,,,,,,,,,,,,,,,,,,,,,,,,,,,,,,,
Sky Uppercut,,327,90,85,Physical,15,0,"{'contact': 1, 'protect': 1, 'mirror': 1, 'punch': 1, 'metronome': 1}",,normal,Fighting,,Cool,"This move can hit a target using Bounce, Fly, or Sky Drop, or is under the effect of Sky Drop.","Can hit Pokemon using Bounce, Fly, or Sky Drop.",,,Past,,,,,,,,,,,,,,,,,,,,,,,,,,,,,,,,,,,,,,,,,,,,,,,,,
Slack Off,,303,TRUE,0,Status,5,0,"{'snatch': 1, 'heal': 1, 'metronome': 1}",,self,Normal,{'effect': 'clearnegativeboost'},Cute,"The user restores 1/2 of its maximum HP, rounded half up.",Heals the user by 50% of its max HP.,,,,,,,,,,,,,,,,,,,,,,,,,,,,,,,,,,,,,,,,,,"[1, 2]",,,,,,,,,,
Slam,,21,75,80,Physical,20,0,"{'contact': 1, 'protect': 1, 'mirror': 1, 'nonsky': 1, 'metronome': 1}",,normal,Normal,,Tough,No additional effect.,No additional effect.,,,,,,,,,,,,,,,,,,,,,,,,,,,,,,,,,,,,,,,,,,,,,,,,,,,,
Slash,,163,100,70,Physical,20,0,"{'contact': 1, 'protect': 1, 'mirror': 1, 'metronome': 1, 'slicing': 1}",,normal,Normal,,Cool,Has a higher chance for a critical hit.,High critical hit ratio.,2,,,,,,,,,,,,,,,,,,,,,,,,,,,,,,,,,,,,,,,,,,,,,,,,,,,
Sleep Powder,,79,75,0,Status,15,0,"{'protect': 1, 'reflectable': 1, 'mirror': 1, 'metronome': 1, 'powder': 1}",,normal,Grass,{'boost': {'spe': 1}},Clever,Causes the target to fall asleep.,Causes the target to fall asleep.,,,,,,,,,,,,,,,,,,,,,,,,,,slp,,,,,,,,,,,,,,,,,,,,,,,,,,
Sleep Talk,,214,TRUE,0,Status,10,0,"{'failencore': 1, 'nosleeptalk': 1, 'noassist': 1, 'failcopycat': 1, 'failmimic': 1, 'failinstruct': 1}",,self,Normal,{'effect': 'crit2'},Cute,"One of the user's known moves, besides this move, is selected for use at random. Fails if the user is not asleep. The selected move does not have PP deducted from it, and can currently have 0 PP. This move cannot select Assist, Beak Blast, Belch, Bide, Blazing Torque, Celebrate, Chatter, Combat Torque, Copycat, Dynamax Cannon, Focus Punch, Hold Hands, Magical Torque, Me First, Metronome, Mimic, Mirror Move, Nature Power, Noxious Torque, Shell Trap, Sketch, Sleep Talk, Struggle, Uproar, Wicked Torque, or any two-turn move.",User must be asleep. Uses another known move.,,,,,,,,,,,TRUE,,,,,,,,,,,,,,,,,,,,,,,,,,,,,,,,,,,,,,TRUE,,,
Sludge,,124,100,65,Special,20,0,"{'protect': 1, 'mirror': 1, 'metronome': 1}",,normal,Poison,,Tough,Has a 30% chance to poison the target.,30% chance to poison the target.,,,,,"{'chance': 30, 'status': 'psn'}",,,,,,,,,,,,,,,,,,,,,,,,,,,,,,,,,,,,,,,,,,,,,,,
Sludge Bomb,,188,100,90,Special,10,0,"{'protect': 1, 'mirror': 1, 'metronome': 1, 'bullet': 1}",,normal,Poison,,Tough,Has a 30% chance to poison the target.,30% chance to poison the target.,,,,,"{'chance': 30, 'status': 'psn'}",,,,,,,,,,,,,,,,,,,,,,,,,,,,,,,,,,,,,,,,,,,,,,,
Sludge Wave,,482,100,95,Special,10,0,"{'protect': 1, 'mirror': 1, 'metronome': 1}",,allAdjacent,Poison,,Tough,Has a 10% chance to poison the target.,10% chance to poison adjacent Pokemon.,,,,,"{'chance': 10, 'status': 'psn'}",,,,,,,,,,,,,,,,,,,,,,,,,,,,,,,,,,,,,,,,,,,,,,,
Smack Down,,479,100,50,Physical,15,0,"{'protect': 1, 'mirror': 1, 'nonsky': 1, 'metronome': 1}",,normal,Rock,,Tough,"This move can hit a target using Bounce, Fly, or Sky Drop, or is under the effect of Sky Drop. If this move hits a target under the effect of Bounce, Fly, Magnet Rise, or Telekinesis, the effect ends. If the target is a Flying type that has not used Roost this turn or a Pokemon with the Levitate Ability, it loses its immunity to Ground-type attacks and the Arena Trap Ability as long as it remains active. During the effect, Magnet Rise fails for the target and Telekinesis fails against the target.",Removes the target's Ground immunity.,,,,,,,{'noCopy': True},smackdown,,,,,,,,,,,,,,,,,,,,,,,,,,,,,,,,,,,,,,,,,,,,
Smart Strike,,684,TRUE,70,Physical,10,0,"{'contact': 1, 'protect': 1, 'mirror': 1, 'metronome': 1}",,normal,Steel,,Cool,This move does not check accuracy.,This move does not check accuracy.,,,,,,,,,,,,,,,,,,,,,,,,,,,,,,,,,,,,,,,,,,,,,,,,,,,,
Smelling Salts,,265,100,70,Physical,10,0,"{'contact': 1, 'protect': 1, 'mirror': 1, 'metronome': 1}",,normal,Normal,,Tough,"Power doubles if the target is paralyzed. If the user has not fainted, the target is cured of paralysis.","Power doubles if target is paralyzed, and cures it.",,,Past,,,TRUE,,,,,,,,,,,,,,,,,,,,,,,,,,,,,,,,,,,,,,,,,,,,,,
Smog,,123,70,30,Special,20,0,"{'protect': 1, 'mirror': 1, 'metronome': 1}",,normal,Poison,,Tough,Has a 40% chance to poison the target.,40% chance to poison the target.,,,,,"{'chance': 40, 'status': 'psn'}",,,,,,,,,,,,,,,,,,,,,,,,,,,,,,,,,,,,,,,,,,,,,,,
Smokescreen,,108,100,0,Status,20,0,"{'protect': 1, 'reflectable': 1, 'mirror': 1, 'metronome': 1}",{'accuracy': -1},normal,Normal,{'boost': {'evasion': 1}},Clever,Lowers the target's accuracy by 1 stage.,Lowers the target's accuracy by 1.,,,,,,,,,,,,,,,,,,,,,,,,,,,,,,,,,,,,,,,,,,,,,,,,,,,,
Snap Trap,,779,100,35,Physical,15,0,"{'contact': 1, 'protect': 1, 'mirror': 1}",,normal,Grass,,,"Prevents the target from switching for four or five turns (seven turns if the user is holding Grip Claw). Causes damage to the target equal to 1/8 of its maximum HP (1/6 if the user is holding Binding Band), rounded down, at the end of each turn during effect. The target can still switch out if it is holding Shed Shell or uses Baton Pass, Flip Turn, Parting Shot, Shed Tail, Teleport, U-turn, or Volt Switch. The effect ends if either the user or the target leaves the field, or if the target uses Mortal Spin, Rapid Spin, or Substitute successfully. This effect is not stackable or reset by using this or another binding move.",Traps and damages the target for 4-5 turns.,,,Past,,,,,partiallytrapped,,,,,,,,,,,,,,,,,,,,,,,,,,,,,,,,,,,,,,,,,,,,
Snarl,,555,95,55,Special,15,0,"{'protect': 1, 'mirror': 1, 'sound': 1, 'bypasssub': 1}",,allAdjacentFoes,Dark,,Tough,Has a 100% chance to lower the target's Special Attack by 1 stage.,100% chance to lower the foe(s) Sp. Atk by 1.,,,,,"{'chance': 100, 'boosts': {'spa': -1}}",,,,,,,,,,,,,,,,,,,,,,,,,,,,,,,,,,,,,,,,,,,,,,,
Snatch,,289,TRUE,0,Status,10,4,"{'bypasssub': 1, 'mustpressure': 1, 'noassist': 1, 'failcopycat': 1}",,self,Dark,{'boost': {'spe': 2}},Clever,"If another Pokemon uses certain non-damaging moves this turn, the user steals that move to use itself. If multiple Pokemon use one of those moves this turn, the applicable moves are all stolen by the first Pokemon in turn order that used this move this turn. This effect is ignored while the user is under the effect of Sky Drop.",User steals certain support moves to use itself.,,,Past,,,,"{'duration': 1, 'onAnyPrepareHitPriority': -1}",snatch,,,,,,,,,,,,,,,,,,,,,,,,,,,,,,,,,,,,,,,,,,,,
Snipe Shot,,745,100,80,Special,15,0,"{'protect': 1, 'mirror': 1, 'metronome': 1}",,normal,Water,,,Has a higher chance for a critical hit. This move cannot be redirected to a different target by any effect.,High critical hit ratio. Cannot be redirected.,2,,,,,,,,,,,,,,,,,,,,,,,,,,,,,,,,,,,,,,,,,,,,,,,,,TRUE,,
Snore,,173,100,50,Special,15,0,"{'protect': 1, 'mirror': 1, 'sound': 1, 'bypasssub': 1}",,normal,Normal,,Cute,Has a 30% chance to make the target flinch. Fails if the user is not asleep.,User must be asleep. 30% chance to flinch target.,,,,,"{'chance': 30, 'volatileStatus': 'flinch'}",,,,,,,,,,,,,,,,,,,,,,,,,,,,,,,,,,,,,,,,,,,,TRUE,,,
Snowscape,,883,TRUE,0,Status,10,0,{},,all,Ice,,,"For 5 turns, the weather becomes Snow. During the effect, the Defense of Ice-type Pokemon is multiplied by 1.5 when taking damage from a physical attack. Lasts for 8 turns if the user is holding Icy Rock. Fails if the current weather is Snow.","For 5 turns, snow falls. Ice: 1.5x Def.",,,,,,,,,,,,,,,,,,,,snowscape,,,,,,,,,,,,,,,,,,,,,,,,,,,,,,,,
Soak,,487,100,0,Status,20,0,"{'protect': 1, 'reflectable': 1, 'mirror': 1, 'allyanim': 1, 'metronome': 1}",,normal,Water,{'boost': {'spa': 1}},Cute,"Causes the target to become a Water type. Fails if the target is an Arceus or a Silvally, if the target is already purely Water type, or if the target is Terastallized.",Changes the target's type to Water.,,,,,,,,,,,,,,,,,,,,,,,,,,,,,,,,,,,,,,,,,,,,,,,,,,,,
Soft-Boiled,,135,TRUE,0,Status,5,0,"{'snatch': 1, 'heal': 1, 'metronome': 1}",,self,Normal,{'effect': 'clearnegativeboost'},Cute,"The user restores 1/2 of its maximum HP, rounded half up.",Heals the user by 50% of its max HP.,,,,,,,,,,,,,,,,,,,,,,,,,,,,,,,,,,,,,,,,,,"[1, 2]",,,,,,,,,,
Solar Beam,,76,100,120,Special,10,0,"{'charge': 1, 'protect': 1, 'mirror': 1, 'metronome': 1, 'nosleeptalk': 1, 'failinstruct': 1}",,normal,Grass,,Cool,"This attack charges on the first turn and executes on the second. Power is halved if the weather is Primordial Sea, Rain Dance, Sandstorm, or Snow and the user is not holding Utility Umbrella. If the user is holding a Power Herb or the weather is Desolate Land or Sunny Day, the move completes in one turn. If the user is holding Utility Umbrella and the weather is Desolate Land or Sunny Day, the move still requires a turn to charge.",Charges turn 1. Hits turn 2. No charge in sunlight.,,,,,,,,,,,,,,,,,,,,,,,,,,,,,,,,,,,,,,,,,,,,,,,,,,,,
Solar Blade,,669,100,125,Physical,10,0,"{'contact': 1, 'charge': 1, 'protect': 1, 'mirror': 1, 'metronome': 1, 'nosleeptalk': 1, 'failinstruct': 1, 'slicing': 1}",,normal,Grass,,Cool,"This attack charges on the first turn and executes on the second. Power is halved if the weather is Hail, Primordial Sea, Rain Dance, or Sandstorm and the user is not holding Utility Umbrella. If the user is holding a Power Herb or the weather is Desolate Land or Sunny Day, the move completes in one turn. If the user is holding Utility Umbrella and the weather is Desolate Land or Sunny Day, the move still requires a turn to charge.",Charges turn 1. Hits turn 2. No charge in sunlight.,,,,,,,,,,,,,,,,,,,,,,,,,,,,,,,,,,,,,,,,,,,,,,,,,,,,
Sonic Boom,,49,90,0,Special,20,0,"{'protect': 1, 'mirror': 1, 'metronome': 1}",,normal,Normal,,Cool,Deals 20 HP of damage to the target.,Always does 20 HP of damage.,,,Past,,,,,,,,,,,,,,,,,,,,,,,,,20,,,,,,,,,,,,,,,,,,,,,,,,
Soul-Stealing 7-Star Strike,,699,TRUE,195,Physical,1,0,{'contact': 1},,normal,Ghost,,Cool,No additional effect.,No additional effect.,,marshadiumz,Past,,,,,,,,,,,,,,,,,,,,,,,,,,,,,,,,,,,,,,,,,,,,,,,,,
Spacial Rend,,460,95,100,Special,5,0,"{'protect': 1, 'mirror': 1, 'metronome': 1}",,normal,Dragon,,Beautiful,Has a higher chance for a critical hit.,High critical hit ratio.,2,,,,,,,,,,,,,,,,,,,,,,,,,,,,,,,,,,,,,,,,,,,,,,,,,,,
Spark,,209,100,65,Physical,20,0,"{'contact': 1, 'protect': 1, 'mirror': 1, 'metronome': 1}",,normal,Electric,,Cool,Has a 30% chance to paralyze the target.,30% chance to paralyze the target.,,,,,"{'chance': 30, 'status': 'par'}",,,,,,,,,,,,,,,,,,,,,,,,,,,,,,,,,,,,,,,,,,,,,,,
Sparkling Aria,,664,100,90,Special,10,0,"{'protect': 1, 'mirror': 1, 'sound': 1, 'bypasssub': 1, 'metronome': 1}",,allAdjacent,Water,,Tough,"If the user has not fainted, the target is cured of its burn.",The target is cured of its burn.,,,,,"{'chance': 100, 'volatileStatus': 'sparklingaria'}",,,,,,,,,,,,,,,,,,,,,,,,,,,,,,,,,,,,,,,,,,,,,,,
Sparkly Swirl,,740,85,120,Special,5,0,"{'protect': 1, 'mirror': 1}",,normal,Fairy,,Clever,Every Pokemon in the user's party is cured of its non-volatile status condition.,Cures the user's party of all status conditions.,,,LGPE,,,,,,{},,,,,,,,,,,,,,,,,,,,,,,,,,,,,,,,,,,,,,,,,,,
Spectral Thief,,712,100,90,Physical,10,0,"{'contact': 1, 'protect': 1, 'mirror': 1, 'bypasssub': 1}",,normal,Ghost,,Cool,The target's stat stages greater than 0 are stolen from it and applied to the user before dealing damage.,Steals target's boosts before dealing damage.,,,Past,,,,,,,,,,,,,,,,,,,,,,,,,,,,,,,,,,,,,,,,,,,,,,,,TRUE,
Speed Swap,,683,TRUE,0,Status,10,0,"{'protect': 1, 'mirror': 1, 'bypasssub': 1, 'allyanim': 1, 'metronome': 1}",,normal,Psychic,{'boost': {'spe': 1}},Clever,The user swaps its Speed stat with the target. Stat stage changes are unaffected.,Swaps Speed stat with target.,,,,,,,,,,,,,,,,,,,,,,,,,,,,,,,,,,,,,,,,,,,,,,,,,,,,
Spicy Extract,,858,TRUE,0,Status,15,0,"{'protect': 1, 'reflectable': 1, 'mirror': 1}","{'atk': 2, 'def': -2}",normal,Grass,,,Raises the target's Attack by 2 stages and lowers its Defense by 2 stages.,Raises target's Atk by 2 and lowers its Def by 2.,,,,,,,,,,,,,,,,,,,,,,,,,,,,,,,,,,,,,,,,,,,,,,,,,,,,
Spider Web,,169,TRUE,0,Status,10,0,"{'protect': 1, 'reflectable': 1, 'mirror': 1, 'metronome': 1}",,normal,Bug,{'boost': {'def': 1}},Clever,"Prevents the target from switching out. The target can still switch out if it is holding Shed Shell or uses Baton Pass, Flip Turn, Parting Shot, Teleport, U-turn, or Volt Switch. The effect ends if either the user or the target leaves the field.",Prevents the target from switching out.,,,Past,,,,,,,,,,,,,,,,,,,,,,,,,,,,,,,,,,,,,,,,,,,,,,,,,
Spike Cannon,,131,100,20,Physical,15,0,"{'protect': 1, 'mirror': 1, 'metronome': 1}",,normal,Normal,,Cool,"Hits two to five times. Has a 35% chance to hit two or three times and a 15% chance to hit four or five times. If one of the hits breaks the target's substitute, it will take damage for the remaining hits. If the user has the Skill Link Ability, this move will always hit five times.",Hits 2-5 times in one turn.,,,Past,,,,,,,"[2, 5]",,,,,,,,{'basePower': 120},,,,,,,,,,,,,,,,,,,,,,,,,,,,,,,,,,
Spikes,,191,TRUE,0,Status,20,0,"{'reflectable': 1, 'nonsky': 1, 'metronome': 1, 'mustpressure': 1}",,foeSide,Ground,{'boost': {'def': 1}},Clever,"Sets up a hazard on the opposing side of the field, damaging each opposing Pokemon that switches in, unless it is a Flying-type Pokemon or has the Levitate Ability. Can be used up to three times before failing. Opponents lose 1/8 of their maximum HP with one layer, 1/6 of their maximum HP with two layers, and 1/4 of their maximum HP with three layers, all rounded down. Can be removed from the opposing side if any Pokemon uses Tidy Up, or if any opposing Pokemon uses Mortal Spin, Rapid Spin, or Defog successfully, or is hit by Defog.",Hurts grounded foes on switch-in. Max 3 layers.,,,,,,,{},,,,,spikes,,,,,,,,,,,,,,,,,,,,,,,,,,,,,,,,,,,,,,,,
Spiky Shield,,596,TRUE,0,Status,10,4,"{'noassist': 1, 'failcopycat': 1}",,self,Grass,{'boost': {'def': 1}},Tough,"The user is protected from most attacks made by other Pokemon during this turn, and Pokemon making contact with the user lose 1/8 of their maximum HP, rounded down. This move has a 1/X chance of being successful, where X starts at 1 and triples each time this move is successfully used. X resets to 1 if this move fails, if the user's last move used is not Baneful Bunker, Burning Bulwark, Detect, Endure, King's Shield, Max Guard, Obstruct, Protect, Quick Guard, Silk Trap, Spiky Shield, or Wide Guard, or if it was one of those moves and the user's protection was broken. Fails if the user moves last this turn.",Protects from moves. Contact: loses 1/8 max HP.,,,,,,,"{'duration': 1, 'onTryHitPriority': 3}",spikyshield,,,,,,TRUE,,,,,,,,,,,,,,,,,,,,,,,,,,,,,,,,,,,,,,
Spin Out,,859,100,100,Physical,5,0,"{'contact': 1, 'protect': 1, 'mirror': 1, 'metronome': 1}",,normal,Steel,,,Lowers the user's Speed by 2 stages.,Lowers the user's Speed by 2.,,,,,,,,,{'boosts': {'spe': -2}},,,,,,,,,,,,,,,,,,,,,,,,,,,,,,,,,,,,,,,,,,,
Spirit Break,,789,100,75,Physical,15,0,"{'contact': 1, 'protect': 1, 'mirror': 1}",,normal,Fairy,,,Has a 100% chance to lower the target's Special Attack by 1 stage.,100% chance to lower the target's Sp. Atk by 1.,,,,,"{'chance': 100, 'boosts': {'spa': -1}}",,,,,,,,,,,,,,,,,,,,,,,,,,,,,,,,,,,,,,,,,,,,,,,
Spirit Shackle,,662,100,80,Physical,10,0,"{'protect': 1, 'mirror': 1, 'metronome': 1}",,normal,Ghost,,Tough,"Prevents the target from switching out. The target can still switch out if it is holding Shed Shell or uses Baton Pass, Flip Turn, Parting Shot, Teleport, U-turn, or Volt Switch. The effect ends if either the user or the target leaves the field.",Prevents the target from switching out.,,,,,{'chance': 100},,,,,,,,,,,,,,,,,,,,,,,,,,,,,,,,,,,,,,,,,,,,,,,
Spite,,180,100,0,Status,10,0,"{'protect': 1, 'reflectable': 1, 'mirror': 1, 'bypasssub': 1, 'metronome': 1}",,normal,Ghost,{'effect': 'heal'},Tough,"Causes the target's last move used to lose 4 PP. Fails if the target has not made a move, if the move has 0 PP, or if it no longer knows the move.",Lowers the PP of the target's last move by 4.,,,,,,,,,,,,,,,,,,,,,,,,,,,,,,,,,,,,,,,,,,,,,,,,,,,,
Spit Up,,255,100,0,Special,10,0,"{'protect': 1, 'metronome': 1}",,normal,Normal,,Tough,"Power is equal to 100 times the user's Stockpile count. Fails if the user's Stockpile count is 0. Whether or not this move is successful, the user's Defense and Special Defense decrease by as many stages as Stockpile had increased them, and the user's Stockpile count resets to 0.",More power with more uses of Stockpile.,,,,,,TRUE,,,,,,,,,,,,,,,,,,,,,,,,,,,,,,,,,,,,,,,,,,,,,,
Splash,,150,TRUE,0,Status,40,0,"{'gravity': 1, 'metronome': 1}",,self,Normal,{'boost': {'atk': 3}},Cute,No competitive use.,No competitive use.,,,,,,,,,,,,,,,,,,,,,,,,,,,,,,,,,,,,,,,,,,,,,,,,,,,,
Splintered Stormshards,,727,TRUE,190,Physical,1,0,{},,normal,Rock,,Cool,"Ends the effects of Electric Terrain, Grassy Terrain, Misty Terrain, and Psychic Terrain.",Ends the effects of terrain.,,lycaniumz,Past,,,,,,,,,,,,,,,,,,,,,,,,,,,,,,,,,,,,,,,,,,,,,,,,,
Splishy Splash,,730,100,90,Special,15,0,"{'protect': 1, 'mirror': 1}",,allAdjacentFoes,Water,,Cool,Has a 30% chance to paralyze the target.,30% chance to paralyze the target.,,,LGPE,,"{'chance': 30, 'status': 'par'}",,,,,,,,,,,,,,,,,,,,,,,,,,,,,,,,,,,,,,,,,,,,,,,
Spore,,147,100,0,Status,15,0,"{'protect': 1, 'reflectable': 1, 'mirror': 1, 'metronome': 1, 'powder': 1}",,normal,Grass,{'effect': 'clearnegativeboost'},Beautiful,Causes the target to fall asleep.,Causes the target to fall asleep.,,,,,,,,,,,,,,,,,,,,,,,,,,slp,,,,,,,,,,,,,,,,,,,,,,,,,,
Spotlight,,671,TRUE,0,Status,15,3,"{'protect': 1, 'reflectable': 1, 'allyanim': 1, 'noassist': 1, 'failcopycat': 1}",,normal,Normal,{'boost': {'spd': 1}},Cute,"Until the end of the turn, all single-target attacks from opponents of the target are redirected to the target. Such attacks are redirected to the target before they can be reflected by Magic Coat or the Magic Bounce Ability, or drawn in by the Lightning Rod or Storm Drain Abilities. Fails if it is not a Double Battle or Battle Royal.",Target's foes' moves are redirected to it this turn.,,,Past,,,,"{'duration': 1, 'noCopy': True, 'onFoeRedirectTargetPriority': 2}",spotlight,,,,,,,,,,,,,,,,,,,,,,,,,,,,,,,,,,,,,,,,,,,,
Springtide Storm,,831,80,100,Special,5,0,"{'protect': 1, 'mirror': 1, 'wind': 1}",,allAdjacentFoes,Fairy,,,Has a 30% chance to lower the target's Attack by 1 stage.,30% chance to lower the foe(s) Attack by 1.,,,,,"{'chance': 30, 'boosts': {'atk': -1}}",,,,,,,,,,,,,,,,,,,,,,,,,,,,,,,,,,,,,,,,,,,,,,,
Stealth Rock,,446,TRUE,0,Status,20,0,"{'reflectable': 1, 'metronome': 1, 'mustpressure': 1}",,foeSide,Rock,{'boost': {'def': 1}},Cool,"Sets up a hazard on the opposing side of the field, damaging each opposing Pokemon that switches in. Fails if the effect is already active on the opposing side. Foes lose 1/32, 1/16, 1/8, 1/4, or 1/2 of their maximum HP, rounded down, based on their weakness to the Rock type; 0.25x, 0.5x, neutral, 2x, or 4x, respectively. Can be removed from the opposing side if any Pokemon uses Tidy Up, or if any opposing Pokemon uses Mortal Spin, Rapid Spin, or Defog successfully, or is hit by Defog.",Hurts foes on switch-in. Factors Rock weakness.,,,,,,,{},,,,,stealthrock,,,,,,,,,,,,,,,,,,,,,,,,,,,,,,,,,,,,,,,,
Steam Eruption,,592,95,110,Special,5,0,"{'protect': 1, 'mirror': 1, 'defrost': 1}",,normal,Water,,Beautiful,Has a 30% chance to burn the target. The target thaws out if it is frozen.,30% chance to burn the target. Thaws target.,,,,,"{'chance': 30, 'status': 'brn'}",,,,,,,,,,,,,,,,,,,,,,,,,,,,,,,,,,,,,,,TRUE,,,,,,,,
Steamroller,,537,100,65,Physical,20,0,"{'contact': 1, 'protect': 1, 'mirror': 1, 'metronome': 1, 'minimize': 1}",,normal,Bug,,Tough,Has a 30% chance to make the target flinch. Damage doubles and no accuracy check is done if the target has used Minimize while active.,30% chance to make the target flinch.,,,Past,,"{'chance': 30, 'volatileStatus': 'flinch'}",,,,,,,,,,,,,,,,,,,,,,,,,,,,,,,,,,,,,,,,,,,,,,,
Steel Beam,,796,95,140,Special,5,0,"{'protect': 1, 'mirror': 1}",,normal,Steel,,,"Whether or not this move is successful and even if it would cause fainting, the user loses 1/2 of its maximum HP, rounded up, unless the user has the Magic Guard Ability.",User loses 50% max HP.,,,,,,,,,,,,,,,,,,,,,,,,,,,,,,,,,,,,,,,,,,,,,TRUE,,,,,,,
Steel Roller,,798,100,130,Physical,5,0,"{'contact': 1, 'protect': 1, 'mirror': 1, 'metronome': 1}",,normal,Steel,,,"Fails if there is no terrain active. Ends the effects of Electric Terrain, Grassy Terrain, Misty Terrain, and Psychic Terrain.",Fails if there is no terrain active. Ends the terrain.,,,,,,,,,,,,,,,,,,,,,,,,,,,,,,,,,,,,,,,,,,,,,,,,,,,,
Steel Wing,,211,90,70,Physical,25,0,"{'contact': 1, 'protect': 1, 'mirror': 1, 'metronome': 1}",,normal,Steel,,Cool,Has a 10% chance to raise the user's Defense by 1 stage.,10% chance to raise the user's Defense by 1.,,,,,"{'chance': 10, 'self': {'boosts': {'def': 1}}}",,,,,,,,,,,,,,,,,,,,,,,,,,,,,,,,,,,,,,,,,,,,,,,
Sticky Web,,564,TRUE,0,Status,20,0,"{'reflectable': 1, 'metronome': 1}",,foeSide,Bug,{'boost': {'spe': 1}},Tough,"Sets up a hazard on the opposing side of the field, lowering the Speed by 1 stage of each opposing Pokemon that switches in, unless it is a Flying-type Pokemon or has the Levitate Ability. Fails if the effect is already active on the opposing side. Can be removed from the opposing side if any Pokemon uses Tidy Up, or if any opposing Pokemon uses Mortal Spin, Rapid Spin, or Defog successfully, or is hit by Defog.",Lowers Speed of grounded foes by 1 on switch-in.,,,,,,,{},,,,,stickyweb,,,,,,,,,,,,,,,,,,,,,,,,,,,,,,,,,,,,,,,,
Stockpile,,254,TRUE,0,Status,20,0,"{'snatch': 1, 'metronome': 1}",,self,Normal,{'effect': 'heal'},Tough,Raises the user's Defense and Special Defense by 1 stage. The user's Stockpile count increases by 1. Fails if the user's Stockpile count is 3. The user's Stockpile count is reset to 0 when it is no longer active.,"Raises user's Defense, Sp. Def by 1. Max 3 uses.",,,,,,,{'noCopy': True},stockpile,,,,,,,,,,,,,,,,,,,,,,,,,,,,,,,,,,,,,,,,,,,,
Stoked Sparksurfer,,700,TRUE,175,Special,1,0,{},,normal,Electric,,Cool,Has a 100% chance to paralyze the target.,100% chance to paralyze the target.,,aloraichiumz,Past,,"{'chance': 100, 'status': 'par'}",,,,,,,,,,,,,,,,,,,,,,,,,,,,,,,,,,,,,,,,,,,,,,,
Stomp,,23,100,65,Physical,20,0,"{'contact': 1, 'protect': 1, 'mirror': 1, 'nonsky': 1, 'metronome': 1, 'minimize': 1}",,normal,Normal,,Tough,Has a 30% chance to make the target flinch. Damage doubles and no accuracy check is done if the target has used Minimize while active.,30% chance to make the target flinch.,,,,,"{'chance': 30, 'volatileStatus': 'flinch'}",,,,,,,,,,,,,,,,,,,,,,,,,,,,,,,,,,,,,,,,,,,,,,,
Stomping Tantrum,,707,100,75,Physical,10,0,"{'contact': 1, 'protect': 1, 'mirror': 1, 'metronome': 1}",,normal,Ground,,Tough,"Power doubles if the user's last move on the previous turn, including moves called by other moves or those used through Instruct, Magic Coat, Snatch, or the Dancer or Magic Bounce Abilities, failed to do any of its normal effects, not including damage from an unsuccessful High Jump Kick, Jump Kick, or Mind Blown, or if the user was prevented from moving by any effect other than recharging or Sky Drop. A move that was blocked by Baneful Bunker, Detect, King's Shield, Protect, Spiky Shield, Crafty Shield, Mat Block, Quick Guard, or Wide Guard will not double this move's power, nor will Bounce or Fly ending early due to the effect of Gravity, Smack Down, or Thousand Arrows.",Power doubles if the user's last move failed.,,,,,,TRUE,,,,,,,,,,,,,,,,,,,,,,,,,,,,,,,,,,,,,,,,,,,,,,
Stone Axe,,830,90,65,Physical,15,0,"{'contact': 1, 'protect': 1, 'mirror': 1, 'metronome': 1, 'slicing': 1}",,normal,Rock,,,"If this move is successful, it sets up a hazard on the opposing side of the field, damaging each opposing Pokemon that switches in. Foes lose 1/32, 1/16, 1/8, 1/4, or 1/2 of their maximum HP, rounded down, based on their weakness to the Rock type; 0.25x, 0.5x, neutral, 2x, or 4x, respectively. Can be removed from the opposing side if any Pokemon uses Tidy Up, or if any opposing Pokemon uses Mortal Spin, Rapid Spin, or Defog successfully, or is hit by Defog.",Sets Stealth Rock on the target's side.,,,,,{},,,,,,,,,,,,,,,,,,,,,,,,,,,,,,,,,,,,,,,,,,,,,,,
Stone Edge,,444,80,100,Physical,5,0,"{'protect': 1, 'mirror': 1, 'metronome': 1}",,normal,Rock,,Tough,Has a higher chance for a critical hit.,High critical hit ratio.,2,,,,,,,,,,,,,,,,,,,,,,,,,,,,,,,,,,,,,,,,,,,,,,,,,,,
Stored Power,,500,100,20,Special,10,0,"{'protect': 1, 'mirror': 1, 'metronome': 1}",,normal,Psychic,{'basePower': 160},Clever,"Power is equal to 20+(X*20), where X is the user's total stat stage changes that are greater than 0.", + 20 power for each of the user's stat boosts.,,,,,,TRUE,,,,,,,,,,,,{'basePower': 130},,,,,,,,,,,,,,,,,,,,,,,,,,,,,,,,,,
Storm Throw,,480,100,60,Physical,10,0,"{'contact': 1, 'protect': 1, 'mirror': 1, 'metronome': 1}",,normal,Fighting,,Cool,This move is always a critical hit unless the target is under the effect of Lucky Chant or has the Battle Armor or Shell Armor Abilities.,Always results in a critical hit.,,,Past,,,,,,,,,,,,,,,,,,,,,,,,,,,,,,,,,,TRUE,,,,,,,,,,,,,,,
Strange Steam,,790,95,90,Special,10,0,"{'protect': 1, 'mirror': 1}",,normal,Fairy,,,Has a 20% chance to confuse the target.,20% chance to confuse the target.,,,,,"{'chance': 20, 'volatileStatus': 'confusion'}",,,,,,,,,,,,,,,,,,,,,,,,,,,,,,,,,,,,,,,,,,,,,,,
Strength,,70,100,80,Physical,15,0,"{'contact': 1, 'protect': 1, 'mirror': 1, 'metronome': 1}",,normal,Normal,,Tough,No additional effect.,No additional effect.,,,,,,,,,,,,,,,,,,,,,,,,,,,,,,,,,,,,,,,,,,,,,,,,,,,,
Strength Sap,,668,100,0,Status,10,0,"{'protect': 1, 'reflectable': 1, 'mirror': 1, 'heal': 1, 'metronome': 1}",,normal,Grass,{'boost': {'def': 1}},Cute,"Lowers the target's Attack by 1 stage. The user restores its HP equal to the target's Attack stat calculated with its stat stage before this move was used. If Big Root is held by the user, the HP recovered is 1.3x normal, rounded half down. Fails if the target's Attack stat stage is -6.",User heals HP=target's Atk stat. Lowers Atk by 1.,,,,,,,,,,,,,,,,,,,,,,,,,,,,,,,,,,,,,,,,,,,,,,,,,,,,
String Shot,,81,95,0,Status,40,0,"{'protect': 1, 'reflectable': 1, 'mirror': 1, 'metronome': 1}",{'spe': -2},allAdjacentFoes,Bug,{'boost': {'spe': 1}},Clever,Lowers the target's Speed by 2 stages.,Lowers the foe(s) Speed by 2.,,,,,,,,,,,,,,,,,,,,,,,,,,,,,,,,,,,,,,,,,,,,,,,,,,,,
Struggle,,165,TRUE,50,Physical,1,0,"{'contact': 1, 'protect': 1, 'failencore': 1, 'failmefirst': 1, 'nosleeptalk': 1, 'noassist': 1, 'failcopycat': 1, 'failmimic': 1, 'failinstruct': 1, 'nosketch': 1}",,randomNormal,Normal,,Tough,"Deals typeless damage to a random opposing Pokemon. If this move was successful, the user loses 1/4 of its maximum HP, rounded half up, and the Rock Head Ability does not prevent this. This move is automatically used if none of the user's known moves can be selected.",User loses 1/4 of its max HP.,,,,,,,,,,,,,,,,,,,,,,,,,,,,,,,,,,,,,,,,,,,,,,,,TRUE,,,,TRUE
Struggle Bug,,522,100,50,Special,20,0,"{'protect': 1, 'mirror': 1, 'metronome': 1}",,allAdjacentFoes,Bug,,Cute,Has a 100% chance to lower the target's Special Attack by 1 stage.,100% chance to lower the foe(s) Sp. Atk by 1.,,,,,"{'chance': 100, 'boosts': {'spa': -1}}",,,,,,,,,,,,,,,,,,,,,,,,,,,,,,,,,,,,,,,,,,,,,,,
Stuff Cheeks,,747,TRUE,0,Status,10,0,"{'snatch': 1, 'metronome': 1}",,self,Normal,,,"This move cannot be selected unless the user is holding a Berry. The user eats its Berry and raises its Defense by 2 stages. This effect is not prevented by the Klutz or Unnerve Abilities, or the effects of Embargo or Magic Room. Fails if the user is not holding a Berry.","Must hold Berry to use. User eats Berry, Def +2.",,,,,,,,,,,,,,,,,,,,,,,,,,,,,,,,,,,,,,,,,,,,,,,,,,,,
Stun Spore,,78,75,0,Status,30,0,"{'protect': 1, 'reflectable': 1, 'mirror': 1, 'metronome': 1, 'powder': 1}",,normal,Grass,{'boost': {'spd': 1}},Clever,Paralyzes the target.,Paralyzes the target.,,,,,,,,,,,,,,,,,,,,,,,,,,par,,,,,,,,,,,,,,,,,,,,,,,,,,
Submission,,66,80,80,Physical,20,0,"{'contact': 1, 'protect': 1, 'mirror': 1, 'metronome': 1}",,normal,Fighting,,Cool,"If the target lost HP, the user takes recoil damage equal to 1/4 the HP lost by the target, rounded half up, but not less than 1 HP.",Has 1/4 recoil.,,,Past,,,,,,,,,,,,,,,,"[1, 4]",,,,,,,,,,,,,,,,,,,,,,,,,,,,,,,,,
Substitute,,164,TRUE,0,Status,10,0,"{'snatch': 1, 'nonsky': 1, 'metronome': 1}",,self,Normal,{'effect': 'clearnegativeboost'},Cute,"The user takes 1/4 of its maximum HP, rounded down, and puts it into a substitute to take its place in battle. The substitute is removed once enough damage is inflicted on it, if the user switches out or faints, or if any Pokemon uses Tidy Up. Baton Pass can be used to transfer the substitute to an ally, and the substitute will keep its remaining HP. Until the substitute is broken, it receives damage from all attacks made by other Pokemon and shields the user from status effects and stat stage changes caused by other Pokemon. Sound-based moves and Pokemon with the Infiltrator Ability ignore substitutes. The user still takes normal damage from weather and status effects while behind its substitute. If the substitute breaks during a multi-hit attack, the user will take damage from any remaining hits. If a substitute is created while the user is trapped by a binding move, the binding effect ends immediately. Fails if the user does not have enough HP remaining to create a substitute without fainting, or if it already has a substitute.",User takes 1/4 its max HP to put in a substitute.,,,,,,,{'onTryPrimaryHitPriority': -1},substitute,,,,,,,,,,,,,,,,,,,,,,,,,,,,,,,,,,,,,,,,,,,,
Subzero Slammer,,650,TRUE,1,Physical,1,0,{},,normal,Ice,,Cool,Power is equal to the base move's Z-Power.,Power is equal to the base move's Z-Power.,,iciumz,Past,,,,,,,,,,,,,,,,,,,,,,,,,,,,,,,,,,,,,,,,,,,,,,,,,
Sucker Punch,,389,100,70,Physical,5,1,"{'contact': 1, 'protect': 1, 'mirror': 1, 'metronome': 1}",,normal,Dark,,Clever,"Fails if the target did not select a physical attack, special attack, or Me First for use this turn, or if the target moves before the user.",Usually goes first. Fails if target is not attacking.,,,,,,,,,,,,,,,,,,,,,,,,,,,,,,,,,,,,,,,,,,,,,,,,,,,,
Sunny Day,,241,TRUE,0,Status,5,0,{'metronome': 1},,all,Fire,{'boost': {'spe': 1}},Beautiful,"For 5 turns, the weather becomes Sunny Day. The damage of Fire-type attacks is multiplied by 1.5 and the damage of Water-type attacks is multiplied by 0.5 during the effect. Lasts for 8 turns if the user is holding Heat Rock. Fails if the current weather is Sunny Day.","For 5 turns, intense sunlight powers Fire moves.",,,,,,,,,,,,,,,,,,,,sunnyday,,,,,,,,,,,,,,,,,,,,,,,,,,,,,,,,
Sunsteel Strike,,713,100,100,Physical,5,0,"{'contact': 1, 'protect': 1, 'mirror': 1}",,normal,Steel,,Cool,This move and its effects ignore the Abilities of other Pokemon.,Ignores the Abilities of other Pokemon.,,,,,,,,,,,,,,,,,,,,,,,,,,,,,,,,,,,,,,,,TRUE,,,,,,,,,,,,
Supercell Slam,,916,95,100,Physical,15,0,"{'contact': 1, 'protect': 1, 'mirror': 1, 'metronome': 1, 'minimize': 1}",,normal,Electric,,,"If this attack is not successful, the user loses half of its maximum HP, rounded down, as crash damage. Pokemon with the Magic Guard Ability are unaffected by crash damage. Damage doubles and no accuracy check is done if the target has used Minimize while active.",User is hurt by 50% of its max HP if it misses.,,,,,,,,,,,,,TRUE,,,,,,,,,,,,,,,,,,,,,,,,,,,,,,,,,,,,,,,
Super Fang,,162,90,0,Physical,10,0,"{'contact': 1, 'protect': 1, 'mirror': 1, 'metronome': 1}",,normal,Normal,,Tough,"Deals damage to the target equal to half of its current HP, rounded down, but not less than 1 HP.",Does damage equal to 1/2 target's current HP.,,,,,,,,,,,,,,,,,,,,,,,,,,,,,,,,,,,,,,,,,,,,,,,,,,,,
Superpower,,276,100,120,Physical,5,0,"{'contact': 1, 'protect': 1, 'mirror': 1, 'metronome': 1}",,normal,Fighting,,Tough,Lowers the user's Attack and Defense by 1 stage.,Lowers the user's Attack and Defense by 1.,,,,,,,,,"{'boosts': {'atk': -1, 'def': -1}}",,,,,,,,,,,,,,,,,,,,,,,,,,,,,,,,,,,,,,,,,,,
Supersonic,,48,55,0,Status,20,0,"{'protect': 1, 'reflectable': 1, 'mirror': 1, 'sound': 1, 'bypasssub': 1, 'metronome': 1}",,normal,Normal,{'boost': {'spe': 1}},Clever,Causes the target to become confused.,Causes the target to become confused.,,,,,,,,confusion,,,,,,,,,,,,,,,,,,,,,,,,,,,,,,,,,,,,,,,,,,,,
Supersonic Skystrike,,626,TRUE,1,Physical,1,0,{},,normal,Flying,,Cool,Power is equal to the base move's Z-Power.,Power is equal to the base move's Z-Power.,,flyiniumz,Past,,,,,,,,,,,,,,,,,,,,,,,,,,,,,,,,,,,,,,,,,,,,,,,,,
Surf,,57,100,90,Special,15,0,"{'protect': 1, 'mirror': 1, 'nonsky': 1, 'metronome': 1}",,allAdjacent,Water,,Beautiful,Damage doubles if the target is using Dive.,Hits adjacent Pokemon. Double damage on Dive.,,,,,,,,,,,,,,,,,,,,,,,,,,,,,,,,,,,,,,,,,,,,,,,,,,,,
Surging Strikes,,818,100,25,Physical,5,0,"{'contact': 1, 'protect': 1, 'mirror': 1, 'punch': 1}",,normal,Water,{'basePower': 140},,Hits three times. This move is always a critical hit unless the target is under the effect of Lucky Chant or has the Battle Armor or Shell Armor Abilities.,Always results in a critical hit. Hits 3 times.,,,,,,,,,,3,,,,,,,,{'basePower': 130},,,,,,,,,,,,,,,,,,,TRUE,,,,,,,,,,,,,,,
Swagger,,207,85,0,Status,15,0,"{'protect': 1, 'reflectable': 1, 'mirror': 1, 'allyanim': 1, 'metronome': 1}",{'atk': 2},normal,Normal,{'effect': 'clearnegativeboost'},Cute,Raises the target's Attack by 2 stages and confuses it.,Raises the target's Attack by 2 and confuses it.,,,,,,,,confusion,,,,,,,,,,,,,,,,,,,,,,,,,,,,,,,,,,,,,,,,,,,,
Swallow,,256,TRUE,0,Status,10,0,"{'snatch': 1, 'heal': 1, 'metronome': 1}",,self,Normal,{'effect': 'clearnegativeboost'},Tough,"The user restores its HP based on its Stockpile count. Restores 1/4 of its maximum HP if it's 1, 1/2 of its maximum HP if it's 2, both rounded half down, and all of its HP if it's 3. Fails if the user's Stockpile count is 0. The user's Defense and Special Defense decrease by as many stages as Stockpile had increased them, and the user's Stockpile count resets to 0.",Heals the user based on uses of Stockpile.,,,,,,,,,,,,,,,,,,,,,,,,,,,,,,,,,,,,,,,,,,,,,,,,,,,,
Sweet Kiss,,186,75,0,Status,10,0,"{'protect': 1, 'reflectable': 1, 'mirror': 1, 'metronome': 1}",,normal,Fairy,{'boost': {'spa': 1}},Cute,Causes the target to become confused.,Causes the target to become confused.,,,,,,,,confusion,,,,,,,,,,,,,,,,,,,,,,,,,,,,,,,,,,,,,,,,,,,,
Sweet Scent,,230,100,0,Status,20,0,"{'protect': 1, 'reflectable': 1, 'mirror': 1, 'metronome': 1}",{'evasion': -2},allAdjacentFoes,Normal,{'boost': {'accuracy': 1}},Cute,Lowers the target's evasiveness by 2 stages.,Lowers the foe(s) evasiveness by 2.,,,,,,,,,,,,,,,,,,,,,,,,,,,,,,,,,,,,,,,,,,,,,,,,,,,,
Swift,,129,TRUE,60,Special,20,0,"{'protect': 1, 'mirror': 1, 'metronome': 1}",,allAdjacentFoes,Normal,,Cool,This move does not check accuracy.,This move does not check accuracy. Hits foes.,,,,,,,,,,,,,,,,,,,,,,,,,,,,,,,,,,,,,,,,,,,,,,,,,,,,
Switcheroo,,415,100,0,Status,10,0,"{'protect': 1, 'mirror': 1, 'allyanim': 1, 'noassist': 1, 'failcopycat': 1}",,normal,Dark,{'boost': {'spe': 2}},Clever,"The user swaps its held item with the target's held item. Fails if either the user or the target is holding a Mail or Z-Crystal, if neither is holding an item, if the user is trying to give or take a Mega Stone to or from the species that can Mega Evolve with it, or if the user is trying to give or take a Blue Orb, a Red Orb, a Griseous Orb, a Plate, a Drive, or a Memory to or from a Kyogre, a Groudon, a Giratina, an Arceus, a Genesect, or a Silvally, respectively. The target is immune to this move if it has the Sticky Hold Ability.",User switches its held item with the target's.,,,,,,,,,,,,,,,,,,,,,,,,,,,,,,,,,,,,,,,,,,,,,,,,,,,,
Swords Dance,,14,TRUE,0,Status,20,0,"{'snatch': 1, 'dance': 1, 'metronome': 1}",{'atk': 2},self,Normal,{'effect': 'clearnegativeboost'},Beautiful,Raises the user's Attack by 2 stages.,Raises the user's Attack by 2.,,,,,,,,,,,,,,,,,,,,,,,,,,,,,,,,,,,,,,,,,,,,,,,,,,,,
Synchronoise,,485,100,120,Special,10,0,"{'protect': 1, 'mirror': 1, 'metronome': 1}",,allAdjacent,Psychic,,Clever,The target is immune if it does not share a type with the user.,Hits adjacent Pokemon sharing the user's type.,,,Past,,,,,,,,,,,,,,,,,,,,,,,,,,,,,,,,,,,,,,,,,,,,,,,,,
Synthesis,,235,TRUE,0,Status,5,0,"{'snatch': 1, 'heal': 1, 'metronome': 1}",,self,Grass,{'effect': 'clearnegativeboost'},Clever,"The user restores 1/2 of its maximum HP if Delta Stream or no weather conditions are in effect or if the user is holding Utility Umbrella, 2/3 of its maximum HP if the weather is Desolate Land or Sunny Day, and 1/4 of its maximum HP if the weather is Primordial Sea, Rain Dance, Sandstorm, or Snow, all rounded half down.",Heals the user by a weather-dependent amount.,,,,,,,,,,,,,,,,,,,,,,,,,,,,,,,,,,,,,,,,,,,,,,,,,,,,
Syrup Bomb,,903,85,60,Special,10,0,"{'protect': 1, 'mirror': 1, 'metronome': 1, 'bullet': 1}",,normal,Grass,,,"If this move is successful, it causes the target's Speed to be lowered by 1 stage at the end of each turn for 3 turns.",Target's Speed is lowered by 1 stage for 3 turns.,,,,,"{'chance': 100, 'volatileStatus': 'syrupbomb'}",,"{'noCopy': True, 'duration': 4, 'onResidualOrder': 14}",,,,,,,,,,,,,,,,,,,,,,,,,,,,,,,,,,,,,,,,,,,,,
Tachyon Cutter,,911,TRUE,50,Special,10,0,"{'protect': 1, 'mirror': 1, 'metronome': 1, 'slicing': 1}",,normal,Steel,{'basePower': 180},Clever,"Hits twice. If the first hit breaks the target's substitute, it will take damage for the second hit. This move does not check accuracy.",Hits twice. This move does not check accuracy.,,,,,,,,,,2,,,,,,,,{'basePower': 140},,,,,,,,,,,,,,,,,,,,,,,,,,,,,,,,,,
Tackle,,33,100,40,Physical,35,0,"{'contact': 1, 'protect': 1, 'mirror': 1, 'metronome': 1}",,normal,Normal,,Tough,No additional effect.,No additional effect.,,,,,,,,,,,,,,,,,,,,,,,,,,,,,,,,,,,,,,,,,,,,,,,,,,,,
Tail Glow,,294,TRUE,0,Status,20,0,"{'snatch': 1, 'metronome': 1}",{'spa': 3},self,Bug,{'effect': 'clearnegativeboost'},Beautiful,Raises the user's Special Attack by 3 stages.,Raises the user's Sp. Atk by 3.,,,,,,,,,,,,,,,,,,,,,,,,,,,,,,,,,,,,,,,,,,,,,,,,,,,,
Tail Slap,,541,85,25,Physical,10,0,"{'contact': 1, 'protect': 1, 'mirror': 1, 'metronome': 1}",,normal,Normal,{'basePower': 140},Cute,"Hits two to five times. Has a 35% chance to hit two or three times and a 15% chance to hit four or five times. If one of the hits breaks the target's substitute, it will take damage for the remaining hits. If the user has the Skill Link Ability, this move will always hit five times. If the user is holding Loaded Dice, this move will hit 4-5 times.",Hits 2-5 times in one turn.,,,,,,,,,,"[2, 5]",,,,,,,,{'basePower': 130},,,,,,,,,,,,,,,,,,,,,,,,,,,,,,,,,,
Tail Whip,,39,100,0,Status,30,0,"{'protect': 1, 'reflectable': 1, 'mirror': 1, 'metronome': 1}",{'def': -1},allAdjacentFoes,Normal,{'boost': {'atk': 1}},Cute,Lowers the target's Defense by 1 stage.,Lowers the foe(s) Defense by 1.,,,,,,,,,,,,,,,,,,,,,,,,,,,,,,,,,,,,,,,,,,,,,,,,,,,,
Tailwind,,366,TRUE,0,Status,15,0,"{'snatch': 1, 'metronome': 1, 'wind': 1}",,allySide,Flying,{'effect': 'crit2'},Cool,"For 4 turns, the user and its party members have their Speed doubled. Fails if this move is already in effect for the user's side.","For 4 turns, allies' Speed is doubled.",,,,,,,"{'duration': 4, 'onSideResidualOrder': 26, 'onSideResidualSubOrder': 5}",,,,,tailwind,,,,,,,,,,,,,,,,,,,,,,,,,,,,,,,,,,,,,,,,
Take Down,,36,85,90,Physical,20,0,"{'contact': 1, 'protect': 1, 'mirror': 1, 'metronome': 1}",,normal,Normal,,Tough,"If the target lost HP, the user takes recoil damage equal to 1/4 the HP lost by the target, rounded half up, but not less than 1 HP.",Has 1/4 recoil.,,,,,,,,,,,,,,,,,,,"[1, 4]",,,,,,,,,,,,,,,,,,,,,,,,,,,,,,,,,
Take Heart,,850,TRUE,0,Status,15,0,"{'snatch': 1, 'metronome': 1}",,self,Psychic,,,The user cures its non-volatile status condition. Raises the user's Special Attack and Special Defense by 1 stage.,"Cures user's status, raises Sp. Atk, Sp. Def by 1.",,,,,,,,,,,,,,,,,,,,,,,,,,,,,,,,,,,,,,,,,,,,,,,,,,,,
Tar Shot,,749,100,0,Status,15,0,"{'protect': 1, 'reflectable': 1, 'mirror': 1, 'metronome': 1}",{'spe': -1},normal,Rock,,,"Lowers the target's Speed by 1 stage. Until the target switches out, the effectiveness of Fire-type moves is doubled against it.",Target gets -1 Spe and becomes weaker to Fire.,,,,,,,{'onEffectivenessPriority': -2},tarshot,,,,,,,,,,,,,,,,,,,,,,,,,,,,,,,,,,,,,,,,,,,,
Taunt,,269,100,0,Status,20,0,"{'protect': 1, 'reflectable': 1, 'mirror': 1, 'bypasssub': 1, 'metronome': 1}",,normal,Dark,{'boost': {'atk': 1}},Clever,Prevents the target from using non-damaging moves for its next three turns. Pokemon with the Oblivious Ability or protected by the Aroma Veil Ability are immune.,Target can't use status moves its next 3 turns.,,,,,,,"{'duration': 3, 'onResidualOrder': 15, 'onBeforeMovePriority': 5}",taunt,,,,,,,,,,,,,,,,,,,,,,,,,,,,,,,,,,,,,,,,,,,,
Tearful Look,,715,TRUE,0,Status,20,0,"{'reflectable': 1, 'mirror': 1, 'metronome': 1}","{'atk': -1, 'spa': -1}",normal,Normal,{'boost': {'def': 1}},Cute,Lowers the target's Attack and Special Attack by 1 stage.,Lowers the target's Attack and Sp. Atk by 1.,,,,,,,,,,,,,,,,,,,,,,,,,,,,,,,,,,,,,,,,,,,,,,,,,,,,
Teatime,,752,TRUE,0,Status,10,0,"{'bypasssub': 1, 'metronome': 1}",,all,Normal,,,"All active Pokemon consume their held Berries. This effect is not prevented by substitutes, the Klutz or Unnerve Abilities, or the effects of Embargo or Magic Room. Fails if no active Pokemon is holding a Berry.",All active Pokemon consume held Berries.,,,,,,,,,,,,,,,,,,,,,,,,,,,,,,,,,,,,,,,,,,,,,,,,,,,,
Techno Blast,,546,100,120,Special,5,0,"{'protect': 1, 'mirror': 1}",,normal,Normal,,Cool,This move's type depends on the user's held Drive.,Type varies based on the held Drive.,,,Past,,,,,,,,,,,,,,,,,,,,,,,,,,,,,,,,,,,,,,,,,,,,,,,,,
Tectonic Rage,,630,TRUE,1,Physical,1,0,{},,normal,Ground,,Cool,Power is equal to the base move's Z-Power.,Power is equal to the base move's Z-Power.,,groundiumz,Past,,,,,,,,,,,,,,,,,,,,,,,,,,,,,,,,,,,,,,,,,,,,,,,,,
Teeter Dance,,298,100,0,Status,20,0,"{'protect': 1, 'mirror': 1, 'dance': 1, 'metronome': 1}",,allAdjacent,Normal,{'boost': {'spa': 1}},Cute,Causes the target to become confused.,Confuses adjacent Pokemon.,,,,,,,,confusion,,,,,,,,,,,,,,,,,,,,,,,,,,,,,,,,,,,,,,,,,,,,
Telekinesis,,477,TRUE,0,Status,15,0,"{'protect': 1, 'reflectable': 1, 'mirror': 1, 'gravity': 1, 'allyanim': 1, 'metronome': 1}",,normal,Psychic,{'boost': {'spa': 1}},Clever,"For 3 turns, the target cannot avoid any attacks made against it, other than OHKO moves, as long as it remains active. During the effect, the target is immune to Ground-type attacks and the effects of Spikes, Toxic Spikes, Sticky Web, and the Arena Trap Ability as long as it remains active. If the target uses Baton Pass, the replacement will gain the effect. Ingrain, Smack Down, Thousand Arrows, and Iron Ball override this move if the target is under any of their effects. Fails if the target is already under this effect or the effects of Ingrain, Smack Down, or Thousand Arrows. The target is immune to this move on use if its species is Diglett, Dugtrio, Alolan Diglett, Alolan Dugtrio, Sandygast, Palossand, or Gengar while Mega-Evolved. Mega Gengar cannot be under this effect by any means.","For 3 turns, target floats but moves can't miss it.",,,Past,,,,"{'duration': 3, 'onAccuracyPriority': -1, 'onResidualOrder': 19}",telekinesis,,,,,,,,,,,,,,,,,,,,,,,,,,,,,,,,,,,,,,,,,,,,
Teleport,,100,TRUE,0,Status,20,-6,{'metronome': 1},,self,Psychic,{'effect': 'heal'},Cool,"If this move is successful and the user has not fainted, the user switches out even if it is trapped and is replaced immediately by a selected party member. The user does not switch out if there are no unfainted party members.",User switches out.,,,,,,,,,,,,,,,TRUE,,,,,,,,,,,,,,,,,,,,,,,,,,,,,,,,,,,,,
Temper Flare,,915,100,75,Physical,10,0,"{'contact': 1, 'protect': 1, 'mirror': 1, 'metronome': 1}",,normal,Fire,,,"Power doubles if the user's last move on the previous turn, including moves called by other moves or those used through Instruct, Magic Coat, Snatch, or the Dancer or Magic Bounce Abilities, failed to do any of its normal effects, not including damage from an unsuccessful High Jump Kick, Jump Kick, or Mind Blown, or if the user was prevented from moving by any effect other than recharging or Sky Drop. A move that was blocked by Baneful Bunker, Detect, King's Shield, Protect, Spiky Shield, Crafty Shield, Mat Block, Quick Guard, or Wide Guard will not double this move's power, nor will Bounce or Fly ending early due to the effect of Gravity, Smack Down, or Thousand Arrows.",Power doubles if the user's last move failed.,,,,,,TRUE,,,,,,,,,,,,,,,,,,,,,,,,,,,,,,,,,,,,,,,,,,,,,,
Tera Blast,,851,100,80,Special,10,0,"{'protect': 1, 'mirror': 1, 'metronome': 1, 'mustpressure': 1}",,normal,Normal,,,"If the user is Terastallized, this move becomes a physical attack if the user's Attack is greater than its Special Attack, including stat stage changes, and this move's type becomes the same as the user's Tera Type. In addition, if the user's Tera Type is Stellar, this move has 100 power, is super effective against Terastallized targets and neutral against other targets, and lowers the user's Attack and Special Attack by 1 stage.","If Terastallized: Phys. if Atk > SpA, type = Tera.",,,,,,TRUE,,,,,,,,,,,,,,,,,,,,,,,,,,,,,,,,,,,,,,,,,,,,,,
Tera Starstorm,,906,100,120,Special,5,0,"{'protect': 1, 'mirror': 1, 'noassist': 1, 'failcopycat': 1, 'failmimic': 1, 'nosketch': 1}",,normal,Normal,,,"If the user is a Terapagos in Stellar Form, this move's type becomes Stellar, hits all opposing Pokemon, and becomes a physical attack if the user's Attack is greater than its Special Attack, including stat stage changes.","Terapagos-Stellar: Stellar type, hits both foes.",,,,,,,,,,,,,,,,,,,,,,,,,,,,,,,,,,,,,,,,,,,,,,,,,,,,
Terrain Pulse,,805,100,50,Special,10,0,"{'protect': 1, 'mirror': 1, 'metronome': 1, 'pulse': 1}",,normal,Normal,{'basePower': 160},,"Power doubles if the user is grounded and a terrain is active, and this move's type changes to match. Electric type during Electric Terrain, Grass type during Grassy Terrain, Fairy type during Misty Terrain, and Psychic type during Psychic Terrain.","User on terrain: power doubles, type varies.",,,,,,,,,,,,,,,,,,{'basePower': 130},,,,,,,,,,,,,,,,,,,,,,,,,,,,,,,,,,
Thief,,168,100,60,Physical,25,0,"{'contact': 1, 'protect': 1, 'mirror': 1, 'failmefirst': 1, 'noassist': 1, 'failcopycat': 1}",,normal,Dark,,Tough,"If this attack was successful and the user has not fainted, it steals the target's held item if the user is not holding one. The target's item is not stolen if it is a Mail or Z-Crystal, or if the target is a Kyogre holding a Blue Orb, a Groudon holding a Red Orb, a Giratina holding a Griseous Orb, an Arceus holding a Plate, a Genesect holding a Drive, a Silvally holding a Memory, or a Pokemon that can Mega Evolve holding the Mega Stone for its species. Items lost to this move cannot be regained with Recycle or the Harvest Ability.","If the user has no item, it steals the target's.",,,,,,,,,,,,,,,,,,,,,,,,,,,,,,,,,,,,,,,,,,,,,,,,,,,,
Thousand Arrows,,614,100,90,Physical,10,0,"{'protect': 1, 'mirror': 1, 'nonsky': 1}",,allAdjacentFoes,Ground,{'basePower': 180},Beautiful,"This move can hit airborne Pokemon, which includes Flying-type Pokemon, Pokemon with the Levitate Ability, Pokemon holding an Air Balloon, and Pokemon under the effect of Magnet Rise or Telekinesis. If the target is a Flying type and is not already grounded, this move deals neutral damage regardless of its other type(s). This move can hit a target using Bounce, Fly, or Sky Drop. If this move hits a target under the effect of Bounce, Fly, Magnet Rise, or Telekinesis, the effect ends. If the target is a Flying type that has not used Roost this turn or a Pokemon with the Levitate Ability, it loses its immunity to Ground-type attacks and the Arena Trap Ability as long as it remains active. During the effect, Magnet Rise fails for the target and Telekinesis fails against the target.",Grounds adjacent foes. First hit neutral on Flying.,,,Past,,,,,smackdown,,,,,,,,{'Ground': True},,,,,,,,,,,,,,,,,,,,,,,,,,,,,,,,,,,,
Thousand Waves,,615,100,90,Physical,10,0,"{'protect': 1, 'mirror': 1, 'nonsky': 1}",,allAdjacentFoes,Ground,,Tough,"Prevents the target from switching out. The target can still switch out if it is holding Shed Shell or uses Baton Pass, Flip Turn, Parting Shot, Teleport, U-turn, or Volt Switch. The effect ends if either the user or the target leaves the field.",Hits adjacent foes. Prevents them from switching.,,,Past,,,,,,,,,,,,,,,,,,,,,,,,,,,,,,,,,,,,,,,,,,,,,,,,,
Thrash,,37,100,120,Physical,10,0,"{'contact': 1, 'protect': 1, 'mirror': 1, 'metronome': 1, 'failinstruct': 1}",,randomNormal,Normal,,Tough,"The user spends two or three turns locked into this move and becomes confused immediately after its move on the last turn of the effect if it is not already. This move targets an opposing Pokemon at random on each turn. If the user is prevented from moving, is asleep at the beginning of a turn, or the attack is not successful against the target on the first turn of the effect or the second turn of a three-turn effect, the effect ends without causing confusion. If this move is called by Sleep Talk and the user is asleep, the move is used for one turn and does not confuse the user.",Lasts 2-3 turns. Confuses the user afterwards.,,,,,,,,,{'volatileStatus': 'lockedmove'},,,,,,,,,,,,,,,,,,,,,,,,,,,,,,,,,,,,,,,,,,,
Throat Chop,,675,100,80,Physical,15,0,"{'contact': 1, 'protect': 1, 'mirror': 1, 'metronome': 1}",,normal,Dark,,Clever,"For 2 turns, the target cannot use sound-based moves.","For 2 turns, the target cannot use sound moves.",,,,,{'chance': 100},,"{'duration': 2, 'onBeforeMovePriority': 6, 'onResidualOrder': 22}",,,,,,,,,,,,,,,,,,,,,,,,,,,,,,,,,,,,,,,,,,,,,
Thunder,,87,70,110,Special,10,0,"{'protect': 1, 'mirror': 1, 'metronome': 1}",,normal,Electric,,Cool,"Has a 30% chance to paralyze the target. This move can hit a target using Bounce, Fly, or Sky Drop, or is under the effect of Sky Drop. If the weather is Primordial Sea or Rain Dance, this move does not check accuracy. If the weather is Desolate Land or Sunny Day, this move's accuracy is 50%. If this move is used against a Pokemon holding Utility Umbrella, this move's accuracy remains at 70%.",30% chance to paralyze. Can't miss in rain.,,,,,"{'chance': 30, 'status': 'par'}",,,,,,,,,,,,,,,,,,,,,,,,,,,,,,,,,,,,,,,,,,,,,,,
Thunderbolt,,85,100,90,Special,15,0,"{'protect': 1, 'mirror': 1, 'metronome': 1}",,normal,Electric,,Cool,Has a 10% chance to paralyze the target.,10% chance to paralyze the target.,,,,,"{'chance': 10, 'status': 'par'}",,,,,,,,,,,,,,,,,,,,,,,,,,,,,,,,,,,,,,,,,,,,,,,
Thunder Cage,,819,90,80,Special,15,0,"{'protect': 1, 'mirror': 1}",,normal,Electric,,,"Prevents the target from switching for four or five turns (seven turns if the user is holding Grip Claw). Causes damage to the target equal to 1/8 of its maximum HP (1/6 if the user is holding Binding Band), rounded down, at the end of each turn during effect. The target can still switch out if it is holding Shed Shell or uses Baton Pass, Flip Turn, Parting Shot, Shed Tail, Teleport, U-turn, or Volt Switch. The effect ends if either the user or the target leaves the field, or if the target uses Mortal Spin, Rapid Spin, or Substitute successfully. This effect is not stackable or reset by using this or another binding move.",Traps and damages the target for 4-5 turns.,,,,,,,,partiallytrapped,,,,,,,,,,,,,,,,,,,,,,,,,,,,,,,,,,,,,,,,,,,,
Thunderclap,,909,100,70,Special,5,1,"{'protect': 1, 'mirror': 1, 'metronome': 1}",,normal,Electric,,Clever,"Fails if the target did not select a physical attack, special attack, or Me First for use this turn, or if the target moves before the user.",Usually goes first. Fails if target is not attacking.,,,,,,,,,,,,,,,,,,,,,,,,,,,,,,,,,,,,,,,,,,,,,,,,,,,,
Thunder Fang,,422,95,65,Physical,15,0,"{'contact': 1, 'protect': 1, 'mirror': 1, 'metronome': 1, 'bite': 1}",,normal,Electric,,Cool,Has a 10% chance to paralyze the target and a 10% chance to make it flinch.,10% chance to paralyze. 10% chance to flinch.,,,,,,,,,,,,,,,,,,,,,,,,,,,,,,,,,,,"[{'chance': 10, 'status': 'par'}, {'chance': 10, 'volatileStatus': 'flinch'}]",,,,,,,,,,,,,,,,,
Thunderous Kick,,823,100,90,Physical,10,0,"{'contact': 1, 'protect': 1, 'mirror': 1}",,normal,Fighting,,,Has a 100% chance to lower the target's Defense by 1 stage.,100% chance to lower the target's Defense by 1.,,,,,"{'chance': 100, 'boosts': {'def': -1}}",,,,,,,,,,,,,,,,,,,,,,,,,,,,,,,,,,,,,,,,,,,,,,,
Thunder Punch,,9,100,75,Physical,15,0,"{'contact': 1, 'protect': 1, 'mirror': 1, 'punch': 1, 'metronome': 1}",,normal,Electric,,Cool,Has a 10% chance to paralyze the target.,10% chance to paralyze the target.,,,,,"{'chance': 10, 'status': 'par'}",,,,,,,,,,,,,,,,,,,,,,,,,,,,,,,,,,,,,,,,,,,,,,,
Thunder Shock,,84,100,40,Special,30,0,"{'protect': 1, 'mirror': 1, 'metronome': 1}",,normal,Electric,,Cool,Has a 10% chance to paralyze the target.,10% chance to paralyze the target.,,,,,"{'chance': 10, 'status': 'par'}",,,,,,,,,,,,,,,,,,,,,,,,,,,,,,,,,,,,,,,,,,,,,,,
Thunder Wave,,86,90,0,Status,20,0,"{'protect': 1, 'reflectable': 1, 'mirror': 1, 'metronome': 1}",,normal,Electric,{'boost': {'spd': 1}},Cool,Paralyzes the target. This move does not ignore type immunity.,Paralyzes the target.,,,,,,,,,,,,,,,,FALSE,,,,,,,,,,par,,,,,,,,,,,,,,,,,,,,,,,,,,
Tickle,,321,100,0,Status,20,0,"{'protect': 1, 'reflectable': 1, 'mirror': 1, 'allyanim': 1, 'metronome': 1}","{'atk': -1, 'def': -1}",normal,Normal,{'boost': {'def': 1}},Cute,Lowers the target's Attack and Defense by 1 stage.,Lowers the target's Attack and Defense by 1.,,,,,,,,,,,,,,,,,,,,,,,,,,,,,,,,,,,,,,,,,,,,,,,,,,,,
Tidy Up,,882,TRUE,0,Status,10,0,{},,self,Normal,,,"Raises the user's Attack and Speed by 1 stage. Removes substitutes from all active Pokemon and ends the effects of Spikes, Stealth Rock, Sticky Web, and Toxic Spikes for both sides.","User +1 Atk, Spe. Clears all substitutes/hazards.",,,,,,,,,,,,,,,,,,,,,,,,,,,,,,,,,,,,,,,,,,,,,,,,,,,,
Topsy-Turvy,,576,TRUE,0,Status,20,0,"{'protect': 1, 'reflectable': 1, 'mirror': 1, 'allyanim': 1, 'metronome': 1}",,normal,Dark,{'boost': {'atk': 1}},Clever,The target's positive stat stages become negative and vice versa. Fails if all of the target's stat stages are 0.,Inverts the target's stat stages.,,,,,,,,,,,,,,,,,,,,,,,,,,,,,,,,,,,,,,,,,,,,,,,,,,,,
Torch Song,,871,100,80,Special,10,0,"{'protect': 1, 'mirror': 1, 'sound': 1, 'bypasssub': 1, 'metronome': 1}",,normal,Fire,,Beautiful,Has a 100% chance to raise the user's Special Attack by 1 stage.,100% chance to raise the user's Sp. Atk by 1.,,,,,"{'chance': 100, 'self': {'boosts': {'spa': 1}}}",,,,,,,,,,,,,,,,,,,,,,,,,,,,,,,,,,,,,,,,,,,,,,,
Torment,,259,100,0,Status,15,0,"{'protect': 1, 'reflectable': 1, 'mirror': 1, 'bypasssub': 1, 'metronome': 1}",,normal,Dark,{'boost': {'def': 1}},Tough,Prevents the target from selecting the same move for use two turns in a row. This effect ends when the target is no longer active.,Target can't select the same move twice in a row.,,,,,,,{'noCopy': True},torment,,,,,,,,,,,,,,,,,,,,,,,,,,,,,,,,,,,,,,,,,,,,
Toxic,,92,90,0,Status,10,0,"{'protect': 1, 'reflectable': 1, 'mirror': 1, 'metronome': 1}",,normal,Poison,{'boost': {'def': 1}},Clever,"Badly poisons the target. If a Poison-type Pokemon uses this move, the target cannot avoid the attack, even if the target is in the middle of a two-turn move.",Badly poisons the target. Poison types can't miss.,,,,,,,,,,,,,,,,,,,,,,,,,,tox,,,,,,,,,,,,,,,,,,,,,,,,,,
Toxic Spikes,,390,TRUE,0,Status,20,0,"{'reflectable': 1, 'nonsky': 1, 'metronome': 1, 'mustpressure': 1}",,foeSide,Poison,{'boost': {'def': 1}},Clever,"Sets up a hazard on the opposing side of the field, poisoning each opposing Pokemon that switches in, unless it is a Flying-type Pokemon or has the Levitate Ability. Can be used up to two times before failing. Opposing Pokemon become poisoned with one layer and badly poisoned with two layers. Can be removed from the opposing side if any Pokemon uses Tidy Up, or if any opposing Pokemon uses Mortal Spin, Rapid Spin, or Defog successfully, is hit by Defog, or a grounded Poison-type Pokemon switches in. Safeguard prevents the opposing party from being poisoned on switch-in, but a substitute does not.",Poisons grounded foes on switch-in. Max 2 layers.,,,,,,,{},,,,,toxicspikes,,,,,,,,,,,,,,,,,,,,,,,,,,,,,,,,,,,,,,,,
Toxic Thread,,672,100,0,Status,20,0,"{'protect': 1, 'reflectable': 1, 'mirror': 1, 'metronome': 1}",{'spe': -1},normal,Poison,{'boost': {'spe': 1}},Tough,Lowers the target's Speed by 1 stage and poisons it.,Lowers the target's Speed by 1 and poisons it.,,,,,,,,,,,,,,,,,,,,,,,,,,psn,,,,,,,,,,,,,,,,,,,,,,,,,,
Trailblaze,,885,100,50,Physical,20,0,"{'contact': 1, 'protect': 1, 'mirror': 1}",,normal,Grass,,Cool,Has a 100% chance to raise the user's Speed by 1 stage.,100% chance to raise the user's Speed by 1.,,,,,"{'chance': 100, 'self': {'boosts': {'spe': 1}}}",,,,,,,,,,,,,,,,,,,,,,,,,,,,,,,,,,,,,,,,,,,,,,,
Transform,,144,TRUE,0,Status,10,0,"{'allyanim': 1, 'failencore': 1, 'noassist': 1, 'failcopycat': 1, 'failmimic': 1, 'failinstruct': 1}",,normal,Normal,{'effect': 'heal'},Clever,"The user transforms into the target. The target's current stats, stat stages, types, moves, Ability, weight, gender, and sprite are copied. The user's level and HP remain the same and each copied move receives only 5 PP, with a maximum of 5 PP each. The user can no longer change formes if it would have the ability to do so. This move fails if it hits a substitute, if either the user or the target is already transformed, or if either is behind an Illusion.","Copies target's stats, moves, types, and Ability.",,,,,,,,,,,,,,,,,,,,,,,,,,,,,,,,,,,,,,,,,,,,,,,,,,,,
Tri Attack,,161,100,80,Special,10,0,"{'protect': 1, 'mirror': 1, 'metronome': 1}",,normal,Normal,,Beautiful,"Has a 20% chance to either burn, freeze, or paralyze the target.",20% chance to paralyze or burn or freeze target.,,,,,{'chance': 20},,,,,,,,,,,,,,,,,,,,,,,,,,,,,,,,,,,,,,,,,,,,,,,
Trick,,271,100,0,Status,10,0,"{'protect': 1, 'mirror': 1, 'allyanim': 1, 'noassist': 1, 'failcopycat': 1}",,normal,Psychic,{'boost': {'spe': 2}},Clever,"The user swaps its held item with the target's held item. Fails if either the user or the target is holding a Mail or Z-Crystal, if neither is holding an item, if the user is trying to give or take a Mega Stone to or from the species that can Mega Evolve with it, or if the user is trying to give or take a Blue Orb, a Red Orb, a Griseous Orb, a Plate, a Drive, or a Memory to or from a Kyogre, a Groudon, a Giratina, an Arceus, a Genesect, or a Silvally, respectively. The target is immune to this move if it has the Sticky Hold Ability.",User switches its held item with the target's.,,,,,,,,,,,,,,,,,,,,,,,,,,,,,,,,,,,,,,,,,,,,,,,,,,,,
Trick-or-Treat,,567,100,0,Status,20,0,"{'protect': 1, 'reflectable': 1, 'mirror': 1, 'allyanim': 1, 'metronome': 1}",,normal,Ghost,"{'boost': {'atk': 1, 'def': 1, 'spa': 1, 'spd': 1, 'spe': 1}}",Cute,"Causes the Ghost type to be added to the target, effectively making it have two or three types. Fails if the target is already a Ghost type. If Forest's Curse adds a type to the target, it replaces the type added by this move and vice versa.",Adds Ghost to the target's type(s).,,,Past,,,,,,,,,,,,,,,,,,,,,,,,,,,,,,,,,,,,,,,,,,,,,,,,,
Trick Room,,433,TRUE,0,Status,5,-7,"{'mirror': 1, 'metronome': 1}",,all,Psychic,{'boost': {'accuracy': 1}},Clever,"For 5 turns, the Speed of every Pokemon is recalculated for the purposes of determining turn order. During the effect, each Pokemon's Speed is considered to be (10000 - its normal Speed), and if this value is greater than 8191, 8192 is subtracted from it. If this move is used during the effect, the effect ends.","Goes last. For 5 turns, turn order is reversed.",,,,,,,"{'duration': 5, 'onFieldResidualOrder': 27, 'onFieldResidualSubOrder': 1}",,,,,,,,,,,,,,,,,,,,,,,,,trickroom,,,,,,,,,,,,,,,,,,,,
Triple Arrows,,843,100,90,Physical,10,0,"{'protect': 1, 'mirror': 1, 'metronome': 1}",,normal,Fighting,,,"Has a 50% chance to lower the target's Defense by 1 stage, a 30% chance to make it flinch, and a higher chance for a critical hit.","High crit. Target: 50% -1 Defense, 30% flinch.",2,,,,,,,,,,,,,,,,,,,,,,,,,,,,,,,,,,"[{'chance': 50, 'boosts': {'def': -1}}, {'chance': 30, 'volatileStatus': 'flinch'}]",,,,,,,,,,,,,,,,,
Triple Axel,,813,90,20,Physical,10,0,"{'contact': 1, 'protect': 1, 'mirror': 1, 'metronome': 1}",,normal,Ice,{'basePower': 120},,"Hits three times. Power increases to 40 for the second hit and 60 for the third. This move checks accuracy for each hit, and the attack ends if the target avoids a hit. If one of the hits breaks the target's substitute, it will take damage for the remaining hits. If the user has the Skill Link Ability, this move will always hit three times.","Hits 3 times. Each hit can miss, but power rises.",,,,,,TRUE,,,,3,,,,,,,,{'basePower': 140},,,,,,,,,,,,,,,,,,,,,,,,,,,,TRUE,,,,,,
Triple Dive,,865,95,30,Physical,10,0,"{'contact': 1, 'protect': 1, 'mirror': 1, 'metronome': 1}",,normal,Water,,,Hits three times.,Hits 3 times.,,,,,,,,,,3,,,,,,,,,,,,,,,,,,,,,,,,,,,,,,,,,,,,,,,,,,
Triple Kick,,167,90,10,Physical,10,0,"{'contact': 1, 'protect': 1, 'mirror': 1, 'metronome': 1}",,normal,Fighting,{'basePower': 120},Cool,"Hits three times. Power increases to 20 for the second hit and 30 for the third. This move checks accuracy for each hit, and the attack ends if the target avoids a hit. If one of the hits breaks the target's substitute, it will take damage for the remaining hits. If the user has the Skill Link Ability, this move will always hit three times.","Hits 3 times. Each hit can miss, but power rises.",,,,,,TRUE,,,,3,,,,,,,,{'basePower': 80},,,,,,,,,,,,,,,,,,,,,,,,,,,,TRUE,,,,,,
Trop Kick,,688,100,70,Physical,15,0,"{'contact': 1, 'protect': 1, 'mirror': 1, 'metronome': 1}",,normal,Grass,,Cute,Has a 100% chance to lower the target's Attack by 1 stage.,100% chance to lower the target's Attack by 1.,,,,,"{'chance': 100, 'boosts': {'atk': -1}}",,,,,,,,,,,,,,,,,,,,,,,,,,,,,,,,,,,,,,,,,,,,,,,
Trump Card,,376,TRUE,0,Special,5,0,"{'contact': 1, 'protect': 1, 'mirror': 1, 'metronome': 1}",,normal,Normal,{'basePower': 160},Cool,"The power of this move is based on the amount of PP remaining after normal PP reduction and the Pressure Ability resolve. 200 power for 0 PP, 80 power for 1 PP, 60 power for 2 PP, 50 power for 3 PP, and 40 power for 4 or more PP.",More power the fewer PP this move has left.,,,Past,,,TRUE,,,,,,,,,,,,{'basePower': 130},,,,,,,,,,,,,,,,,,,,,,,,,,,,,,TRUE,,,,
Twin Beam,,888,100,40,Special,10,0,"{'protect': 1, 'mirror': 1}",,normal,Psychic,,Cool,"Hits twice. If the first hit breaks the target's substitute, it will take damage for the second hit.",Hits 2 times in one turn.,,,,,,,,,,2,,,,,,,,,,,,,,,,,,,,,,,,,,,,,,,,,,,,,,,,,,
Twineedle,,41,100,25,Physical,20,0,"{'protect': 1, 'mirror': 1, 'metronome': 1}",,normal,Bug,,Cool,"Hits twice, with each hit having a 20% chance to poison the target. If the first hit breaks the target's substitute, it will take damage for the second hit.",Hits 2 times. Each hit has 20% chance to poison.,,,Past,,"{'chance': 20, 'status': 'psn'}",,,,,2,,,,,,,,{'basePower': 100},,,,,,,,,,,,,,,,,,,,,,,,,,,,,,,,,,
Twinkle Tackle,,656,TRUE,1,Physical,1,0,{},,normal,Fairy,,Cool,Power is equal to the base move's Z-Power.,Power is equal to the base move's Z-Power.,,fairiumz,Past,,,,,,,,,,,,,,,,,,,,,,,,,,,,,,,,,,,,,,,,,,,,,,,,,
Twister,,239,100,40,Special,20,0,"{'protect': 1, 'mirror': 1, 'metronome': 1, 'wind': 1}",,allAdjacentFoes,Dragon,,Cool,"Has a 20% chance to make the target flinch. Power doubles if the target is using Bounce, Fly, or Sky Drop, or is under the effect of Sky Drop.",20% chance to make the foe(s) flinch.,,,,,"{'chance': 20, 'volatileStatus': 'flinch'}",,,,,,,,,,,,,,,,,,,,,,,,,,,,,,,,,,,,,,,,,,,,,,,
Upper Hand,,918,100,65,Physical,15,3,"{'contact': 1, 'protect': 1, 'mirror': 1, 'metronome': 1}",,normal,Fighting,,,"Has a 100% chance to make the target flinch. Fails if the target did not select a priority move for use this turn, or if the target moves before the user.",100% flinch. Fails unless target using priority.,,,,,"{'chance': 100, 'volatileStatus': 'flinch'}",,,,,,,,,,,,,,,,,,,,,,,,,,,,,,,,,,,,,,,,,,,,,,,
Uproar,,253,100,90,Special,10,0,"{'protect': 1, 'mirror': 1, 'sound': 1, 'bypasssub': 1, 'metronome': 1, 'nosleeptalk': 1, 'failinstruct': 1}",,randomNormal,Normal,,Cute,"The user spends three turns locked into this move. This move targets an opponent at random on each turn. On the first of the three turns, all sleeping active Pokemon wake up. During the three turns, no active Pokemon can fall asleep by any means, and Pokemon switched in during the effect do not wake up. If the user is prevented from moving or the attack is not successful against the target during one of the turns, the effect ends.",Lasts 3 turns. Active Pokemon cannot fall asleep.,,,,,,,"{'duration': 3, 'onResidualOrder': 28, 'onResidualSubOrder': 1, 'onLockMove': 'uproar'}",,{'volatileStatus': 'uproar'},,,,,,,,,,,,,,,,,,,,,,,,,,,,,,,,,,,,,,,,,,,
U-turn,,369,100,70,Physical,20,0,"{'contact': 1, 'protect': 1, 'mirror': 1, 'metronome': 1}",,normal,Bug,,Cute,"If this move is successful and the user has not fainted, the user switches out even if it is trapped and is replaced immediately by a selected party member. The user does not switch out if there are no unfainted party members, or if the target switched out using an Eject Button or through the effect of the Emergency Exit or Wimp Out Abilities.",User switches out after damaging the target.,,,,,,,,,,,,,,,TRUE,,,,,,,,,,,,,,,,,,,,,,,,,,,,,,,,,,,,,
Vacuum Wave,,410,100,40,Special,30,1,"{'protect': 1, 'mirror': 1, 'metronome': 1}",,normal,Fighting,,Cool,No additional effect.,Usually goes first.,,,,,,,,,,,,,,,,,,,,,,,,,,,,,,,,,,,,,,,,,,,,,,,,,,,,
V-create,,557,95,180,Physical,5,0,"{'contact': 1, 'protect': 1, 'mirror': 1}",,normal,Fire,{'basePower': 220},Cool,"Lowers the user's Speed, Defense, and Special Defense by 1 stage.","Lowers the user's Defense, Sp. Def, Speed by 1.",,,Unobtainable,,,,,,"{'boosts': {'spe': -1, 'def': -1, 'spd': -1}}",,,,,,,,,,,,,,,,,,,,,,,,,,,,,,,,,,,,,,,,,,,
Veevee Volley,,741,TRUE,0,Physical,20,0,"{'contact': 1, 'protect': 1, 'mirror': 1}",,normal,Normal,,Cute,"Power is equal to the greater of (user's Happiness * 2/5), rounded down, or 1.",Max happiness: 102 power. Can't miss.,,,LGPE,,,TRUE,,,,,,,,,,,,,,,,,,,,,,,,,,,,,,,,,,,,,,,,,,,,,,
Venom Drench,,599,100,0,Status,20,0,"{'protect': 1, 'reflectable': 1, 'mirror': 1, 'metronome': 1}",,allAdjacentFoes,Poison,{'boost': {'def': 1}},Clever,"Lowers the target's Attack, Special Attack, and Speed by 1 stage if the target is poisoned. Fails if the target is not poisoned.",Lowers Atk/Sp. Atk/Speed of poisoned foes by 1.,,,Past,,,,,,,,,,,,,,,,,,,,,,,,,,,,,,,,,,,,,,,,,,,,,,,,,
Venoshock,,474,100,65,Special,10,0,"{'protect': 1, 'mirror': 1, 'metronome': 1}",,normal,Poison,,Beautiful,Power doubles if the target is poisoned.,Power doubles if the target is poisoned.,,,,,,,,,,,,,,,,,,,,,,,,,,,,,,,,,,,,,,,,,,,,,,,,,,,,
Victory Dance,,837,TRUE,0,Status,10,0,"{'snatch': 1, 'dance': 1, 'metronome': 1}","{'atk': 1, 'def': 1, 'spe': 1}",self,Fighting,,,"Raises the user's Attack, Defense, and Speed by 1 stage.","Raises the user's Attack, Defense, Speed by 1.",,,,,,,,,,,,,,,,,,,,,,,,,,,,,,,,,,,,,,,,,,,,,,,,,,,,
Vine Whip,,22,100,45,Physical,25,0,"{'contact': 1, 'protect': 1, 'mirror': 1, 'metronome': 1}",,normal,Grass,,Cool,No additional effect.,No additional effect.,,,,,,,,,,,,,,,,,,,,,,,,,,,,,,,,,,,,,,,,,,,,,,,,,,,,
Vise Grip,,11,100,55,Physical,30,0,"{'contact': 1, 'protect': 1, 'mirror': 1, 'metronome': 1}",,normal,Normal,,Tough,No additional effect.,No additional effect.,,,,,,,,,,,,,,,,,,,,,,,,,,,,,,,,,,,,,,,,,,,,,,,,,,,,
Vital Throw,,233,TRUE,70,Physical,10,-1,"{'contact': 1, 'protect': 1, 'mirror': 1, 'metronome': 1}",,normal,Fighting,,Cool,This move does not check accuracy.,This move does not check accuracy. Goes last.,,,Past,,,,,,,,,,,,,,,,,,,,,,,,,,,,,,,,,,,,,,,,,,,,,,,,,
Volt Switch,,521,100,70,Special,20,0,"{'protect': 1, 'mirror': 1, 'metronome': 1}",,normal,Electric,,Cool,"If this move is successful and the user has not fainted, the user switches out even if it is trapped and is replaced immediately by a selected party member. The user does not switch out if there are no unfainted party members, or if the target switched out using an Eject Button or through the effect of the Emergency Exit or Wimp Out Abilities.",User switches out after damaging the target.,,,,,,,,,,,,,,,TRUE,,,,,,,,,,,,,,,,,,,,,,,,,,,,,,,,,,,,,
Volt Tackle,,344,100,120,Physical,15,0,"{'contact': 1, 'protect': 1, 'mirror': 1, 'metronome': 1}",,normal,Electric,,Cool,"Has a 10% chance to paralyze the target. If the target lost HP, the user takes recoil damage equal to 33% the HP lost by the target, rounded half up, but not less than 1 HP.",Has 33% recoil. 10% chance to paralyze target.,,,,,"{'chance': 10, 'status': 'par'}",,,,,,,,,,,,,,"[33, 100]",,,,,,,,,,,,,,,,,,,,,,,,,,,,,,,,,
Wake-Up Slap,,358,100,70,Physical,10,0,"{'contact': 1, 'protect': 1, 'mirror': 1, 'metronome': 1}",,normal,Fighting,,Tough,"Power doubles if the target is asleep. If the user has not fainted, the target wakes up.","Power doubles if target is asleep, and wakes it.",,,Past,,,TRUE,,,,,,,,,,,,,,,,,,,,,,,,,,,,,,,,,,,,,,,,,,,,,,
Waterfall,,127,100,80,Physical,15,0,"{'contact': 1, 'protect': 1, 'mirror': 1, 'metronome': 1}",,normal,Water,,Tough,Has a 20% chance to make the target flinch.,20% chance to make the target flinch.,,,,,"{'chance': 20, 'volatileStatus': 'flinch'}",,,,,,,,,,,,,,,,,,,,,,,,,,,,,,,,,,,,,,,,,,,,,,,
Water Gun,,55,100,40,Special,25,0,"{'protect': 1, 'mirror': 1, 'metronome': 1}",,normal,Water,,Cute,No additional effect.,No additional effect.,,,,,,,,,,,,,,,,,,,,,,,,,,,,,,,,,,,,,,,,,,,,,,,,,,,,
Water Pledge,,518,100,80,Special,10,0,"{'protect': 1, 'mirror': 1, 'nonsky': 1, 'metronome': 1, 'pledgecombo': 1}",,normal,Water,,Beautiful,"If one of the user's allies chose to use Fire Pledge or Grass Pledge this turn and has not moved yet, it takes its turn immediately after the user and the user's move does nothing. If combined with Fire Pledge, the ally uses Water Pledge with 150 power and a rainbow appears on the user's side for 4 turns, which doubles secondary effect chances and stacks with the Serene Grace Ability, except effects that cause flinching can only have their chance doubled once. If combined with Grass Pledge, the ally uses Grass Pledge with 150 power and a swamp appears on the target's side for 4 turns, which quarters the Speed of each Pokemon on that side. When used as a combined move, this move gains STAB no matter what the user's type is. This move does not consume the user's Water Gem, and cannot be redirected by the Storm Drain Ability.",Use with Grass or Fire Pledge for added effect.,,,,,,TRUE,"{'duration': 4, 'onSideResidualOrder': 26, 'onSideResidualSubOrder': 7}",,,,,,,,,,,,,,,,,,,,,,,,,,,,,,,,,,,,,,,,,,,,,
Water Pulse,,352,100,60,Special,20,0,"{'protect': 1, 'mirror': 1, 'distance': 1, 'metronome': 1, 'pulse': 1}",,any,Water,,Beautiful,Has a 20% chance to confuse the target.,20% chance to confuse the target.,,,,,"{'chance': 20, 'volatileStatus': 'confusion'}",,,,,,,,,,,,,,,,,,,,,,,,,,,,,,,,,,,,,,,,,,,,,,,
Water Shuriken,,594,100,15,Special,20,1,"{'protect': 1, 'mirror': 1, 'metronome': 1}",,normal,Water,,Cool,"Hits two to five times. Has a 35% chance to hit two or three times and a 15% chance to hit four or five times. If one of the hits breaks the target's substitute, it will take damage for the remaining hits. If the user has the Skill Link Ability, this move will always hit five times. If the user is an Ash-Greninja with the Battle Bond Ability, this move has a power of 20 and always hits three times. If the user is holding Loaded Dice, this move will hit 4-5 times.",Usually goes first. Hits 2-5 times in one turn.,,,,,,TRUE,,,,"[2, 5]",,,,,,,,,,,,,,,,,,,,,,,,,,,,,,,,,,,,,,,,,,
Water Sport,,346,TRUE,0,Status,15,0,"{'nonsky': 1, 'metronome': 1}",,all,Water,{'boost': {'spd': 1}},Cute,"For 5 turns, all Fire-type attacks used by any active Pokemon have their power multiplied by 0.33. Fails if this effect is already active.","For 5 turns, Fire-type attacks have 1/3 power.",,,Past,,,,"{'duration': 5, 'onBasePowerPriority': 1, 'onFieldResidualOrder': 27, 'onFieldResidualSubOrder': 3}",,,,,,,,,,,,,,,,,,,,,,,,,watersport,,,,,,,,,,,,,,,,,,,,
Water Spout,,323,100,150,Special,5,0,"{'protect': 1, 'mirror': 1, 'metronome': 1}",,allAdjacentFoes,Water,,Beautiful,"Power is equal to (user's current HP * 150 / user's maximum HP), rounded down, but not less than 1.",Less power as user's HP decreases. Hits foe(s).,,,,,,TRUE,,,,,,,,,,,,,,,,,,,,,,,,,,,,,,,,,,,,,,,,,,,,,,
Wave Crash,,834,100,120,Physical,10,0,"{'contact': 1, 'protect': 1, 'mirror': 1, 'metronome': 1}",,normal,Water,,,"If the target lost HP, the user takes recoil damage equal to 33% the HP lost by the target, rounded half up, but not less than 1 HP.",Has 33% recoil.,,,,,,,,,,,,,,,,,,,"[33, 100]",,,,,,,,,,,,,,,,,,,,,,,,,,,,,,,,,
Weather Ball,,311,100,50,Special,10,0,"{'protect': 1, 'mirror': 1, 'metronome': 1, 'bullet': 1}",,normal,Normal,{'basePower': 160},Beautiful,"Power doubles if a weather condition other than Delta Stream is active, and this move's type changes to match. Ice type during Snow, Water type during Primordial Sea or Rain Dance, Rock type during Sandstorm, and Fire type during Desolate Land or Sunny Day. If the user is holding Utility Umbrella and uses Weather Ball during Primordial Sea, Rain Dance, Desolate Land, or Sunny Day, this move remains Normal type and does not double in power.",Power doubles and type varies in each weather.,,,,,,,,,,,,,,,,,,{'basePower': 130},,,,,,,,,,,,,,,,,,,,,,,,,,,,,,,,,,
Whirlpool,,250,85,35,Special,15,0,"{'protect': 1, 'mirror': 1, 'metronome': 1}",,normal,Water,,Beautiful,"Prevents the target from switching for four or five turns (seven turns if the user is holding Grip Claw). Causes damage to the target equal to 1/8 of its maximum HP (1/6 if the user is holding Binding Band), rounded down, at the end of each turn during effect. The target can still switch out if it is holding Shed Shell or uses Baton Pass, Flip Turn, Parting Shot, Shed Tail, Teleport, U-turn, or Volt Switch. The effect ends if either the user or the target leaves the field, or if the target uses Mortal Spin, Rapid Spin, or Substitute successfully. This effect is not stackable or reset by using this or another binding move.",Traps and damages the target for 4-5 turns.,,,,,,,,partiallytrapped,,,,,,,,,,,,,,,,,,,,,,,,,,,,,,,,,,,,,,,,,,,,
Whirlwind,,18,TRUE,0,Status,20,-6,"{'reflectable': 1, 'mirror': 1, 'bypasssub': 1, 'allyanim': 1, 'metronome': 1, 'noassist': 1, 'failcopycat': 1, 'wind': 1}",,normal,Normal,{'boost': {'spd': 1}},Clever,"The target is forced to switch out and be replaced with a random unfainted ally. Fails if the target is the last unfainted Pokemon in its party, or if the target used Ingrain previously or has the Suction Cups Ability.",Forces the target to switch to a random ally.,,,,,,,,,,,,,,,,,,,,,,,TRUE,,,,,,,,,,,,,,,,,,,,,,,,,,,,,
Wicked Blow,,817,100,75,Physical,5,0,"{'contact': 1, 'protect': 1, 'mirror': 1, 'punch': 1}",,normal,Dark,,,This move is always a critical hit unless the target is under the effect of Lucky Chant or has the Battle Armor or Shell Armor Abilities.,Always results in a critical hit.,,,,,,,,,,,,,,,,,,,,,,,,,,,,,,,,,,,,,TRUE,,,,,,,,,,,,,,,
Wicked Torque,,897,100,80,Physical,10,0,"{'protect': 1, 'failencore': 1, 'failmefirst': 1, 'nosleeptalk': 1, 'noassist': 1, 'failcopycat': 1, 'failmimic': 1, 'failinstruct': 1, 'nosketch': 1}",,normal,Dark,,,Has a 10% chance to cause the target to fall asleep.,10% chance to cause the target to fall asleep.,,,Unobtainable,,"{'chance': 10, 'status': 'slp'}",,,,,,,,,,,,,,,,,,,,,,,,,,,,,,,,,,,,,,,,,,,,,,,
Wide Guard,,469,TRUE,0,Status,10,3,{'snatch': 1},,allySide,Rock,{'boost': {'def': 1}},Tough,"The user and its party members are protected from moves made by other Pokemon, including allies, during this turn that target all adjacent foes or all adjacent Pokemon. This move modifies the same 1/X chance of being successful used by other protection moves, where X starts at 1 and triples each time this move is successfully used, but does not use the chance to check for failure. X resets to 1 if this move fails, if the user's last move used is not Baneful Bunker, Burning Bulwark, Detect, Endure, King's Shield, Max Guard, Obstruct, Protect, Quick Guard, Silk Trap, Spiky Shield, or Wide Guard, or if it was one of those moves and the user's protection was broken. Fails if the user moves last this turn or if this move is already in effect for the user's side.",Protects allies from multi-target moves this turn.,,,,,,,"{'duration': 1, 'onTryHitPriority': 4}",,,,,wideguard,,,,,,,,,,,,,,,,,,,,,,,,,,,,,,,,,,,,,,,,
Wildbolt Storm,,847,80,100,Special,10,0,"{'protect': 1, 'mirror': 1, 'metronome': 1, 'wind': 1}",,allAdjacentFoes,Electric,,,"Has a 20% chance to paralyze the target. If the weather is Primordial Sea or Rain Dance, this move does not check accuracy. If this move is used against a Pokemon holding Utility Umbrella, this move's accuracy remains at 80%.",20% chance to paralyze foe(s). Rain: can't miss.,,,,,"{'chance': 20, 'status': 'par'}",,,,,,,,,,,,,,,,,,,,,,,,,,,,,,,,,,,,,,,,,,,,,,,
Wild Charge,,528,100,90,Physical,15,0,"{'contact': 1, 'protect': 1, 'mirror': 1, 'metronome': 1}",,normal,Electric,,Tough,"If the target lost HP, the user takes recoil damage equal to 1/4 the HP lost by the target, rounded half up, but not less than 1 HP.",Has 1/4 recoil.,,,,,,,,,,,,,,,,,,,"[1, 4]",,,,,,,,,,,,,,,,,,,,,,,,,,,,,,,,,
Will-O-Wisp,,261,85,0,Status,15,0,"{'protect': 1, 'reflectable': 1, 'mirror': 1, 'metronome': 1}",,normal,Fire,{'boost': {'atk': 1}},Beautiful,Burns the target.,Burns the target.,,,,,,,,,,,,,,,,,,,,,,,,,,brn,,,,,,,,,,,,,,,,,,,,,,,,,,
Wing Attack,,17,100,60,Physical,35,0,"{'contact': 1, 'protect': 1, 'mirror': 1, 'distance': 1, 'metronome': 1}",,any,Flying,,Cool,No additional effect.,No additional effect.,,,,,,,,,,,,,,,,,,,,,,,,,,,,,,,,,,,,,,,,,,,,,,,,,,,,
Wish,,273,TRUE,0,Status,10,0,"{'snatch': 1, 'heal': 1, 'metronome': 1}",,self,Normal,{'boost': {'spd': 1}},Cute,"At the end of the next turn, the Pokemon at the user's position has 1/2 of the user's maximum HP restored to it, rounded down. Fails if this move is already in effect for the user's position.","Next turn, 50% of the user's max HP is restored.",,,,,,,{'onResidualOrder': 4},,,,,,,,,,,,,,,,,,,,,,,,,,,,,,,,,,Wish,,,,,,,,,,,
Withdraw,,110,TRUE,0,Status,40,0,"{'snatch': 1, 'metronome': 1}",{'def': 1},self,Water,{'boost': {'def': 1}},Cute,Raises the user's Defense by 1 stage.,Raises the user's Defense by 1.,,,,,,,,,,,,,,,,,,,,,,,,,,,,,,,,,,,,,,,,,,,,,,,,,,,,
Wonder Room,,472,TRUE,0,Status,10,0,"{'mirror': 1, 'metronome': 1}",,all,Psychic,{'boost': {'spd': 1}},Clever,"For 5 turns, all active Pokemon have their Defense and Special Defense stats swapped. Stat stage changes are unaffected. If this move is used during the effect, the effect ends.","For 5 turns, all Defense and Sp. Def stats switch.",,,,,,,"{'duration': 5, 'onFieldResidualOrder': 27, 'onFieldResidualSubOrder': 5}",,,,,,,,,,,,,,,,,,,,,,,,,wonderroom,,,,,,,,,,,,,,,,,,,,
Wood Hammer,,452,100,120,Physical,15,0,"{'contact': 1, 'protect': 1, 'mirror': 1, 'metronome': 1}",,normal,Grass,,Tough,"If the target lost HP, the user takes recoil damage equal to 33% the HP lost by the target, rounded half up, but not less than 1 HP.",Has 33% recoil.,,,,,,,,,,,,,,,,,,,"[33, 100]",,,,,,,,,,,,,,,,,,,,,,,,,,,,,,,,,
Work Up,,526,TRUE,0,Status,30,0,"{'snatch': 1, 'metronome': 1}","{'atk': 1, 'spa': 1}",self,Normal,{'boost': {'atk': 1}},Tough,Raises the user's Attack and Special Attack by 1 stage.,Raises the user's Attack and Sp. Atk by 1.,,,,,,,,,,,,,,,,,,,,,,,,,,,,,,,,,,,,,,,,,,,,,,,,,,,,
Worry Seed,,388,100,0,Status,10,0,"{'protect': 1, 'reflectable': 1, 'mirror': 1, 'allyanim': 1, 'metronome': 1}",,normal,Grass,{'boost': {'spe': 1}},Clever,"Causes the target's Ability to become Insomnia. Fails if the target's Ability is As One, Battle Bond, Comatose, Disguise, Gulp Missile, Ice Face, Insomnia, Multitype, Power Construct, RKS System, Schooling, Shields Down, Stance Change, Tera Shift, Truant, Zen Mode, or Zero to Hero.",The target's Ability becomes Insomnia.,,,,,,,,,,,,,,,,,,,,,,,,,,,,,,,,,,,,,,,,,,,,,,,,,,,,
Wrap,,35,90,15,Physical,20,0,"{'contact': 1, 'protect': 1, 'mirror': 1, 'metronome': 1}",,normal,Normal,,Tough,"Prevents the target from switching for four or five turns (seven turns if the user is holding Grip Claw). Causes damage to the target equal to 1/8 of its maximum HP (1/6 if the user is holding Binding Band), rounded down, at the end of each turn during effect. The target can still switch out if it is holding Shed Shell or uses Baton Pass, Flip Turn, Parting Shot, Shed Tail, Teleport, U-turn, or Volt Switch. The effect ends if either the user or the target leaves the field, or if the target uses Mortal Spin, Rapid Spin, or Substitute successfully. This effect is not stackable or reset by using this or another binding move.",Traps and damages the target for 4-5 turns.,,,,,,,,partiallytrapped,,,,,,,,,,,,,,,,,,,,,,,,,,,,,,,,,,,,,,,,,,,,
Wring Out,,378,100,0,Special,5,0,"{'contact': 1, 'protect': 1, 'mirror': 1, 'metronome': 1}",,normal,Normal,{'basePower': 190},Tough,"Power is equal to 120 * (target's current HP / target's maximum HP), rounded half down, but not less than 1.",More power the more HP the target has left.,,,Past,,,TRUE,,,,,,,,,,,,{'basePower': 140},,,,,,,,,,,,,,,,,,,,,,,,,,,,,,,,,,
X-Scissor,,404,100,80,Physical,15,0,"{'contact': 1, 'protect': 1, 'mirror': 1, 'metronome': 1, 'slicing': 1}",,normal,Bug,,Cool,No additional effect.,No additional effect.,,,,,,,,,,,,,,,,,,,,,,,,,,,,,,,,,,,,,,,,,,,,,,,,,,,,
Yawn,,281,TRUE,0,Status,10,0,"{'protect': 1, 'reflectable': 1, 'mirror': 1, 'metronome': 1}",,normal,Normal,{'boost': {'spe': 1}},Cute,"Causes the target to fall asleep at the end of the next turn. Fails when used if the target cannot fall asleep or if it already has a non-volatile status condition. At the end of the next turn, if the target is still active, does not have a non-volatile status condition, and can fall asleep, it falls asleep. If the target becomes affected, this effect cannot be prevented by Safeguard or a substitute, or by falling asleep and waking up during the effect.",Puts the target to sleep after 1 turn.,,,,,,,"{'noCopy': True, 'duration': 2, 'onResidualOrder': 23}",yawn,,,,,,,,,,,,,,,,,,,,,,,,,,,,,,,,,,,,,,,,,,,,
Zap Cannon,,192,50,120,Special,5,0,"{'protect': 1, 'mirror': 1, 'metronome': 1, 'bullet': 1}",,normal,Electric,,Cool,Has a 100% chance to paralyze the target.,100% chance to paralyze the target.,,,,,"{'chance': 100, 'status': 'par'}",,,,,,,,,,,,,,,,,,,,,,,,,,,,,,,,,,,,,,,,,,,,,,,
Zen Headbutt,,428,90,80,Physical,15,0,"{'contact': 1, 'protect': 1, 'mirror': 1, 'metronome': 1}",,normal,Psychic,,Clever,Has a 20% chance to make the target flinch.,20% chance to make the target flinch.,,,,,"{'chance': 20, 'volatileStatus': 'flinch'}",,,,,,,,,,,,,,,,,,,,,,,,,,,,,,,,,,,,,,,,,,,,,,,
Zing Zap,,716,100,80,Physical,10,0,"{'contact': 1, 'protect': 1, 'mirror': 1, 'metronome': 1}",,normal,Electric,,Cool,Has a 30% chance to make the target flinch.,30% chance to make the target flinch.,,,,,"{'chance': 30, 'volatileStatus': 'flinch'}",,,,,,,,,,,,,,,,,,,,,,,,,,,,,,,,,,,,,,,,,,,,,,,
Zippy Zap,,729,100,80,Physical,10,2,"{'contact': 1, 'protect': 1, 'mirror': 1}",,normal,Electric,,Cool,Has a 100% chance to raise the user's evasion by 1 stage.,Goes first. Raises user's evasion by 1.,,,LGPE,,"{'chance': 100, 'self': {'boosts': {'evasion': 1}}}",,,,,,,,,,,,,,,,,,,,,,,,,,,,,,,,,,,,,,,,,,,,,,,
Paleo Wave,,-1,100,85,Special,15,0,"{'protect': 1, 'mirror': 1}",,normal,Rock,,Beautiful,Has a 20% chance to lower the target's Attack by 1 stage.,20% chance to lower the target's Attack by 1.,,,CAP,,"{'chance': 20, 'boosts': {'atk': -1}}",,,,,,,,,,,,,,,,,,,,,,,,,,,,,,,,,,,,,,,,,,,,,,,
Shadow Strike,,-2,95,80,Physical,10,0,"{'contact': 1, 'protect': 1, 'mirror': 1}",,normal,Ghost,,Clever,Has a 50% chance to lower the target's Defense by 1 stage.,50% chance to lower the target's Defense by 1.,,,CAP,,"{'chance': 50, 'boosts': {'def': -1}}",,,,,,,,,,,,,,,,,,,,,,,,,,,,,,,,,,,,,,,,,,,,,,,
Polar Flare,,-3,100,75,Special,10,0,"{'protect': 1, 'mirror': 1, 'defrost': 1, 'nosketch': 1}",,allAdjacentFoes,Fire,,Beautiful,"Has a 10% chance to freeze the target. This move cannot thaw a frozen target. If this move is successful on at least one target and the user is a Ramnarok, it changes to Radiant Forme if it is currently in Dormant Forme, or changes to Dormant Forme if it is currently in Radiant Forme. This forme change does not happen if the Ramnarok has the Sheer Force Ability. The Radiant Forme reverts to Dormant Forme when Ramnarok is not active.",10% chance to frz foe(s). Ramnarok transforms.,,,CAP,,"{'chance': 10, 'status': 'frz'}",,,,,,,,,,,,,,,,,,,,,,,,,,,,,,,,,,,,,,,,,,,,,,,
